State,District,Market,Variety,Crop,Arrivals_Tonnes,Min_Price,Max_Price,Modal_Price
Uttrakhand,Haridwar,Haridwar Union,Deshi,Tomato,6,3200,4200,3600
Uttrakhand,Haridwar,Haridwar Union,Deshi,Tomato,7,700,1000,800
Uttrakhand,Haridwar,Haridwar Union,Deshi,Tomato,7,800,1000,900
Uttrakhand,Haridwar,Haridwar Union,Deshi,Tomato,7,2000,2800,2400
Uttrakhand,Haridwar,Haridwar Union,Deshi,Tomato,8,600,800,700
Uttrakhand,Haridwar,Haridwar Union,Deshi,Tomato,8,700,800,750
Uttrakhand,Haridwar,Haridwar Union,Deshi,Tomato,8,700,850,800
Uttrakhand,Haridwar,Haridwar Union,Deshi,Tomato,8,700,1000,800
Uttrakhand,Haridwar,Haridwar Union,Deshi,Tomato,8,800,900,850
Uttrakhand,Haridwar,Haridwar Union,Deshi,Tomato,8,800,1100,900
Uttrakhand,Haridwar,Haridwar Union,Deshi,Tomato,8,800,1200,900
Uttrakhand,Haridwar,Haridwar Union,Deshi,Tomato,8,800,1200,1000
Uttrakhand,Haridwar,Haridwar Union,Deshi,Tomato,8,1000,1400,1200
Uttrakhand,Haridwar,Haridwar Union,Deshi,Tomato,8,1200,1400,1300
Uttrakhand,Haridwar,Haridwar Union,Deshi,Tomato,8,1200,1600,1400
Uttrakhand,Haridwar,Haridwar Union,Deshi,Tomato,8,1500,1800,1600
Uttrakhand,Haridwar,Haridwar Union,Deshi,Tomato,8,2000,2500,2200
Uttrakhand,Haridwar,Haridwar Union,Deshi,Tomato,8,2000,2500,2200
Uttrakhand,Haridwar,Haridwar Union,Deshi,Tomato,8,2000,2800,2400
Uttrakhand,Haridwar,Haridwar Union,Deshi,Tomato,8,2700,3600,3200
Uttrakhand,Haridwar,Haridwar Union,Deshi,Tomato,8,3200,4200,3600
Uttrakhand,Haridwar,Haridwar Union,Deshi,Tomato,8,600,700,650
Uttrakhand,Haridwar,Haridwar Union,Deshi,Tomato,8,700,1000,800
Uttrakhand,Haridwar,Haridwar Union,Deshi,Tomato,8,800,1200,900
Uttrakhand,Haridwar,Haridwar Union,Deshi,Tomato,8,900,1200,1000
Uttrakhand,Haridwar,Haridwar Union,Deshi,Tomato,8,900,1200,1000
Uttrakhand,Haridwar,Haridwar Union,Deshi,Tomato,8,1000,1200,1100
Uttrakhand,Haridwar,Haridwar Union,Deshi,Tomato,8,1000,1400,1200
Uttrakhand,Haridwar,Haridwar Union,Deshi,Tomato,8,1600,2000,1800
Uttrakhand,Haridwar,Haridwar Union,Deshi,Tomato,8,2000,2800,2400
Uttrakhand,Haridwar,Haridwar Union,Deshi,Tomato,9,600,800,700
Uttrakhand,Haridwar,Haridwar Union,Deshi,Tomato,9,900,1100,1000
Uttrakhand,Haridwar,Haridwar Union,Deshi,Tomato,9,1000,1200,1100
Uttrakhand,Haridwar,Haridwar Union,Deshi,Tomato,9,1100,1300,1200
Uttrakhand,Haridwar,Haridwar Union,Deshi,Tomato,9,1400,1600,1500
Uttrakhand,Haridwar,Haridwar Union,Deshi,Tomato,9,600,800,700
Uttrakhand,Haridwar,Haridwar Union,Deshi,Tomato,9,700,800,750
Uttrakhand,Haridwar,Haridwar Union,Deshi,Tomato,9,1000,1200,1100
Uttrakhand,Haridwar,Haridwar Union,Deshi,Tomato,11,600,800,650
Uttrakhand,Haridwar,Haridwar Union,Deshi,Tomato,11,600,800,700
Uttrakhand,Haridwar,Haridwar Union,Deshi,Tomato,11,600,800,700
Uttrakhand,Haridwar,Haridwar Union,Deshi,Tomato,11,600,800,700
Uttrakhand,Haridwar,Haridwar Union,Deshi,Tomato,11,600,800,700
Uttrakhand,Haridwar,Haridwar Union,Deshi,Tomato,11,600,850,700
Uttrakhand,Haridwar,Haridwar Union,Deshi,Tomato,11,700,800,750
Uttrakhand,Haridwar,Haridwar Union,Deshi,Tomato,11,700,850,800
Uttrakhand,Haridwar,Haridwar Union,Deshi,Tomato,11,700,900,800
Uttrakhand,Haridwar,Haridwar Union,Deshi,Tomato,11,700,900,800
Uttrakhand,Haridwar,Haridwar Union,Deshi,Tomato,11,700,900,800
Uttrakhand,Haridwar,Haridwar Union,Deshi,Tomato,11,700,1000,800
Uttrakhand,Haridwar,Haridwar Union,Deshi,Tomato,11,700,1000,800
Uttrakhand,Haridwar,Haridwar Union,Deshi,Tomato,11,800,1000,900
Uttrakhand,Haridwar,Haridwar Union,Deshi,Tomato,11,1000,1200,1100
Uttrakhand,Haridwar,Haridwar Union,Deshi,Tomato,11,1200,1400,1300
Uttrakhand,Haridwar,Haridwar Union,Deshi,Tomato,11,1200,1500,1400
Uttrakhand,Haridwar,Haridwar Union,Deshi,Tomato,11,1200,1600,1400
Uttrakhand,Haridwar,Haridwar Union,Deshi,Tomato,11,1200,1600,1400
Uttrakhand,Haridwar,Haridwar Union,Deshi,Tomato,11,1400,2000,1600
Uttrakhand,Haridwar,Haridwar Union,Deshi,Tomato,11,1600,2000,1800
Uttrakhand,Haridwar,Haridwar Union,Deshi,Tomato,11,1800,2200,2000
Uttrakhand,Haridwar,Haridwar Union,Deshi,Tomato,11,2000,2300,2200
Uttrakhand,Haridwar,Haridwar Union,Deshi,Tomato,11,2000,2400,2200
Uttrakhand,Haridwar,Haridwar Union,Deshi,Tomato,11,2400,3000,2600
Uttrakhand,Haridwar,Haridwar Union,Deshi,Tomato,11,3000,4200,3600
Uttrakhand,Haridwar,Haridwar Union,Deshi,Tomato,11,800,1200,1000
Uttrakhand,Haridwar,Haridwar Union,Deshi,Tomato,12,600,700,650
Uttrakhand,Haridwar,Haridwar Union,Deshi,Tomato,12,600,800,700
Uttrakhand,Haridwar,Haridwar Union,Deshi,Tomato,12,600,800,700
Uttrakhand,Haridwar,Haridwar Union,Deshi,Tomato,12,600,800,700
Uttrakhand,Haridwar,Haridwar Union,Deshi,Tomato,12,600,800,700
Uttrakhand,Haridwar,Haridwar Union,Deshi,Tomato,12,600,800,700
Uttrakhand,Haridwar,Haridwar Union,Deshi,Tomato,12,600,800,700
Uttrakhand,Haridwar,Haridwar Union,Deshi,Tomato,12,600,800,700
Uttrakhand,Haridwar,Haridwar Union,Deshi,Tomato,12,600,900,700
Uttrakhand,Haridwar,Haridwar Union,Deshi,Tomato,12,600,1000,800
Uttrakhand,Haridwar,Haridwar Union,Deshi,Tomato,12,700,900,800
Uttrakhand,Haridwar,Haridwar Union,Deshi,Tomato,12,700,900,800
Uttrakhand,Haridwar,Haridwar Union,Deshi,Tomato,12,800,900,850
Uttrakhand,Haridwar,Haridwar Union,Deshi,Tomato,12,800,1000,900
Uttrakhand,Haridwar,Haridwar Union,Deshi,Tomato,12,800,1000,900
Uttrakhand,Haridwar,Haridwar Union,Deshi,Tomato,12,800,1100,900
Uttrakhand,Haridwar,Haridwar Union,Deshi,Tomato,12,800,1200,1000
Uttrakhand,Haridwar,Haridwar Union,Deshi,Tomato,12,1000,1200,1100
Uttrakhand,Haridwar,Haridwar Union,Deshi,Tomato,12,1000,1400,1200
Uttrakhand,Haridwar,Haridwar Union,Deshi,Tomato,12,1200,1600,1400
Uttrakhand,Haridwar,Haridwar Union,Deshi,Tomato,12,2000,2400,2200
Uttrakhand,Haridwar,Haridwar Union,Deshi,Tomato,12,700,1000,800
Uttrakhand,Haridwar,Haridwar Union,Deshi,Tomato,13,600,800,700
Uttrakhand,Haridwar,Haridwar Union,Deshi,Tomato,14,600,700,650
Uttrakhand,Haridwar,Haridwar Union,Deshi,Tomato,14,600,850,750
Uttrakhand,Haridwar,Haridwar Union,Deshi,Tomato,14,700,900,750
Uttrakhand,Haridwar,Haridwar Union,Deshi,Tomato,14,700,900,850
Uttrakhand,Haridwar,Haridwar Union,Deshi,Tomato,14,800,1000,900
Uttrakhand,Haridwar,Haridwar Union,Deshi,Tomato,14,800,1000,900
Uttrakhand,Haridwar,Haridwar Union,Deshi,Tomato,14,1000,1200,1100
Uttrakhand,Haridwar,Haridwar Union,Deshi,Tomato,14,600,800,700
Uttrakhand,Haridwar,Haridwar Union,Deshi,Tomato,14,600,800,700
Uttrakhand,Haridwar,Haridwar Union,Deshi,Tomato,14,700,800,750
Uttrakhand,Haridwar,Haridwar Union,Deshi,Tomato,48,1000,1200,1100
Uttrakhand,Haridwar,Haridwar Union,Hybrid,Tomato,4,2500,3500,3000
Uttrakhand,Haridwar,Haridwar Union,Hybrid,Tomato,4,1400,2100,1800
Uttrakhand,Haridwar,Haridwar Union,Hybrid,Tomato,4,1600,2500,2000
Uttrakhand,Haridwar,Haridwar Union,Hybrid,Tomato,4,1800,2500,2000
Uttrakhand,Haridwar,Haridwar Union,Hybrid,Tomato,4,2000,3000,2500
Uttrakhand,Haridwar,Haridwar Union,Hybrid,Tomato,4,3000,4500,4000
Uttrakhand,Haridwar,Haridwar Union,Hybrid,Tomato,4,3500,4500,3800
Uttrakhand,Haridwar,Haridwar Union,Hybrid,Tomato,4,4000,4500,4200
Uttrakhand,Haridwar,Haridwar Union,Hybrid,Tomato,4,4500,6500,5500
Uttrakhand,Haridwar,Haridwar Union,Hybrid,Tomato,5,1600,2400,2000
Uttrakhand,Haridwar,Haridwar Union,Hybrid,Tomato,5,1600,2500,2000
Uttrakhand,Haridwar,Haridwar Union,Hybrid,Tomato,5,2500,3000,2600
Uttrakhand,Haridwar,Haridwar Union,Hybrid,Tomato,5,3000,4000,3500
Uttrakhand,Haridwar,Haridwar Union,Hybrid,Tomato,5,3000,4000,3500
Uttrakhand,Haridwar,Haridwar Union,Hybrid,Tomato,5,3000,4000,3500
Uttrakhand,Haridwar,Haridwar Union,Hybrid,Tomato,5,3500,4500,4000
Uttrakhand,Haridwar,Haridwar Union,Hybrid,Tomato,5,3500,5500,4500
Uttrakhand,Haridwar,Haridwar Union,Hybrid,Tomato,5,1800,2500,2000
Uttrakhand,Haridwar,Haridwar Union,Hybrid,Tomato,5,1500,2500,2000
Uttrakhand,Haridwar,Haridwar Union,Hybrid,Tomato,5,1600,2200,1800
Uttrakhand,Haridwar,Haridwar Union,Hybrid,Tomato,5,2000,3000,2500
Uttrakhand,Haridwar,Haridwar Union,Hybrid,Tomato,5,2000,3300,3000
Uttrakhand,Haridwar,Haridwar Union,Hybrid,Tomato,5,2000,3500,2500
Uttrakhand,Haridwar,Haridwar Union,Hybrid,Tomato,5,2500,3500,3000
Uttrakhand,Haridwar,Haridwar Union,Hybrid,Tomato,5,1500,2000,1800
Uttrakhand,Haridwar,Haridwar Union,Hybrid,Tomato,5,1600,2000,1800
Uttrakhand,Haridwar,Haridwar Union,Hybrid,Tomato,5,3000,4000,3500
Uttrakhand,Haridwar,Haridwar Union,Hybrid,Tomato,6,1500,2000,1800
Uttrakhand,Haridwar,Haridwar Union,Hybrid,Tomato,6,1500,2200,1800
Uttrakhand,Haridwar,Haridwar Union,Hybrid,Tomato,6,1500,2400,1800
Uttrakhand,Haridwar,Haridwar Union,Hybrid,Tomato,6,1600,2500,2000
Uttrakhand,Haridwar,Haridwar Union,Hybrid,Tomato,6,2000,3000,2500
Uttrakhand,Haridwar,Haridwar Union,Hybrid,Tomato,6,2000,3000,2500
Uttrakhand,Haridwar,Haridwar Union,Hybrid,Tomato,6,2000,3000,2500
Uttrakhand,Haridwar,Haridwar Union,Hybrid,Tomato,6,2000,3500,2500
Uttrakhand,Haridwar,Haridwar Union,Hybrid,Tomato,6,2400,3000,2800
Uttrakhand,Haridwar,Haridwar Union,Hybrid,Tomato,6,2400,3200,2800
Uttrakhand,Haridwar,Haridwar Union,Hybrid,Tomato,6,2400,3400,3000
Uttrakhand,Haridwar,Haridwar Union,Hybrid,Tomato,6,2500,3000,2800
Uttrakhand,Haridwar,Haridwar Union,Hybrid,Tomato,6,2500,3000,2800
Uttrakhand,Haridwar,Haridwar Union,Hybrid,Tomato,6,2500,3000,2800
Uttrakhand,Haridwar,Haridwar Union,Hybrid,Tomato,6,2500,3200,2800
Uttrakhand,Haridwar,Haridwar Union,Hybrid,Tomato,6,2500,3500,2800
Uttrakhand,Haridwar,Haridwar Union,Hybrid,Tomato,6,2500,3500,3000
Uttrakhand,Haridwar,Haridwar Union,Hybrid,Tomato,6,2500,3500,3000
Uttrakhand,Haridwar,Haridwar Union,Hybrid,Tomato,6,2500,3600,3200
Uttrakhand,Haridwar,Haridwar Union,Hybrid,Tomato,6,2800,3800,3200
Uttrakhand,Haridwar,Haridwar Union,Hybrid,Tomato,6,2800,3800,3200
Uttrakhand,Haridwar,Haridwar Union,Hybrid,Tomato,6,3000,4000,3500
Uttrakhand,Haridwar,Haridwar Union,Hybrid,Tomato,6,3000,4500,3500
Uttrakhand,Haridwar,Haridwar Union,Hybrid,Tomato,6,3000,4500,3800
Uttrakhand,Haridwar,Haridwar Union,Hybrid,Tomato,6,3500,5000,4000
Uttrakhand,Haridwar,Haridwar Union,Hybrid,Tomato,6,5000,6500,6000
Uttrakhand,Haridwar,Haridwar Union,Hybrid,Tomato,6,1400,2100,1800
Uttrakhand,Haridwar,Haridwar Union,Hybrid,Tomato,6,1500,2000,1800
Uttrakhand,Haridwar,Haridwar Union,Hybrid,Tomato,6,1500,2400,1800
Uttrakhand,Haridwar,Haridwar Union,Hybrid,Tomato,6,1600,2100,1800
Uttrakhand,Haridwar,Haridwar Union,Hybrid,Tomato,6,1600,3000,2000
Uttrakhand,Haridwar,Haridwar Union,Hybrid,Tomato,6,1600,3000,2200
Uttrakhand,Haridwar,Haridwar Union,Hybrid,Tomato,6,1800,2500,2100
Uttrakhand,Haridwar,Haridwar Union,Hybrid,Tomato,6,1800,2600,2100
Uttrakhand,Haridwar,Haridwar Union,Hybrid,Tomato,6,2000,2500,2200
Uttrakhand,Haridwar,Haridwar Union,Hybrid,Tomato,6,2000,2600,2400
Uttrakhand,Haridwar,Haridwar Union,Hybrid,Tomato,6,2000,3000,2400
Uttrakhand,Haridwar,Haridwar Union,Hybrid,Tomato,6,2000,3500,2500
Uttrakhand,Haridwar,Haridwar Union,Hybrid,Tomato,6,2500,3000,2800
Uttrakhand,Haridwar,Haridwar Union,Hybrid,Tomato,6,2500,3000,2800
Uttrakhand,Haridwar,Haridwar Union,Hybrid,Tomato,6,2500,3200,2800
Uttrakhand,Haridwar,Haridwar Union,Hybrid,Tomato,6,2500,3500,3000
Uttrakhand,Haridwar,Haridwar Union,Hybrid,Tomato,6,2500,3500,3000
Uttrakhand,Haridwar,Haridwar Union,Hybrid,Tomato,6,2500,3500,3000
Uttrakhand,Haridwar,Haridwar Union,Hybrid,Tomato,6,2500,3500,3200
Uttrakhand,Haridwar,Haridwar Union,Hybrid,Tomato,6,2500,4500,3500
Uttrakhand,Haridwar,Haridwar Union,Hybrid,Tomato,6,3000,4000,3500
Uttrakhand,Haridwar,Haridwar Union,Hybrid,Tomato,6,4000,5500,5000
Uttrakhand,Haridwar,Haridwar Union,Hybrid,Tomato,7,800,1200,1000
Uttrakhand,Haridwar,Haridwar Union,Hybrid,Tomato,7,1600,2500,1800
Uttrakhand,Haridwar,Haridwar Union,Hybrid,Tomato,7,2000,2600,2400
Uttrakhand,Haridwar,Haridwar Union,Hybrid,Tomato,7,2000,3000,2500
Uttrakhand,Haridwar,Haridwar Union,Hybrid,Tomato,7,2500,3200,2800
Uttrakhand,Haridwar,Haridwar Union,Hybrid,Tomato,7,2500,3500,3000
Uttrakhand,Haridwar,Haridwar Union,Hybrid,Tomato,7,2500,3500,3000
Uttrakhand,Haridwar,Haridwar Union,Hybrid,Tomato,7,2500,4000,3000
Uttrakhand,Haridwar,Haridwar Union,Hybrid,Tomato,7,2850,4000,3000
Uttrakhand,Haridwar,Haridwar Union,Hybrid,Tomato,7,3000,4000,3400
Uttrakhand,Haridwar,Haridwar Union,Hybrid,Tomato,7,3000,4000,3500
Uttrakhand,Haridwar,Haridwar Union,Hybrid,Tomato,7,3000,4000,3500
Uttrakhand,Haridwar,Haridwar Union,Hybrid,Tomato,7,3500,4500,4000
Uttrakhand,Haridwar,Haridwar Union,Hybrid,Tomato,7,3500,4500,4000
Uttrakhand,Haridwar,Haridwar Union,Hybrid,Tomato,7,800,1200,900
Uttrakhand,Haridwar,Haridwar Union,Hybrid,Tomato,7,850,1200,950
Uttrakhand,Haridwar,Haridwar Union,Hybrid,Tomato,7,1500,2000,1800
Uttrakhand,Haridwar,Haridwar Union,Hybrid,Tomato,7,1500,2200,1800
Uttrakhand,Haridwar,Haridwar Union,Hybrid,Tomato,7,1600,2800,2000
Uttrakhand,Haridwar,Haridwar Union,Hybrid,Tomato,7,2000,2500,2200
Uttrakhand,Haridwar,Haridwar Union,Hybrid,Tomato,7,2500,3500,3000
Uttrakhand,Haridwar,Haridwar Union,Hybrid,Tomato,7,2500,3500,3000
Uttrakhand,Haridwar,Haridwar Union,Hybrid,Tomato,7,3000,4500,3500
Uttrakhand,Haridwar,Haridwar Union,Hybrid,Tomato,8,600,900,800
Uttrakhand,Haridwar,Haridwar Union,Hybrid,Tomato,8,700,1000,800
Uttrakhand,Haridwar,Haridwar Union,Hybrid,Tomato,8,700,1200,900
Uttrakhand,Haridwar,Haridwar Union,Hybrid,Tomato,8,750,1050,850
Uttrakhand,Haridwar,Haridwar Union,Hybrid,Tomato,8,900,1200,1000
Uttrakhand,Haridwar,Haridwar Union,Hybrid,Tomato,8,1000,1200,1100
Uttrakhand,Haridwar,Haridwar Union,Hybrid,Tomato,8,1000,1400,1200
Uttrakhand,Haridwar,Haridwar Union,Hybrid,Tomato,8,1000,1400,1200
Uttrakhand,Haridwar,Haridwar Union,Hybrid,Tomato,8,1400,1800,1600
Uttrakhand,Haridwar,Haridwar Union,Hybrid,Tomato,8,1400,1800,1600
Uttrakhand,Haridwar,Haridwar Union,Hybrid,Tomato,8,1600,2200,1800
Uttrakhand,Haridwar,Haridwar Union,Hybrid,Tomato,8,2000,2600,2400
Uttrakhand,Haridwar,Haridwar Union,Hybrid,Tomato,8,2000,3500,2500
Uttrakhand,Haridwar,Haridwar Union,Hybrid,Tomato,8,2000,3500,2500
Uttrakhand,Haridwar,Haridwar Union,Hybrid,Tomato,8,2000,3500,2500
Uttrakhand,Haridwar,Haridwar Union,Hybrid,Tomato,8,2400,3000,2600
Uttrakhand,Haridwar,Haridwar Union,Hybrid,Tomato,8,2500,3200,2800
Uttrakhand,Haridwar,Haridwar Union,Hybrid,Tomato,8,2500,3500,3000
Uttrakhand,Haridwar,Haridwar Union,Hybrid,Tomato,8,2500,3500,3000
Uttrakhand,Haridwar,Haridwar Union,Hybrid,Tomato,8,2500,3500,3000
Uttrakhand,Haridwar,Haridwar Union,Hybrid,Tomato,8,3000,4000,3500
Uttrakhand,Haridwar,Haridwar Union,Hybrid,Tomato,8,3500,4500,4000
Uttrakhand,Haridwar,Haridwar Union,Hybrid,Tomato,8,1500,2500,2000
Uttrakhand,Haridwar,Haridwar Union,Hybrid,Tomato,8,700,1000,800
Uttrakhand,Haridwar,Haridwar Union,Hybrid,Tomato,8,700,1000,800
Uttrakhand,Haridwar,Haridwar Union,Hybrid,Tomato,8,800,1200,900
Uttrakhand,Haridwar,Haridwar Union,Hybrid,Tomato,8,800,1200,1000
Uttrakhand,Haridwar,Haridwar Union,Hybrid,Tomato,8,900,1400,1200
Uttrakhand,Haridwar,Haridwar Union,Hybrid,Tomato,8,1000,1200,1100
Uttrakhand,Haridwar,Haridwar Union,Hybrid,Tomato,8,1000,1300,1200
Uttrakhand,Haridwar,Haridwar Union,Hybrid,Tomato,8,1200,1400,1250
Uttrakhand,Haridwar,Haridwar Union,Hybrid,Tomato,8,1600,2600,2000
Uttrakhand,Haridwar,Haridwar Union,Hybrid,Tomato,8,1800,2600,2200
Uttrakhand,Haridwar,Haridwar Union,Hybrid,Tomato,8,2000,3000,2500
Uttrakhand,Haridwar,Haridwar Union,Hybrid,Tomato,8,2000,3000,2500
Uttrakhand,Haridwar,Haridwar Union,Hybrid,Tomato,8,2200,3000,2600
Uttrakhand,Haridwar,Haridwar Union,Hybrid,Tomato,8,2800,3800,3200
Uttrakhand,Haridwar,Haridwar Union,Hybrid,Tomato,9,700,1000,800
Uttrakhand,Haridwar,Haridwar Union,Hybrid,Tomato,9,1000,1300,1200
Uttrakhand,Haridwar,Haridwar Union,Hybrid,Tomato,9,1600,2000,1800
Uttrakhand,Haridwar,Haridwar Union,Hybrid,Tomato,9,800,1000,900
Uttrakhand,Haridwar,Haridwar Union,Hybrid,Tomato,9,800,1200,1000
Uttrakhand,Haridwar,Haridwar Union,Hybrid,Tomato,9,1000,1300,1200
Uttrakhand,Haridwar,Haridwar Union,Hybrid,Tomato,9,2000,3500,2800
Uttrakhand,Haridwar,Haridwar Union,Hybrid,Tomato,9,2000,3500,2800
Uttrakhand,Haridwar,Haridwar Union,Hybrid,Tomato,11,600,800,650
Uttrakhand,Haridwar,Haridwar Union,Hybrid,Tomato,11,600,800,700
Uttrakhand,Haridwar,Haridwar Union,Hybrid,Tomato,11,600,900,700
Uttrakhand,Haridwar,Haridwar Union,Hybrid,Tomato,11,600,1000,800
Uttrakhand,Haridwar,Haridwar Union,Hybrid,Tomato,11,700,1200,800
Uttrakhand,Haridwar,Haridwar Union,Hybrid,Tomato,11,800,1200,900
Uttrakhand,Haridwar,Haridwar Union,Hybrid,Tomato,11,800,1200,900
Uttrakhand,Haridwar,Haridwar Union,Hybrid,Tomato,11,800,1200,1000
Uttrakhand,Haridwar,Haridwar Union,Hybrid,Tomato,11,800,1200,1000
Uttrakhand,Haridwar,Haridwar Union,Hybrid,Tomato,11,800,1200,1000
Uttrakhand,Haridwar,Haridwar Union,Hybrid,Tomato,11,800,1300,1000
Uttrakhand,Haridwar,Haridwar Union,Hybrid,Tomato,11,800,1300,1000
Uttrakhand,Haridwar,Haridwar Union,Hybrid,Tomato,11,1000,1200,1100
Uttrakhand,Haridwar,Haridwar Union,Hybrid,Tomato,11,1000,1200,1100
Uttrakhand,Haridwar,Haridwar Union,Hybrid,Tomato,11,1000,1200,1100
Uttrakhand,Haridwar,Haridwar Union,Hybrid,Tomato,11,1000,1200,1100
Uttrakhand,Haridwar,Haridwar Union,Hybrid,Tomato,11,1000,1400,1200
Uttrakhand,Haridwar,Haridwar Union,Hybrid,Tomato,11,1000,1400,1200
Uttrakhand,Haridwar,Haridwar Union,Hybrid,Tomato,11,1200,1300,1250
Uttrakhand,Haridwar,Haridwar Union,Hybrid,Tomato,11,1200,2000,1400
Uttrakhand,Haridwar,Haridwar Union,Hybrid,Tomato,11,1400,2000,1600
Uttrakhand,Haridwar,Haridwar Union,Hybrid,Tomato,11,1400,2000,1800
Uttrakhand,Haridwar,Haridwar Union,Hybrid,Tomato,11,1600,2000,1800
Uttrakhand,Haridwar,Haridwar Union,Hybrid,Tomato,11,1600,2000,1800
Uttrakhand,Haridwar,Haridwar Union,Hybrid,Tomato,11,2000,2600,2400
Uttrakhand,Haridwar,Haridwar Union,Hybrid,Tomato,11,2000,3200,2800
Uttrakhand,Haridwar,Haridwar Union,Hybrid,Tomato,11,2200,2600,2400
Uttrakhand,Haridwar,Haridwar Union,Hybrid,Tomato,11,2200,2800,2500
Uttrakhand,Haridwar,Haridwar Union,Hybrid,Tomato,11,2200,3000,2500
Uttrakhand,Haridwar,Haridwar Union,Hybrid,Tomato,11,2400,2800,2400
Uttrakhand,Haridwar,Haridwar Union,Hybrid,Tomato,11,2500,4000,3500
Uttrakhand,Haridwar,Haridwar Union,Hybrid,Tomato,11,3500,4700,4000
Uttrakhand,Haridwar,Haridwar Union,Hybrid,Tomato,11,3500,4700,4200
Uttrakhand,Haridwar,Haridwar Union,Hybrid,Tomato,11,1000,1400,1200
Uttrakhand,Haridwar,Haridwar Union,Hybrid,Tomato,12,600,800,700
Uttrakhand,Haridwar,Haridwar Union,Hybrid,Tomato,12,600,800,700
Uttrakhand,Haridwar,Haridwar Union,Hybrid,Tomato,12,650,800,700
Uttrakhand,Haridwar,Haridwar Union,Hybrid,Tomato,12,700,900,800
Uttrakhand,Haridwar,Haridwar Union,Hybrid,Tomato,12,700,1000,800
Uttrakhand,Haridwar,Haridwar Union,Hybrid,Tomato,12,700,1000,800
Uttrakhand,Haridwar,Haridwar Union,Hybrid,Tomato,12,700,1000,800
Uttrakhand,Haridwar,Haridwar Union,Hybrid,Tomato,12,700,1000,850
Uttrakhand,Haridwar,Haridwar Union,Hybrid,Tomato,12,800,1200,1000
Uttrakhand,Haridwar,Haridwar Union,Hybrid,Tomato,12,800,1200,1000
Uttrakhand,Haridwar,Haridwar Union,Hybrid,Tomato,12,800,1200,1000
Uttrakhand,Haridwar,Haridwar Union,Hybrid,Tomato,12,800,1200,1000
Uttrakhand,Haridwar,Haridwar Union,Hybrid,Tomato,12,900,1200,1000
Uttrakhand,Haridwar,Haridwar Union,Hybrid,Tomato,12,900,1200,1000
Uttrakhand,Haridwar,Haridwar Union,Hybrid,Tomato,12,1000,1200,1100
Uttrakhand,Haridwar,Haridwar Union,Hybrid,Tomato,12,1000,1200,1100
Uttrakhand,Haridwar,Haridwar Union,Hybrid,Tomato,12,1000,1200,1100
Uttrakhand,Haridwar,Haridwar Union,Hybrid,Tomato,12,1000,1300,1100
Uttrakhand,Haridwar,Haridwar Union,Hybrid,Tomato,12,1000,1300,1200
Uttrakhand,Haridwar,Haridwar Union,Hybrid,Tomato,12,1000,1300,1200
Uttrakhand,Haridwar,Haridwar Union,Hybrid,Tomato,12,1000,1300,1200
Uttrakhand,Haridwar,Haridwar Union,Hybrid,Tomato,12,1000,1400,1200
Uttrakhand,Haridwar,Haridwar Union,Hybrid,Tomato,12,1000,1400,1200
Uttrakhand,Haridwar,Haridwar Union,Hybrid,Tomato,12,1000,1500,1100
Uttrakhand,Haridwar,Haridwar Union,Hybrid,Tomato,12,1000,1500,1200
Uttrakhand,Haridwar,Haridwar Union,Hybrid,Tomato,12,1000,1500,1200
Uttrakhand,Haridwar,Haridwar Union,Hybrid,Tomato,12,1100,1500,1300
Uttrakhand,Haridwar,Haridwar Union,Hybrid,Tomato,12,1600,2200,2000
Uttrakhand,Haridwar,Haridwar Union,Hybrid,Tomato,12,2000,4000,3000
Uttrakhand,Haridwar,Haridwar Union,Hybrid,Tomato,12,2500,2800,2700
Uttrakhand,Haridwar,Haridwar Union,Hybrid,Tomato,12,1000,1500,1200
Uttrakhand,Haridwar,Haridwar Union,Hybrid,Tomato,12,1000,1500,1200
Uttrakhand,Haridwar,Haridwar Union,Hybrid,Tomato,12,2000,2800,2500
Uttrakhand,Haridwar,Haridwar Union,Hybrid,Tomato,13,700,1000,800
Uttrakhand,Haridwar,Haridwar Union,Hybrid,Tomato,14,800,900,850
Uttrakhand,Haridwar,Haridwar Union,Hybrid,Tomato,14,800,1000,850
Uttrakhand,Haridwar,Haridwar Union,Hybrid,Tomato,14,1000,1400,1200
Uttrakhand,Haridwar,Haridwar Union,Hybrid,Tomato,14,1000,1500,1200
Uttrakhand,Haridwar,Haridwar Union,Hybrid,Tomato,14,1100,1500,1200
Uttrakhand,Haridwar,Haridwar Union,Hybrid,Tomato,14,2000,2800,2400
Uttrakhand,Haridwar,Haridwar Union,Hybrid,Tomato,14,700,900,750
Uttrakhand,Haridwar,Haridwar Union,Hybrid,Tomato,14,800,1100,900
Uttrakhand,Haridwar,Haridwar Union,Hybrid,Tomato,14,800,1200,1000
Uttrakhand,Haridwar,Haridwar Union,Hybrid,Tomato,14,1000,1400,1200
Uttrakhand,Haridwar,Haridwar Union,Tomato,Tomato,5,800,1500,1200
Uttrakhand,Haridwar,Haridwar Union,Tomato,Tomato,6,700,1000,800
Uttrakhand,Haridwar,Haridwar Union,Tomato,Tomato,7,600,1000,700
Uttrakhand,Haridwar,Haridwar Union,Tomato,Tomato,8,500,650,600
Uttrakhand,Haridwar,Haridwar Union,Tomato,Tomato,8,600,1000,700
Uttrakhand,Haridwar,Haridwar Union,Tomato,Tomato,8,800,1000,900
Uttrakhand,Haridwar,Haridwar Union,Tomato,Tomato,8,600,1000,700
Uttrakhand,Haridwar,Haridwar Union,Tomato,Tomato,8,700,1000,800
Uttrakhand,Haridwar,Haridwar Union,Tomato,Tomato,9,600,800,700
Uttrakhand,Haridwar,Haridwar Union,Tomato,Tomato,9,600,1000,800
Uttrakhand,Haridwar,Haridwar Union,Tomato,Tomato,9,700,1000,850
Uttrakhand,Haridwar,Haridwar Union,Tomato,Tomato,9,800,1000,900
Uttrakhand,Haridwar,Haridwar Union,Tomato,Tomato,11,500,700,600
Uttrakhand,Haridwar,Haridwar Union,Tomato,Tomato,11,500,700,600
Uttrakhand,Haridwar,Haridwar Union,Tomato,Tomato,11,500,700,600
Uttrakhand,Haridwar,Haridwar Union,Tomato,Tomato,11,600,800,700
Uttrakhand,Haridwar,Haridwar Union,Tomato,Tomato,11,600,850,750
Uttrakhand,Haridwar,Haridwar Union,Tomato,Tomato,11,600,900,800
Uttrakhand,Haridwar,Haridwar Union,Tomato,Tomato,11,600,1000,700
Uttrakhand,Haridwar,Haridwar Union,Tomato,Tomato,11,700,900,800
Uttrakhand,Haridwar,Haridwar Union,Tomato,Tomato,12,600,1000,700
Uttrakhand,Haridwar,Haridwar Union,Tomato,Tomato,12,700,1000,800
Uttrakhand,Haridwar,Haridwar Union,Tomato,Tomato,12,700,1200,850
Punjab,Ludhiana,Khanna,Other,Tomato,5,2500,3500,3000
Punjab,Ludhiana,Khanna,Other,Tomato,6,1000,2000,1500
Punjab,Ludhiana,Khanna,Other,Tomato,6,1600,2500,2000
Punjab,Ludhiana,Khanna,Other,Tomato,6,1000,1500,1200
Punjab,Ludhiana,Khanna,Other,Tomato,7,2000,4000,2500
Punjab,Ludhiana,Khanna,Other,Tomato,7,2000,3000,2500
Punjab,Ludhiana,Khanna,Other,Tomato,7,1000,1500,1200
Punjab,Ludhiana,Khanna,Other,Tomato,7,1000,1500,1200
Punjab,Ludhiana,Khanna,Other,Tomato,8,1800,3000,2400
Punjab,Ludhiana,Khanna,Other,Tomato,9,3000,4500,4000
Punjab,Ludhiana,Khanna,Other,Tomato,9,3500,7000,4500
Punjab,Ludhiana,Khanna,Other,Tomato,10,1000,3000,2000
Punjab,Ludhiana,Khanna,Other,Tomato,12,1200,2000,1500
Punjab,Ludhiana,Khanna,Other,Tomato,15,1000,2000,1500
Punjab,Ludhiana,Khanna,Other,Tomato,15,1000,1500,1200
Punjab,Ludhiana,Khanna,Other,Tomato,16,1000,2000,1500
Punjab,Ludhiana,Khanna,Other,Tomato,25,400,700,600
Punjab,Ludhiana,Khanna,Other,Tomato,4,2000,0,2500
Punjab,Ludhiana,Khanna,Other,Tomato,4,800,1500,1000
Punjab,Ludhiana,Khanna,Other,Tomato,5,2000,3500,2500
Punjab,Ludhiana,Khanna,Other,Tomato,6,1000,2000,1800
Punjab,Ludhiana,Khanna,Other,Tomato,7,800,1500,1000
Punjab,Ludhiana,Khanna,Other,Tomato,8,1000,2000,1500
Punjab,Ludhiana,Khanna,Other,Tomato,9,1000,1500,1200
Punjab,Ludhiana,Khanna,Other,Tomato,9,1800,3000,2400
Punjab,Ludhiana,Khanna,Other,Tomato,10,1000,1500,1200
Punjab,Ludhiana,Khanna,Other,Tomato,10,1000,2000,1500
Punjab,Ludhiana,Khanna,Other,Tomato,12,1000,1500,1200
Punjab,Ludhiana,Khanna,Other,Tomato,14,1200,2000,1500
Punjab,Ludhiana,Khanna,Other,Tomato,15,2000,3000,2500
Punjab,Ludhiana,Khanna,Other,Tomato,6,1000,1500,1300
Punjab,Ludhiana,Khanna,Other,Tomato,7,2000,4000,3000
Punjab,Ludhiana,Khanna,Other,Tomato,8,1000,1500,1200
Punjab,Ludhiana,Khanna,Other,Tomato,8,1000,1500,1200
Punjab,Ludhiana,Khanna,Other,Tomato,8,2500,3500,3000
Punjab,Ludhiana,Khanna,Other,Tomato,9,1000,3000,2000
Punjab,Ludhiana,Khanna,Other,Tomato,9,800,1500,1000
Punjab,Ludhiana,Khanna,Other,Tomato,10,1000,1500,1200
Punjab,Ludhiana,Khanna,Other,Tomato,12,1000,2000,1500
Punjab,Ludhiana,Khanna,Other,Tomato,16,1000,1500,1200
Punjab,Ludhiana,Khanna,Other,Tomato,23,2000,2500,2200
Punjab,Ludhiana,Khanna,Other,Tomato,3,1200,2000,1500
Punjab,Ludhiana,Khanna,Other,Tomato,9,2000,4000,3000
Punjab,Ludhiana,Khanna,Other,Tomato,10,2000,4000,3000
Punjab,Ludhiana,Khanna,Other,Tomato,12,2000,3500,2500
Punjab,Ludhiana,Khanna,Other,Tomato,12,2500,4000,3000
Punjab,Ludhiana,Khanna,Other,Tomato,12,1000,1500,1200
Punjab,Ludhiana,Khanna,Other,Tomato,13,1000,1500,1300
Punjab,Ludhiana,Khanna,Other,Tomato,16,1000,2000,1500
Punjab,Ludhiana,Khanna,Other,Tomato,3,1200,2000,1500
Punjab,Ludhiana,Khanna,Other,Tomato,4,3500,7000,4500
Punjab,Ludhiana,Khanna,Other,Tomato,5,2000,3500,2500
Punjab,Ludhiana,Khanna,Other,Tomato,5,1000,3000,2000
Punjab,Ludhiana,Khanna,Other,Tomato,6,2000,5000,4000
Punjab,Ludhiana,Khanna,Other,Tomato,7,3000,4000,3500
Punjab,Ludhiana,Khanna,Other,Tomato,7,1200,2000,1500
Punjab,Ludhiana,Khanna,Other,Tomato,7,2500,3500,3000
Punjab,Ludhiana,Khanna,Other,Tomato,8,1000,2000,1400
Punjab,Ludhiana,Khanna,Other,Tomato,8,1000,1800,1500
Punjab,Ludhiana,Khanna,Other,Tomato,9,2000,3000,2500
Punjab,Ludhiana,Khanna,Other,Tomato,9,3500,7000,4500
Punjab,Ludhiana,Khanna,Other,Tomato,11,2500,3500,3000
Punjab,Ludhiana,Khanna,Other,Tomato,12,1500,2200,2000
Punjab,Ludhiana,Khanna,Other,Tomato,3,800,1500,1000
Punjab,Ludhiana,Khanna,Other,Tomato,4,3000,5000,4000
Punjab,Ludhiana,Khanna,Other,Tomato,4,2500,3500,3000
Punjab,Ludhiana,Khanna,Other,Tomato,5,1000,1500,1200
Punjab,Ludhiana,Khanna,Other,Tomato,5,1000,2000,1500
Punjab,Ludhiana,Khanna,Other,Tomato,7,2000,3000,2500
Punjab,Ludhiana,Khanna,Other,Tomato,7,2000,2500,2200
Punjab,Ludhiana,Khanna,Other,Tomato,9,1000,2000,1400
Punjab,Ludhiana,Khanna,Other,Tomato,10,2000,3500,2500
Punjab,Ludhiana,Khanna,Other,Tomato,11,2000,3000,2500
Punjab,Ludhiana,Khanna,Other,Tomato,16,1000,2000,1500
Punjab,Ludhiana,Khanna,Other,Tomato,17,1000,2000,1500
Punjab,Ludhiana,Khanna,Other,Tomato,21,2000,3000,2500
Punjab,Ludhiana,Khanna,Other,Tomato,87,1000,1500,1300
Punjab,Ludhiana,Khanna,Other,Tomato,6,1000,2000,1500
Punjab,Ludhiana,Khanna,Other,Tomato,7,1000,2000,1500
Punjab,Ludhiana,Khanna,Other,Tomato,7,1000,1500,1200
Punjab,Ludhiana,Khanna,Other,Tomato,11,2000,3000,2500
Punjab,Ludhiana,Khanna,Other,Tomato,1,2000,3000,2500
Punjab,Ludhiana,Khanna,Other,Tomato,2,2000,3000,2500
Punjab,Ludhiana,Khanna,Other,Tomato,5,1000,3000,2000
Punjab,Ludhiana,Khanna,Other,Tomato,5,1000,2000,1500
Punjab,Ludhiana,Khanna,Other,Tomato,6,2500,3500,3000
Punjab,Ludhiana,Khanna,Other,Tomato,9,1000,1500,1200
Punjab,Ludhiana,Khanna,Other,Tomato,10,2000,3000,2500
Punjab,Ludhiana,Khanna,Other,Tomato,10,1200,2000,1500
Punjab,Ludhiana,Khanna,Other,Tomato,11,1200,2000,1800
Punjab,Ludhiana,Khanna,Other,Tomato,11,3000,4500,4000
Punjab,Ludhiana,Khanna,Other,Tomato,11,800,1500,1000
Punjab,Ludhiana,Khanna,Other,Tomato,11,3000,4000,3500
Punjab,Ludhiana,Khanna,Other,Tomato,14,2500,4500,3500
Punjab,Ludhiana,Khanna,Other,Tomato,18,1000,2000,1500
Punjab,Ludhiana,Khanna,Other,Tomato,18,1200,2000,1500
Punjab,Ludhiana,Khanna,Other,Tomato,3,1500,3000,2500
Punjab,Ludhiana,Khanna,Other,Tomato,3,1000,2200,1500
Punjab,Ludhiana,Khanna,Other,Tomato,4,800,1500,1000
Punjab,Ludhiana,Khanna,Other,Tomato,4,1500,2200,1800
Punjab,Ludhiana,Khanna,Other,Tomato,5,1000,1600,1400
Punjab,Ludhiana,Khanna,Other,Tomato,5,3000,4500,3500
Punjab,Ludhiana,Khanna,Other,Tomato,6,1500,2200,1800
Punjab,Ludhiana,Khanna,Other,Tomato,8,2500,3500,3000
Punjab,Ludhiana,Khanna,Other,Tomato,9,1500,2200,1800
Punjab,Ludhiana,Khanna,Other,Tomato,10,1000,2000,1500
Punjab,Ludhiana,Khanna,Other,Tomato,11,1000,1500,1200
Punjab,Ludhiana,Khanna,Other,Tomato,15,1200,2000,1500
Punjab,Ludhiana,Khanna,Other,Tomato,4,800,1500,1000
Punjab,Ludhiana,Khanna,Other,Tomato,5,2000,3000,2500
Punjab,Ludhiana,Khanna,Other,Tomato,6,2000,4000,2500
Punjab,Ludhiana,Khanna,Other,Tomato,7,2500,3500,3000
Punjab,Ludhiana,Khanna,Other,Tomato,7,2000,4500,4000
Punjab,Ludhiana,Khanna,Other,Tomato,8,1000,3000,1500
Punjab,Ludhiana,Khanna,Other,Tomato,10,1000,3000,1500
Punjab,Ludhiana,Khanna,Other,Tomato,10,2500,3500,3000
Punjab,Ludhiana,Khanna,Other,Tomato,10,1000,1500,1300
Punjab,Ludhiana,Khanna,Other,Tomato,10,1200,2000,1500
Punjab,Ludhiana,Khanna,Other,Tomato,11,1000,2000,1500
Punjab,Ludhiana,Khanna,Other,Tomato,12,1000,1500,1200
Punjab,Ludhiana,Khanna,Other,Tomato,5,1000,1500,1300
Punjab,Ludhiana,Khanna,Other,Tomato,6,1000,2000,1500
Punjab,Ludhiana,Khanna,Other,Tomato,7,2000,3000,2500
Punjab,Ludhiana,Khanna,Other,Tomato,7,2500,3500,3000
Punjab,Ludhiana,Khanna,Other,Tomato,11,1000,1500,1200
Punjab,Ludhiana,Khanna,Other,Tomato,11,1000,1500,1300
Punjab,Ludhiana,Khanna,Other,Tomato,12,1000,2000,1500
Punjab,Ludhiana,Khanna,Other,Tomato,14,2500,3500,3000
Punjab,Ludhiana,Khanna,Other,Tomato,16,1000,2800,2000
Punjab,Ludhiana,Khanna,Other,Tomato,4,800,1500,1000
Punjab,Ludhiana,Khanna,Other,Tomato,5,2000,4200,2500
Punjab,Ludhiana,Khanna,Other,Tomato,6,1000,1500,1200
Punjab,Ludhiana,Khanna,Other,Tomato,6,2500,3500,3000
Punjab,Ludhiana,Khanna,Other,Tomato,7,1200,2000,1500
Punjab,Ludhiana,Khanna,Other,Tomato,7,1000,1500,1200
Punjab,Ludhiana,Khanna,Other,Tomato,9,1200,2000,1500
Punjab,Ludhiana,Khanna,Other,Tomato,10,1000,3000,2000
Punjab,Ludhiana,Khanna,Other,Tomato,10,700,1000,800
Punjab,Ludhiana,Khanna,Other,Tomato,12,1000,2000,1500
Punjab,Ludhiana,Khanna,Other,Tomato,15,1500,2500,2000
Punjab,Ludhiana,Khanna,Other,Tomato,17,1000,2000,1500
Punjab,Ludhiana,Khanna,Other,Tomato,21,1000,1500,1200
Punjab,Ludhiana,Khanna,Other,Tomato,3,2500,3500,3000
Punjab,Ludhiana,Khanna,Other,Tomato,3,1000,1500,1200
Punjab,Ludhiana,Khanna,Other,Tomato,4,3000,5000,3500
Punjab,Ludhiana,Khanna,Other,Tomato,5,2000,3000,2500
Punjab,Ludhiana,Khanna,Other,Tomato,5,1000,3000,1500
Punjab,Ludhiana,Khanna,Other,Tomato,6,2000,3000,2500
Punjab,Ludhiana,Khanna,Other,Tomato,6,1200,2200,1500
Punjab,Ludhiana,Khanna,Other,Tomato,6,2000,3000,2500
Punjab,Ludhiana,Khanna,Other,Tomato,6,2000,3000,2500
Punjab,Ludhiana,Khanna,Other,Tomato,6,2000,4000,3000
Punjab,Ludhiana,Khanna,Other,Tomato,8,3000,7000,4500
Punjab,Ludhiana,Khanna,Other,Tomato,8,3000,7000,4000
Punjab,Ludhiana,Khanna,Other,Tomato,8,800,1500,1000
Punjab,Ludhiana,Khanna,Other,Tomato,11,1000,2000,1500
Punjab,Ludhiana,Khanna,Other,Tomato,12,1000,1500,1300
Punjab,Ludhiana,Khanna,Other,Tomato,13,1000,1500,1200
Punjab,Ludhiana,Khanna,Other,Tomato,13,1000,1500,1300
Punjab,Ludhiana,Khanna,Other,Tomato,13,1000,2000,1500
Punjab,Ludhiana,Khanna,Other,Tomato,14,1000,1600,1400
Punjab,Ludhiana,Khanna,Other,Tomato,15,1000,1800,1500
Punjab,Ludhiana,Khanna,Other,Tomato,3,2000,3000,2200
Punjab,Ludhiana,Khanna,Other,Tomato,3,3000,4500,3500
Punjab,Ludhiana,Khanna,Other,Tomato,5,1000,2000,1500
Punjab,Ludhiana,Khanna,Other,Tomato,7,1200,2500,1500
Punjab,Ludhiana,Khanna,Other,Tomato,7,1000,1500,1200
Punjab,Ludhiana,Khanna,Other,Tomato,7,1000,2000,1500
Punjab,Ludhiana,Khanna,Other,Tomato,8,1200,2000,1500
Punjab,Ludhiana,Khanna,Other,Tomato,8,1000,3000,2000
Punjab,Ludhiana,Khanna,Other,Tomato,9,1200,2000,1500
Punjab,Ludhiana,Khanna,Other,Tomato,9,1000,2000,1500
Punjab,Ludhiana,Khanna,Other,Tomato,10,1200,2000,1500
Punjab,Ludhiana,Khanna,Other,Tomato,11,1200,2000,1500
Punjab,Ludhiana,Khanna,Other,Tomato,11,1200,2000,1500
Punjab,Ludhiana,Khanna,Other,Tomato,12,1000,2000,1500
Punjab,Ludhiana,Khanna,Other,Tomato,12,1000,2000,1500
Punjab,Ludhiana,Khanna,Other,Tomato,13,1200,2000,1500
Punjab,Ludhiana,Khanna,Other,Tomato,14,1500,2500,2000
Punjab,Ludhiana,Khanna,Other,Tomato,16,2000,3500,2500
Punjab,Ludhiana,Khanna,Other,Tomato,17,1200,2000,1500
Punjab,Ludhiana,Khanna,Other,Tomato,3,3000,4500,4000
Punjab,Ludhiana,Khanna,Other,Tomato,6,3500,7000,4500
Punjab,Ludhiana,Khanna,Other,Tomato,6,2500,4000,3000
Punjab,Ludhiana,Khanna,Other,Tomato,7,1000,2000,1500
Punjab,Ludhiana,Khanna,Other,Tomato,7,3000,5000,4000
Punjab,Ludhiana,Khanna,Other,Tomato,7,3000,4500,3500
Punjab,Ludhiana,Khanna,Other,Tomato,8,800,1500,1000
Punjab,Ludhiana,Khanna,Other,Tomato,9,2000,3000,2500
Punjab,Ludhiana,Khanna,Other,Tomato,10,1200,2000,1800
Punjab,Ludhiana,Khanna,Other,Tomato,10,2500,3500,3000
Punjab,Ludhiana,Khanna,Other,Tomato,10,1200,1800,1500
Punjab,Ludhiana,Khanna,Other,Tomato,11,2200,2800,2500
Punjab,Ludhiana,Khanna,Other,Tomato,11,1000,1800,1500
Punjab,Ludhiana,Khanna,Other,Tomato,15,1000,1500,1200
Punjab,Ludhiana,Khanna,Other,Tomato,17,1200,2000,1500
Punjab,Ludhiana,Khanna,Other,Tomato,17,1000,1500,1200
Punjab,Ludhiana,Khanna,Other,Tomato,5,800,1500,1000
Punjab,Ludhiana,Khanna,Other,Tomato,6,3000,4500,4000
Punjab,Ludhiana,Khanna,Other,Tomato,6,2500,4000,3500
Punjab,Ludhiana,Khanna,Other,Tomato,7,800,1500,1000
Punjab,Ludhiana,Khanna,Other,Tomato,7,1000,1500,1200
Punjab,Ludhiana,Khanna,Other,Tomato,7,2000,3000,2500
Punjab,Ludhiana,Khanna,Other,Tomato,7,1000,2500,1500
Punjab,Ludhiana,Khanna,Other,Tomato,8,1000,2000,1500
Punjab,Ludhiana,Khanna,Other,Tomato,10,3000,4500,4000
Punjab,Ludhiana,Khanna,Other,Tomato,11,1000,2000,1500
Punjab,Ludhiana,Khanna,Other,Tomato,23,2000,3000,2500
Punjab,Ludhiana,Khanna,Other,Tomato,25,1200,2000,1500
Haryana,Gurgaon,Pataudi,Other,Potato,2,1800,2100,2000
Haryana,Gurgaon,Pataudi,Other,Potato,3,800,1000,900
Haryana,Gurgaon,Pataudi,Other,Potato,4,900,1000,950
Haryana,Gurgaon,Pataudi,Other,Potato,4,800,900,850
Haryana,Gurgaon,Pataudi,Other,Potato,4,2000,2200,2100
Haryana,Gurgaon,Pataudi,Other,Potato,5,900,1000,950
Haryana,Gurgaon,Pataudi,Other,Potato,7,2000,2200,2100
Haryana,Gurgaon,Pataudi,Other,Potato,7,2000,2300,2200
Haryana,Gurgaon,Pataudi,Other,Potato,8,800,1000,900
Haryana,Gurgaon,Pataudi,Other,Potato,8,2000,2200,2100
Haryana,Gurgaon,Pataudi,Other,Potato,11,1000,1500,1400
Haryana,Gurgaon,Pataudi,Other,Potato,14,800,1000,900
Haryana,Gurgaon,Pataudi,Other,Potato,1,2000,2200,2100
Haryana,Gurgaon,Pataudi,Other,Potato,1,800,1000,900
Haryana,Gurgaon,Pataudi,Other,Potato,2,900,1000,950
Haryana,Gurgaon,Pataudi,Other,Potato,3,2200,2300,2250
Haryana,Gurgaon,Pataudi,Other,Potato,3,1800,2100,2000
Haryana,Gurgaon,Pataudi,Other,Potato,3,900,1050,1000
Haryana,Gurgaon,Pataudi,Other,Potato,4,1600,1800,1700
Haryana,Gurgaon,Pataudi,Other,Potato,5,500,600,550
Haryana,Gurgaon,Pataudi,Other,Potato,5,900,1000,950
Haryana,Gurgaon,Pataudi,Other,Potato,6,1300,1500,1400
Haryana,Gurgaon,Pataudi,Other,Potato,9,1000,1600,1400
Haryana,Gurgaon,Pataudi,Other,Potato,9,1300,1500,1400
Haryana,Gurgaon,Pataudi,Other,Potato,13,1400,1600,1500
Haryana,Gurgaon,Pataudi,Other,Potato,1,1900,2300,2000
Haryana,Gurgaon,Pataudi,Other,Potato,2,900,1000,950
Haryana,Gurgaon,Pataudi,Other,Potato,3,700,800,750
Haryana,Gurgaon,Pataudi,Other,Potato,3,900,1000,950
Haryana,Gurgaon,Pataudi,Other,Potato,3,1000,1200,1100
Haryana,Gurgaon,Pataudi,Other,Potato,3,1300,1400,1350
Haryana,Gurgaon,Pataudi,Other,Potato,4,1800,2200,2000
Haryana,Gurgaon,Pataudi,Other,Potato,5,900,1000,950
Haryana,Gurgaon,Pataudi,Other,Potato,5,2200,2400,2300
Haryana,Gurgaon,Pataudi,Other,Potato,5,900,1000,950
Haryana,Gurgaon,Pataudi,Other,Potato,6,1200,1400,1300
Haryana,Gurgaon,Pataudi,Other,Potato,8,800,1000,900
Haryana,Gurgaon,Pataudi,Other,Potato,9,900,1000,950
Haryana,Gurgaon,Pataudi,Other,Potato,1,1200,1400,1300
Haryana,Gurgaon,Pataudi,Other,Potato,2,700,900,800
Haryana,Gurgaon,Pataudi,Other,Potato,3,800,900,850
Haryana,Gurgaon,Pataudi,Other,Potato,4,800,900,850
Haryana,Gurgaon,Pataudi,Other,Potato,4,700,900,800
Haryana,Gurgaon,Pataudi,Other,Potato,5,1200,1500,1400
Haryana,Gurgaon,Pataudi,Other,Potato,7,900,1000,950
Haryana,Gurgaon,Pataudi,Other,Potato,9,800,1000,900
Haryana,Gurgaon,Pataudi,Other,Potato,9,800,1000,900
Haryana,Gurgaon,Pataudi,Other,Potato,11,900,1100,1000
Haryana,Gurgaon,Pataudi,Other,Potato,1,1000,1200,1100
Haryana,Gurgaon,Pataudi,Other,Potato,2,1400,1600,1500
Haryana,Gurgaon,Pataudi,Other,Potato,2,1800,2100,2000
Haryana,Gurgaon,Pataudi,Other,Potato,4,1800,2200,2000
Haryana,Gurgaon,Pataudi,Other,Potato,5,800,1000,900
Haryana,Gurgaon,Pataudi,Other,Potato,6,1800,2100,2000
Haryana,Gurgaon,Pataudi,Other,Potato,9,1300,1500,1400
Haryana,Gurgaon,Pataudi,Other,Potato,22,700,2000,1200
Haryana,Gurgaon,Pataudi,Other,Potato,27,1000,1200,1100
Haryana,Gurgaon,Pataudi,Other,Potato,1,900,1000,950
Haryana,Gurgaon,Pataudi,Other,Potato,1,1800,2000,1900
Haryana,Gurgaon,Pataudi,Other,Potato,2,900,1000,950
Haryana,Gurgaon,Pataudi,Other,Potato,2,1000,1200,1100
Haryana,Gurgaon,Pataudi,Other,Potato,3,800,1000,900
Haryana,Gurgaon,Pataudi,Other,Potato,6,1800,2000,1900
Haryana,Gurgaon,Pataudi,Other,Potato,7,800,900,850
Haryana,Gurgaon,Pataudi,Other,Potato,9,900,1000,950
Haryana,Gurgaon,Pataudi,Other,Potato,15,900,1100,1000
Haryana,Gurgaon,Pataudi,Other,Potato,1,800,1000,900
Haryana,Gurgaon,Pataudi,Other,Potato,1,2000,2200,2100
Haryana,Gurgaon,Pataudi,Other,Potato,1,2000,2200,2100
Haryana,Gurgaon,Pataudi,Other,Potato,3,1200,1400,1300
Haryana,Gurgaon,Pataudi,Other,Potato,4,800,1000,900
Haryana,Gurgaon,Pataudi,Other,Potato,5,1200,1400,1300
Haryana,Gurgaon,Pataudi,Other,Potato,7,1400,1600,1500
Haryana,Gurgaon,Pataudi,Other,Potato,8,800,1000,900
Haryana,Gurgaon,Pataudi,Other,Potato,9,1000,1200,1100
Haryana,Gurgaon,Pataudi,Other,Potato,1,1900,2200,2000
Haryana,Gurgaon,Pataudi,Other,Potato,2,800,950,900
Haryana,Gurgaon,Pataudi,Other,Potato,2,2000,2200,2100
Haryana,Gurgaon,Pataudi,Other,Potato,2,1000,1300,1200
Haryana,Gurgaon,Pataudi,Other,Potato,2,2000,2300,2200
Haryana,Gurgaon,Pataudi,Other,Potato,3,900,1000,950
Haryana,Gurgaon,Pataudi,Other,Potato,3,1500,1800,1600
Haryana,Gurgaon,Pataudi,Other,Potato,3,1800,2100,2000
Haryana,Gurgaon,Pataudi,Other,Potato,4,700,900,800
Haryana,Gurgaon,Pataudi,Other,Potato,5,900,1100,1000
Haryana,Gurgaon,Pataudi,Other,Potato,5,700,900,800
Haryana,Gurgaon,Pataudi,Other,Potato,5,900,1050,1000
Haryana,Gurgaon,Pataudi,Other,Potato,5,2000,2200,2100
Haryana,Gurgaon,Pataudi,Other,Potato,7,1500,1700,1600
Haryana,Gurgaon,Pataudi,Other,Potato,8,800,1000,900
Haryana,Gurgaon,Pataudi,Other,Potato,15,800,1000,900
Haryana,Gurgaon,Pataudi,Other,Potato,1,1800,2100,2000
Haryana,Gurgaon,Pataudi,Other,Potato,2,2000,2200,2100
Haryana,Gurgaon,Pataudi,Other,Potato,2,1500,1800,1600
Haryana,Gurgaon,Pataudi,Other,Potato,3,800,1000,900
Haryana,Gurgaon,Pataudi,Other,Potato,3,800,1000,900
Haryana,Gurgaon,Pataudi,Other,Potato,3,2000,2300,2200
Haryana,Gurgaon,Pataudi,Other,Potato,3,900,1000,950
Haryana,Gurgaon,Pataudi,Other,Potato,3,1800,2200,2000
Haryana,Gurgaon,Pataudi,Other,Potato,4,1200,1800,1500
Haryana,Gurgaon,Pataudi,Other,Potato,4,900,1000,950
Haryana,Gurgaon,Pataudi,Other,Potato,5,1400,1600,1500
Haryana,Gurgaon,Pataudi,Other,Potato,5,800,1000,900
Haryana,Gurgaon,Pataudi,Other,Potato,5,900,1000,950
Haryana,Gurgaon,Pataudi,Other,Potato,5,1000,1200,1100
Haryana,Gurgaon,Pataudi,Other,Potato,6,900,1000,950
Haryana,Gurgaon,Pataudi,Other,Potato,7,1300,1600,1500
Haryana,Gurgaon,Pataudi,Other,Potato,9,1000,1800,1400
Haryana,Gurgaon,Pataudi,Other,Potato,12,900,1800,1500
Haryana,Gurgaon,Pataudi,Other,Potato,1,1200,1400,1300
Haryana,Gurgaon,Pataudi,Other,Potato,1,800,1000,900
Haryana,Gurgaon,Pataudi,Other,Potato,1,1800,2200,2000
Haryana,Gurgaon,Pataudi,Other,Potato,2,1400,1600,1500
Haryana,Gurgaon,Pataudi,Other,Potato,2,900,1000,950
Haryana,Gurgaon,Pataudi,Other,Potato,2,900,1000,950
Haryana,Gurgaon,Pataudi,Other,Potato,3,800,1000,900
Haryana,Gurgaon,Pataudi,Other,Potato,3,900,1200,1000
Haryana,Gurgaon,Pataudi,Other,Potato,4,2000,2200,2100
Haryana,Gurgaon,Pataudi,Other,Potato,5,1600,1800,1700
Haryana,Gurgaon,Pataudi,Other,Potato,7,800,900,850
Haryana,Gurgaon,Pataudi,Other,Potato,0,900,1000,950
Haryana,Gurgaon,Pataudi,Other,Potato,1,900,1000,950
Haryana,Gurgaon,Pataudi,Other,Potato,1,1800,2100,2000
Haryana,Gurgaon,Pataudi,Other,Potato,2,800,1000,900
Haryana,Gurgaon,Pataudi,Other,Potato,2,1000,1200,1100
Haryana,Gurgaon,Pataudi,Other,Potato,3,1400,1600,1500
Haryana,Gurgaon,Pataudi,Other,Potato,5,900,1100,1000
Haryana,Gurgaon,Pataudi,Other,Potato,5,800,900,850
Haryana,Gurgaon,Pataudi,Other,Potato,5,1800,2200,2000
Haryana,Gurgaon,Pataudi,Other,Potato,6,900,1100,1000
Haryana,Gurgaon,Pataudi,Other,Potato,6,1400,1600,1500
Haryana,Gurgaon,Pataudi,Other,Potato,8,800,1000,900
Haryana,Gurgaon,Pataudi,Other,Potato,8,1600,2200,2000
Haryana,Gurgaon,Pataudi,Other,Potato,9,1000,1300,1200
Haryana,Gurgaon,Pataudi,Other,Potato,1,900,1000,950
Haryana,Gurgaon,Pataudi,Other,Potato,2,900,1100,1000
Haryana,Gurgaon,Pataudi,Other,Potato,2,1000,1200,1100
Haryana,Gurgaon,Pataudi,Other,Potato,3,1200,1600,1500
Haryana,Gurgaon,Pataudi,Other,Potato,3,2000,2200,2100
Haryana,Gurgaon,Pataudi,Other,Potato,3,1400,1800,1500
Haryana,Gurgaon,Pataudi,Other,Potato,4,800,1000,900
Haryana,Gurgaon,Pataudi,Other,Potato,4,1200,1600,1400
Haryana,Gurgaon,Pataudi,Other,Potato,4,2000,2200,2100
Haryana,Gurgaon,Pataudi,Other,Potato,5,2000,2300,2200
Haryana,Gurgaon,Pataudi,Other,Potato,6,700,1000,900
Haryana,Gurgaon,Pataudi,Other,Potato,6,2200,2400,2300
Haryana,Gurgaon,Pataudi,Other,Potato,10,800,1000,900
Haryana,Gurgaon,Pataudi,Other,Potato,11,900,1000,950
Haryana,Gurgaon,Pataudi,Other,Potato,14,1200,2000,1800
Haryana,Gurgaon,Pataudi,Other,Potato,1,2000,2200,2100
Haryana,Gurgaon,Pataudi,Other,Potato,1,900,1000,950
Haryana,Gurgaon,Pataudi,Other,Potato,2,1400,1600,1500
Haryana,Gurgaon,Pataudi,Other,Potato,5,900,1200,1000
Haryana,Gurgaon,Pataudi,Other,Potato,6,1300,1600,1500
Haryana,Gurgaon,Pataudi,Other,Potato,6,1400,1600,1500
Haryana,Gurgaon,Pataudi,Other,Potato,7,900,1000,950
Haryana,Gurgaon,Pataudi,Other,Potato,7,1500,1800,1600
Haryana,Gurgaon,Pataudi,Other,Potato,15,700,1400,1200
Haryana,Gurgaon,Pataudi,Other,Potato,2,900,1000,950
Haryana,Gurgaon,Pataudi,Other,Potato,3,800,1000,900
Haryana,Gurgaon,Pataudi,Other,Potato,3,900,1000,950
Haryana,Gurgaon,Pataudi,Other,Potato,3,1300,1500,1400
Haryana,Gurgaon,Pataudi,Other,Potato,4,700,900,800
Haryana,Gurgaon,Pataudi,Other,Potato,5,700,900,800
Haryana,Gurgaon,Pataudi,Other,Potato,5,800,950,900
Haryana,Gurgaon,Pataudi,Other,Potato,5,1000,1200,1100
Haryana,Gurgaon,Pataudi,Other,Potato,5,1500,1700,1600
Haryana,Gurgaon,Pataudi,Other,Potato,6,800,1200,1000
Haryana,Gurgaon,Pataudi,Other,Potato,7,1400,1600,1500
Haryana,Gurgaon,Pataudi,Other,Potato,7,900,1000,950
Haryana,Gurgaon,Pataudi,Other,Potato,8,1500,1700,1600
Haryana,Gurgaon,Pataudi,Other,Potato,2,1400,1600,1500
Haryana,Gurgaon,Pataudi,Other,Potato,3,800,900,850
Haryana,Gurgaon,Pataudi,Other,Potato,4,800,900,850
Haryana,Gurgaon,Pataudi,Other,Potato,5,700,1400,1000
Haryana,Gurgaon,Pataudi,Other,Potato,5,700,900,800
Haryana,Gurgaon,Pataudi,Other,Potato,6,900,1050,1000
Haryana,Gurgaon,Pataudi,Other,Potato,10,700,900,800
Haryana,Gurgaon,Pataudi,Other,Potato,11,1200,1700,1600
Haryana,Gurgaon,Pataudi,Other,Potato,1,800,900,850
Haryana,Gurgaon,Pataudi,Other,Potato,1,900,1000,950
Haryana,Gurgaon,Pataudi,Other,Potato,1,900,1000,950
Haryana,Gurgaon,Pataudi,Other,Potato,1,1800,2200,2000
Haryana,Gurgaon,Pataudi,Other,Potato,2,900,1000,950
Haryana,Gurgaon,Pataudi,Other,Potato,2,1400,1600,1500
Haryana,Gurgaon,Pataudi,Other,Potato,2,1500,1700,1600
Haryana,Gurgaon,Pataudi,Other,Potato,2,1900,2100,2000
Haryana,Gurgaon,Pataudi,Other,Potato,2,1700,1900,1800
Haryana,Gurgaon,Pataudi,Other,Potato,4,1400,1600,1500
Haryana,Gurgaon,Pataudi,Other,Potato,6,800,1000,900
Haryana,Gurgaon,Pataudi,Other,Potato,10,1400,2000,1800
Punjab,Ludhiana,Khanna,Other,Potato,15,600,800,700
Punjab,Ludhiana,Khanna,Other,Potato,16,500,800,600
Punjab,Ludhiana,Khanna,Other,Potato,18,500,900,600
Punjab,Ludhiana,Khanna,Other,Potato,20,600,1000,700
Punjab,Ludhiana,Khanna,Other,Potato,27,500,800,600
Punjab,Ludhiana,Khanna,Other,Potato,27,500,1000,800
Punjab,Ludhiana,Khanna,Other,Potato,28,1000,1800,1500
Punjab,Ludhiana,Khanna,Other,Potato,29,1000,1800,1500
Punjab,Ludhiana,Khanna,Other,Potato,31,500,800,600
Punjab,Ludhiana,Khanna,Other,Potato,34,700,1500,800
Punjab,Ludhiana,Khanna,Other,Potato,44,700,2000,1500
Punjab,Ludhiana,Khanna,Other,Potato,51,700,2000,1500
Punjab,Ludhiana,Khanna,Other,Potato,51,1000,2000,1500
Punjab,Ludhiana,Khanna,Other,Potato,58,600,800,700
Punjab,Ludhiana,Khanna,Other,Potato,69,1200,2000,1500
Punjab,Ludhiana,Khanna,Other,Potato,76,600,1500,1200
Punjab,Ludhiana,Khanna,Other,Potato,0,400,1000,700
Punjab,Ludhiana,Khanna,Other,Potato,23,1000,2000,1500
Punjab,Ludhiana,Khanna,Other,Potato,42,500,800,700
Punjab,Ludhiana,Khanna,Other,Potato,44,700,1500,800
Punjab,Ludhiana,Khanna,Other,Potato,46,500,900,600
Punjab,Ludhiana,Khanna,Other,Potato,52,1000,2000,1500
Punjab,Ludhiana,Khanna,Other,Potato,88,500,900,600
Punjab,Ludhiana,Khanna,Other,Potato,89,500,900,600
Punjab,Ludhiana,Khanna,Other,Potato,22,400,600,500
Punjab,Ludhiana,Khanna,Other,Potato,29,500,700,600
Punjab,Ludhiana,Khanna,Other,Potato,31,1000,2000,1500
Punjab,Ludhiana,Khanna,Other,Potato,37,1000,1800,1500
Punjab,Ludhiana,Khanna,Other,Potato,37,600,1000,700
Punjab,Ludhiana,Khanna,Other,Potato,38,1000,2000,1500
Punjab,Ludhiana,Khanna,Other,Potato,66,800,1500,1200
Punjab,Ludhiana,Khanna,Other,Potato,68,500,800,700
Punjab,Ludhiana,Khanna,Other,Potato,102,600,1000,700
Punjab,Ludhiana,Khanna,Other,Potato,4,700,2000,1500
Punjab,Ludhiana,Khanna,Other,Potato,21,500,800,600
Punjab,Ludhiana,Khanna,Other,Potato,27,500,800,600
Punjab,Ludhiana,Khanna,Other,Potato,30,700,2000,1500
Punjab,Ludhiana,Khanna,Other,Potato,37,1000,2000,1500
Punjab,Ludhiana,Khanna,Other,Potato,40,800,1600,1400
Punjab,Ludhiana,Khanna,Other,Potato,42,700,2000,1500
Punjab,Ludhiana,Khanna,Other,Potato,46,1000,2000,1500
Punjab,Ludhiana,Khanna,Other,Potato,46,1000,2000,1500
Punjab,Ludhiana,Khanna,Other,Potato,56,1000,1800,1500
Punjab,Ludhiana,Khanna,Other,Potato,68,500,800,600
Punjab,Ludhiana,Khanna,Other,Potato,0,400,900,600
Punjab,Ludhiana,Khanna,Other,Potato,23,400,600,500
Punjab,Ludhiana,Khanna,Other,Potato,29,400,600,500
Punjab,Ludhiana,Khanna,Other,Potato,31,800,1500,1200
Punjab,Ludhiana,Khanna,Other,Potato,35,1200,2000,1500
Punjab,Ludhiana,Khanna,Other,Potato,37,1000,1800,1500
Punjab,Ludhiana,Khanna,Other,Potato,44,1000,2000,1500
Punjab,Ludhiana,Khanna,Other,Potato,49,500,900,600
Punjab,Ludhiana,Khanna,Other,Potato,50,700,2000,1500
Punjab,Ludhiana,Khanna,Other,Potato,55,800,2200,1500
Punjab,Ludhiana,Khanna,Other,Potato,55,500,900,600
Punjab,Ludhiana,Khanna,Other,Potato,56,600,1000,700
Punjab,Ludhiana,Khanna,Other,Potato,58,500,900,600
Punjab,Ludhiana,Khanna,Other,Potato,59,600,2000,1300
Punjab,Ludhiana,Khanna,Other,Potato,11,700,2000,1400
Punjab,Ludhiana,Khanna,Other,Potato,13,500,900,600
Punjab,Ludhiana,Khanna,Other,Potato,17,700,2000,1500
Punjab,Ludhiana,Khanna,Other,Potato,35,800,2000,1500
Punjab,Ludhiana,Khanna,Other,Potato,44,500,800,600
Punjab,Ludhiana,Khanna,Other,Potato,46,1200,2000,1500
Punjab,Ludhiana,Khanna,Other,Potato,49,800,1500,1200
Punjab,Ludhiana,Khanna,Other,Potato,52,800,2000,1500
Punjab,Ludhiana,Khanna,Other,Potato,53,800,2000,1500
Punjab,Ludhiana,Khanna,Other,Potato,54,600,1000,700
Punjab,Ludhiana,Khanna,Other,Potato,58,1000,1800,1500
Punjab,Ludhiana,Khanna,Other,Potato,59,500,900,600
Punjab,Ludhiana,Khanna,Other,Potato,62,500,800,600
Punjab,Ludhiana,Khanna,Other,Potato,66,800,1500,1300
Punjab,Ludhiana,Khanna,Other,Potato,27,400,600,500
Punjab,Ludhiana,Khanna,Other,Potato,34,500,800,600
Punjab,Ludhiana,Khanna,Other,Potato,41,400,600,500
Punjab,Ludhiana,Khanna,Other,Potato,41,400,800,600
Punjab,Ludhiana,Khanna,Other,Potato,41,600,1000,700
Punjab,Ludhiana,Khanna,Other,Potato,49,800,1500,1300
Punjab,Ludhiana,Khanna,Other,Potato,64,1000,2000,1500
Punjab,Ludhiana,Khanna,Other,Potato,66,1000,2000,1500
Punjab,Ludhiana,Khanna,Other,Potato,27,400,600,500
Punjab,Ludhiana,Khanna,Other,Potato,29,500,700,600
Punjab,Ludhiana,Khanna,Other,Potato,36,1000,1800,1400
Punjab,Ludhiana,Khanna,Other,Potato,38,500,800,600
Punjab,Ludhiana,Khanna,Other,Potato,39,1000,2000,1500
Punjab,Ludhiana,Khanna,Other,Potato,42,1000,1900,1500
Punjab,Ludhiana,Khanna,Other,Potato,44,700,1900,1500
Punjab,Ludhiana,Khanna,Other,Potato,51,1000,2000,1500
Punjab,Ludhiana,Khanna,Other,Potato,52,500,800,600
Punjab,Ludhiana,Khanna,Other,Potato,59,600,1000,700
Punjab,Ludhiana,Khanna,Other,Potato,70,500,800,600
Punjab,Ludhiana,Khanna,Other,Potato,20,400,600,500
Punjab,Ludhiana,Khanna,Other,Potato,35,700,2000,1500
Punjab,Ludhiana,Khanna,Other,Potato,41,400,600,500
Punjab,Ludhiana,Khanna,Other,Potato,41,1200,2000,1500
Punjab,Ludhiana,Khanna,Other,Potato,49,800,1500,1200
Punjab,Ludhiana,Khanna,Other,Potato,52,500,800,600
Punjab,Ludhiana,Khanna,Other,Potato,53,800,2500,1600
Punjab,Ludhiana,Khanna,Other,Potato,53,600,1000,700
Punjab,Ludhiana,Khanna,Other,Potato,64,600,800,700
Punjab,Ludhiana,Khanna,Other,Potato,71,400,600,500
Punjab,Ludhiana,Khanna,Other,Potato,17,400,600,500
Punjab,Ludhiana,Khanna,Other,Potato,17,800,1500,1200
Punjab,Ludhiana,Khanna,Other,Potato,24,400,600,500
Punjab,Ludhiana,Khanna,Other,Potato,33,1000,1500,1200
Punjab,Ludhiana,Khanna,Other,Potato,33,700,2000,1500
Punjab,Ludhiana,Khanna,Other,Potato,36,700,1800,1500
Punjab,Ludhiana,Khanna,Other,Potato,36,500,900,600
Punjab,Ludhiana,Khanna,Other,Potato,37,600,1000,700
Punjab,Ludhiana,Khanna,Other,Potato,38,700,2000,1500
Punjab,Ludhiana,Khanna,Other,Potato,42,800,2000,1300
Punjab,Ludhiana,Khanna,Other,Potato,44,800,2000,1500
Punjab,Ludhiana,Khanna,Other,Potato,56,700,2000,1500
Punjab,Ludhiana,Khanna,Other,Potato,58,1000,2000,1500
Punjab,Ludhiana,Khanna,Other,Potato,58,700,2000,1500
Punjab,Ludhiana,Khanna,Other,Potato,58,1000,2000,1600
Punjab,Ludhiana,Khanna,Other,Potato,59,1000,2000,1500
Punjab,Ludhiana,Khanna,Other,Potato,59,500,900,600
Punjab,Ludhiana,Khanna,Other,Potato,65,800,2000,1500
Punjab,Ludhiana,Khanna,Other,Potato,66,800,1500,1200
Punjab,Ludhiana,Khanna,Other,Potato,23,500,1000,800
Punjab,Ludhiana,Khanna,Other,Potato,27,400,600,500
Punjab,Ludhiana,Khanna,Other,Potato,31,400,600,500
Punjab,Ludhiana,Khanna,Other,Potato,32,500,800,600
Punjab,Ludhiana,Khanna,Other,Potato,35,1000,2000,1500
Punjab,Ludhiana,Khanna,Other,Potato,37,1000,2000,1400
Punjab,Ludhiana,Khanna,Other,Potato,38,1200,2000,1500
Punjab,Ludhiana,Khanna,Other,Potato,40,1000,2000,1500
Punjab,Ludhiana,Khanna,Other,Potato,41,500,700,600
Punjab,Ludhiana,Khanna,Other,Potato,49,1000,2000,1500
Punjab,Ludhiana,Khanna,Other,Potato,51,1000,2000,1500
Punjab,Ludhiana,Khanna,Other,Potato,54,800,2000,1500
Punjab,Ludhiana,Khanna,Other,Potato,65,600,1000,700
Punjab,Ludhiana,Khanna,Other,Potato,74,500,900,600
Punjab,Ludhiana,Khanna,Other,Potato,74,700,2000,1400
Punjab,Ludhiana,Khanna,Other,Potato,19,600,1000,700
Punjab,Ludhiana,Khanna,Other,Potato,28,600,800,700
Punjab,Ludhiana,Khanna,Other,Potato,31,500,1000,800
Punjab,Ludhiana,Khanna,Other,Potato,32,500,900,600
Punjab,Ludhiana,Khanna,Other,Potato,35,1000,2000,1500
Punjab,Ludhiana,Khanna,Other,Potato,36,700,2000,1500
Punjab,Ludhiana,Khanna,Other,Potato,39,1000,2000,1500
Punjab,Ludhiana,Khanna,Other,Potato,41,1000,1800,1500
Punjab,Ludhiana,Khanna,Other,Potato,41,1000,2000,1500
Punjab,Ludhiana,Khanna,Other,Potato,44,400,600,500
Punjab,Ludhiana,Khanna,Other,Potato,50,1000,1800,1500
Punjab,Ludhiana,Khanna,Other,Potato,52,500,1400,700
Punjab,Ludhiana,Khanna,Other,Potato,57,1000,2000,1500
Punjab,Ludhiana,Khanna,Other,Potato,62,700,2000,1500
Punjab,Ludhiana,Khanna,Other,Potato,64,500,700,600
Punjab,Ludhiana,Khanna,Other,Potato,106,800,1500,1200
Punjab,Ludhiana,Khanna,Other,Potato,15,500,700,600
Punjab,Ludhiana,Khanna,Other,Potato,20,600,1000,700
Punjab,Ludhiana,Khanna,Other,Potato,24,500,800,600
Punjab,Ludhiana,Khanna,Other,Potato,32,1000,2000,1500
Punjab,Ludhiana,Khanna,Other,Potato,34,700,2000,1500
Punjab,Ludhiana,Khanna,Other,Potato,36,1000,1800,1500
Punjab,Ludhiana,Khanna,Other,Potato,36,500,800,600
Punjab,Ludhiana,Khanna,Other,Potato,38,500,800,600
Punjab,Ludhiana,Khanna,Other,Potato,40,600,1000,700
Punjab,Ludhiana,Khanna,Other,Potato,42,1000,2000,1500
Punjab,Ludhiana,Khanna,Other,Potato,42,700,2000,1400
Punjab,Ludhiana,Khanna,Other,Potato,51,1000,2000,1600
Punjab,Ludhiana,Khanna,Other,Potato,57,500,800,600
Punjab,Ludhiana,Khanna,Other,Potato,77,700,2000,1500
Punjab,Ludhiana,Khanna,Other,Potato,290,700,2000,1400
Punjab,Ludhiana,Khanna,Other,Potato,6,500,900,600
Punjab,Ludhiana,Khanna,Other,Potato,10,400,600,500
Punjab,Ludhiana,Khanna,Other,Potato,21,400,600,500
Punjab,Ludhiana,Khanna,Other,Potato,23,400,600,500
Punjab,Ludhiana,Khanna,Other,Potato,28,500,1400,1000
Punjab,Ludhiana,Khanna,Other,Potato,29,500,800,600
Punjab,Ludhiana,Khanna,Other,Potato,34,400,600,500
Punjab,Ludhiana,Khanna,Other,Potato,37,400,600,500
Punjab,Ludhiana,Khanna,Other,Potato,37,800,1800,1200
Punjab,Ludhiana,Khanna,Other,Potato,38,1000,2000,1500
Punjab,Ludhiana,Khanna,Other,Potato,38,400,600,500
Punjab,Ludhiana,Khanna,Other,Potato,42,700,2000,1500
Punjab,Ludhiana,Khanna,Other,Potato,44,1000,2000,1500
Punjab,Ludhiana,Khanna,Other,Potato,46,800,2000,1500
Punjab,Ludhiana,Khanna,Other,Potato,51,700,2000,1500
Punjab,Ludhiana,Khanna,Other,Potato,53,500,1500,700
Punjab,Ludhiana,Khanna,Other,Potato,54,1000,2000,1500
Punjab,Ludhiana,Khanna,Other,Potato,60,500,800,700
Punjab,Ludhiana,Khanna,Other,Potato,62,1000,1500,1200
Punjab,Ludhiana,Khanna,Other,Potato,83,700,2000,1500
Punjab,Ludhiana,Khanna,Other,Potato,11,500,800,600
Punjab,Ludhiana,Khanna,Other,Potato,23,400,600,500
Punjab,Ludhiana,Khanna,Other,Potato,26,500,800,600
Punjab,Ludhiana,Khanna,Other,Potato,37,1000,1700,1500
Punjab,Ludhiana,Khanna,Other,Potato,37,700,2000,1500
Punjab,Ludhiana,Khanna,Other,Potato,38,1000,1800,1500
Punjab,Ludhiana,Khanna,Other,Potato,39,1000,2000,1500
Punjab,Ludhiana,Khanna,Other,Potato,47,700,2000,1500
Punjab,Ludhiana,Khanna,Other,Potato,52,500,900,600
Punjab,Ludhiana,Khanna,Other,Potato,58,1000,2000,1400
Punjab,Ludhiana,Khanna,Other,Potato,63,700,2000,1500
Punjab,Ludhiana,Khanna,Other,Potato,80,800,2500,1500
Punjab,Ludhiana,Khanna,Other,Potato,86,800,2000,1600
Punjab,Ludhiana,Khanna,Other,Potato,5,1200,2200,1500
Punjab,Ludhiana,Khanna,Other,Potato,9,500,800,600
Punjab,Ludhiana,Khanna,Other,Potato,21,500,800,600
Punjab,Ludhiana,Khanna,Other,Potato,31,800,1500,1200
Punjab,Ludhiana,Khanna,Other,Potato,35,1000,2100,1500
Punjab,Ludhiana,Khanna,Other,Potato,38,500,800,700
Punjab,Ludhiana,Khanna,Other,Potato,39,500,1000,800
Punjab,Ludhiana,Khanna,Other,Potato,40,1000,1500,1200
Punjab,Ludhiana,Khanna,Other,Potato,42,800,1600,1400
Punjab,Ludhiana,Khanna,Other,Potato,44,1000,1900,1500
Punjab,Ludhiana,Khanna,Other,Potato,45,1000,2000,1600
Punjab,Ludhiana,Khanna,Other,Potato,49,600,1000,700
Punjab,Ludhiana,Khanna,Other,Potato,49,400,600,500
Punjab,Ludhiana,Khanna,Other,Potato,51,1000,1500,1200
Punjab,Ludhiana,Khanna,Other,Potato,54,1000,2000,1500
Punjab,Ludhiana,Khanna,Other,Potato,65,500,1300,1000
Punjab,Amritsar,Rayya,Hybrid,Tomato,0,1700,1700,1700
Punjab,Amritsar,Rayya,Hybrid,Tomato,0,1700,1700,1700
Punjab,Amritsar,Rayya,Hybrid,Tomato,0,1700,1700,1700
Punjab,Amritsar,Rayya,Hybrid,Tomato,0,1800,1800,1800
Punjab,Amritsar,Rayya,Hybrid,Tomato,0,1800,1800,1800
Punjab,Amritsar,Rayya,Hybrid,Tomato,0,1800,1800,1800
Punjab,Amritsar,Rayya,Hybrid,Tomato,0,1800,1800,1800
Punjab,Amritsar,Rayya,Hybrid,Tomato,0,1800,1800,1800
Punjab,Amritsar,Rayya,Hybrid,Tomato,0,1800,1800,1800
Punjab,Amritsar,Rayya,Hybrid,Tomato,0,1800,1800,1800
Punjab,Amritsar,Rayya,Hybrid,Tomato,0,1900,1900,1900
Punjab,Amritsar,Rayya,Hybrid,Tomato,0,1900,1900,1900
Punjab,Amritsar,Rayya,Hybrid,Tomato,0,1900,1900,1900
Punjab,Amritsar,Rayya,Hybrid,Tomato,0,1900,1900,1900
Punjab,Amritsar,Rayya,Hybrid,Tomato,0,2000,2000,2000
Punjab,Amritsar,Rayya,Hybrid,Tomato,0,2100,2100,2100
Punjab,Amritsar,Rayya,Hybrid,Tomato,0,2300,2300,2300
Punjab,Amritsar,Rayya,Hybrid,Tomato,0,2400,2400,2400
Punjab,Amritsar,Rayya,Hybrid,Tomato,0,2400,2400,2400
Punjab,Amritsar,Rayya,Hybrid,Tomato,0,2500,2500,2500
Punjab,Amritsar,Rayya,Hybrid,Tomato,0,2500,2500,2500
Punjab,Amritsar,Rayya,Hybrid,Tomato,0,2500,2500,2500
Punjab,Amritsar,Rayya,Hybrid,Tomato,0,2700,2700,2700
Punjab,Amritsar,Rayya,Hybrid,Tomato,0,2700,2700,2700
Punjab,Amritsar,Rayya,Hybrid,Tomato,0,2800,2800,2800
Punjab,Amritsar,Rayya,Hybrid,Tomato,0,2800,2800,2800
Punjab,Amritsar,Rayya,Hybrid,Tomato,0,2800,2800,2800
Punjab,Amritsar,Rayya,Hybrid,Tomato,0,2800,2800,2800
Punjab,Amritsar,Rayya,Hybrid,Tomato,0,2800,2800,2800
Punjab,Amritsar,Rayya,Hybrid,Tomato,0,2800,2800,2800
Punjab,Amritsar,Rayya,Hybrid,Tomato,0,2800,2800,2800
Punjab,Amritsar,Rayya,Hybrid,Tomato,0,2800,2800,2800
Punjab,Amritsar,Rayya,Hybrid,Tomato,0,2800,2800,2800
Punjab,Amritsar,Rayya,Hybrid,Tomato,0,2800,2800,2800
Punjab,Amritsar,Rayya,Hybrid,Tomato,0,2800,2800,2800
Punjab,Amritsar,Rayya,Hybrid,Tomato,0,2900,2900,2900
Punjab,Amritsar,Rayya,Hybrid,Tomato,0,2900,2900,2900
Punjab,Amritsar,Rayya,Hybrid,Tomato,0,2900,2900,2900
Punjab,Amritsar,Rayya,Hybrid,Tomato,0,2900,2900,2900
Punjab,Amritsar,Rayya,Hybrid,Tomato,0,3000,3000,3000
Punjab,Amritsar,Rayya,Hybrid,Tomato,0,3000,3000,3000
Punjab,Amritsar,Rayya,Hybrid,Tomato,0,3000,3000,3000
Punjab,Amritsar,Rayya,Hybrid,Tomato,0,3000,3000,3000
Punjab,Amritsar,Rayya,Hybrid,Tomato,0,3000,3000,3000
Punjab,Amritsar,Rayya,Hybrid,Tomato,0,3000,3000,3000
Punjab,Amritsar,Rayya,Hybrid,Tomato,0,3000,3000,3000
Punjab,Amritsar,Rayya,Hybrid,Tomato,0,3000,3000,3000
Punjab,Amritsar,Rayya,Hybrid,Tomato,0,3000,3000,3000
Punjab,Amritsar,Rayya,Hybrid,Tomato,0,3000,3000,3000
Punjab,Amritsar,Rayya,Hybrid,Tomato,0,3100,3100,3100
Punjab,Amritsar,Rayya,Hybrid,Tomato,0,3200,3200,3200
Punjab,Amritsar,Rayya,Hybrid,Tomato,0,3200,3200,3200
Punjab,Amritsar,Rayya,Hybrid,Tomato,0,3200,3200,3200
Punjab,Amritsar,Rayya,Hybrid,Tomato,0,3200,3200,3200
Punjab,Amritsar,Rayya,Hybrid,Tomato,0,3200,3200,3200
Punjab,Amritsar,Rayya,Hybrid,Tomato,0,3200,3200,3200
Punjab,Amritsar,Rayya,Hybrid,Tomato,0,3500,3500,3500
Punjab,Amritsar,Rayya,Hybrid,Tomato,0,3600,3600,3600
Punjab,Amritsar,Rayya,Hybrid,Tomato,0,3800,3800,3800
Punjab,Amritsar,Rayya,Hybrid,Tomato,0,3900,3900,3900
Punjab,Amritsar,Rayya,Hybrid,Tomato,0,4000,4000,4000
Punjab,Amritsar,Rayya,Hybrid,Tomato,0,4000,4000,4000
Punjab,Amritsar,Rayya,Hybrid,Tomato,0,4000,4000,4000
Punjab,Amritsar,Rayya,Hybrid,Tomato,0,4000,4000,4000
Punjab,Amritsar,Rayya,Hybrid,Tomato,0,4200,4200,4200
Punjab,Amritsar,Rayya,Hybrid,Tomato,0,4200,4200,4200
Punjab,Amritsar,Rayya,Hybrid,Tomato,0,4300,4300,4300
Punjab,Amritsar,Rayya,Hybrid,Tomato,0,4500,4500,4500
Punjab,Amritsar,Rayya,Hybrid,Tomato,0,4500,4500,4500
Punjab,Amritsar,Rayya,Hybrid,Tomato,0,4500,4500,4500
Punjab,Amritsar,Rayya,Hybrid,Tomato,0,4500,4500,4500
Punjab,Amritsar,Rayya,Hybrid,Tomato,0,4600,4600,4600
Punjab,Amritsar,Rayya,Hybrid,Tomato,0,4800,4800,4800
Punjab,Amritsar,Rayya,Hybrid,Tomato,0,800,800,800
Punjab,Amritsar,Rayya,Hybrid,Tomato,0,900,900,900
Punjab,Amritsar,Rayya,Hybrid,Tomato,0,900,900,900
Punjab,Amritsar,Rayya,Hybrid,Tomato,0,1200,1200,1200
Punjab,Amritsar,Rayya,Hybrid,Tomato,0,1300,1300,1300
Punjab,Amritsar,Rayya,Hybrid,Tomato,0,1300,1300,1300
Punjab,Amritsar,Rayya,Hybrid,Tomato,0,1300,1300,1300
Punjab,Amritsar,Rayya,Hybrid,Tomato,0,1300,1300,1300
Punjab,Amritsar,Rayya,Hybrid,Tomato,0,1400,1400,1400
Punjab,Amritsar,Rayya,Hybrid,Tomato,0,1400,1400,1400
Punjab,Amritsar,Rayya,Hybrid,Tomato,0,1400,1400,1400
Punjab,Amritsar,Rayya,Hybrid,Tomato,0,1400,1400,1400
Punjab,Amritsar,Rayya,Hybrid,Tomato,0,1400,1400,1400
Punjab,Amritsar,Rayya,Hybrid,Tomato,0,1400,1400,1400
Punjab,Amritsar,Rayya,Hybrid,Tomato,0,1500,1500,1500
Punjab,Amritsar,Rayya,Hybrid,Tomato,0,1700,1700,1700
Punjab,Amritsar,Rayya,Hybrid,Tomato,0,1700,1700,1700
Punjab,Amritsar,Rayya,Hybrid,Tomato,0,1700,1700,1700
Punjab,Amritsar,Rayya,Hybrid,Tomato,0,1800,1800,1800
Punjab,Amritsar,Rayya,Hybrid,Tomato,0,1800,1800,1800
Punjab,Amritsar,Rayya,Hybrid,Tomato,0,1800,1800,1800
Punjab,Amritsar,Rayya,Hybrid,Tomato,0,1800,1800,1800
Punjab,Amritsar,Rayya,Hybrid,Tomato,0,1800,1800,1800
Punjab,Amritsar,Rayya,Hybrid,Tomato,0,1800,1800,1800
Punjab,Amritsar,Rayya,Hybrid,Tomato,0,1800,1800,1800
Punjab,Amritsar,Rayya,Hybrid,Tomato,0,1900,1900,1900
Punjab,Amritsar,Rayya,Hybrid,Tomato,0,1900,1900,1900
Punjab,Amritsar,Rayya,Hybrid,Tomato,0,1900,1900,1900
Punjab,Amritsar,Rayya,Hybrid,Tomato,0,2100,2100,2100
Punjab,Amritsar,Rayya,Hybrid,Tomato,0,2300,2300,2300
Punjab,Amritsar,Rayya,Hybrid,Tomato,0,2500,2500,2500
Punjab,Amritsar,Rayya,Hybrid,Tomato,0,2500,2500,2500
Punjab,Amritsar,Rayya,Hybrid,Tomato,0,2600,2600,2600
Punjab,Amritsar,Rayya,Hybrid,Tomato,0,2600,2600,2600
Punjab,Amritsar,Rayya,Hybrid,Tomato,0,2600,2600,2600
Punjab,Amritsar,Rayya,Hybrid,Tomato,0,2800,2800,2800
Punjab,Amritsar,Rayya,Hybrid,Tomato,0,2800,2800,2800
Punjab,Amritsar,Rayya,Hybrid,Tomato,0,2800,2800,2800
Punjab,Amritsar,Rayya,Hybrid,Tomato,0,2800,2800,2800
Punjab,Amritsar,Rayya,Hybrid,Tomato,0,3000,3000,3000
Punjab,Amritsar,Rayya,Hybrid,Tomato,0,3000,3000,3000
Punjab,Amritsar,Rayya,Hybrid,Tomato,0,3000,3000,3000
Punjab,Amritsar,Rayya,Hybrid,Tomato,0,3000,3000,3000
Punjab,Amritsar,Rayya,Hybrid,Tomato,0,3000,3000,3000
Punjab,Amritsar,Rayya,Hybrid,Tomato,0,3200,3200,3200
Punjab,Amritsar,Rayya,Hybrid,Tomato,0,3500,3500,3500
Punjab,Amritsar,Rayya,Hybrid,Tomato,0,3500,3500,3500
Punjab,Amritsar,Rayya,Hybrid,Tomato,0,4500,4500,4500
Punjab,Amritsar,Rayya,Hybrid,Tomato,0,4500,4500,4500
Punjab,Amritsar,Rayya,Hybrid,Tomato,0,800,800,800
Punjab,Amritsar,Rayya,Hybrid,Tomato,0,800,800,800
Punjab,Amritsar,Rayya,Hybrid,Tomato,0,800,800,800
Punjab,Amritsar,Rayya,Hybrid,Tomato,0,800,800,800
Punjab,Amritsar,Rayya,Hybrid,Tomato,0,800,800,800
Punjab,Amritsar,Rayya,Hybrid,Tomato,0,900,900,900
Punjab,Amritsar,Rayya,Hybrid,Tomato,0,900,900,900
Punjab,Amritsar,Rayya,Hybrid,Tomato,0,900,900,900
Punjab,Amritsar,Rayya,Hybrid,Tomato,0,900,900,900
Punjab,Amritsar,Rayya,Hybrid,Tomato,0,1000,1000,1000
Punjab,Amritsar,Rayya,Hybrid,Tomato,0,1000,1000,1000
Punjab,Amritsar,Rayya,Hybrid,Tomato,0,1000,1000,1000
Punjab,Amritsar,Rayya,Hybrid,Tomato,0,1100,1100,1100
Punjab,Amritsar,Rayya,Hybrid,Tomato,0,1100,1100,1100
Punjab,Amritsar,Rayya,Hybrid,Tomato,0,1200,1200,1200
Punjab,Amritsar,Rayya,Hybrid,Tomato,0,1200,1200,1200
Punjab,Amritsar,Rayya,Hybrid,Tomato,0,1200,1200,1200
Punjab,Amritsar,Rayya,Hybrid,Tomato,0,1200,1200,1200
Punjab,Amritsar,Rayya,Hybrid,Tomato,0,1300,1300,1300
Punjab,Amritsar,Rayya,Hybrid,Tomato,0,1300,1300,1300
Punjab,Amritsar,Rayya,Hybrid,Tomato,0,1300,1300,1300
Punjab,Amritsar,Rayya,Hybrid,Tomato,0,1300,1300,1300
Punjab,Amritsar,Rayya,Hybrid,Tomato,0,1300,1300,1300
Punjab,Amritsar,Rayya,Hybrid,Tomato,0,1300,1300,1300
Punjab,Amritsar,Rayya,Hybrid,Tomato,0,1300,1300,1300
Punjab,Amritsar,Rayya,Hybrid,Tomato,0,1300,1300,1300
Punjab,Amritsar,Rayya,Hybrid,Tomato,0,1300,1300,1300
Punjab,Amritsar,Rayya,Hybrid,Tomato,0,1300,1300,1300
Punjab,Amritsar,Rayya,Hybrid,Tomato,0,1300,1300,1300
Punjab,Amritsar,Rayya,Hybrid,Tomato,0,1400,1400,1400
Punjab,Amritsar,Rayya,Hybrid,Tomato,0,1400,1400,1400
Punjab,Amritsar,Rayya,Hybrid,Tomato,0,1400,1400,1400
Punjab,Amritsar,Rayya,Hybrid,Tomato,0,1400,1400,1400
Punjab,Amritsar,Rayya,Hybrid,Tomato,0,1400,1400,1400
Punjab,Amritsar,Rayya,Hybrid,Tomato,0,1400,1400,1400
Punjab,Amritsar,Rayya,Hybrid,Tomato,0,1400,1400,1400
Punjab,Amritsar,Rayya,Hybrid,Tomato,0,1400,1400,1400
Punjab,Amritsar,Rayya,Hybrid,Tomato,0,1400,1400,1400
Punjab,Amritsar,Rayya,Hybrid,Tomato,0,1500,1500,1500
Punjab,Amritsar,Rayya,Hybrid,Tomato,0,1500,1500,1500
Punjab,Amritsar,Rayya,Hybrid,Tomato,0,1600,1600,1600
Punjab,Amritsar,Rayya,Hybrid,Tomato,0,1700,0,1700
Punjab,Amritsar,Rayya,Hybrid,Tomato,0,1700,1700,1700
Punjab,Amritsar,Rayya,Hybrid,Tomato,0,1700,1700,1700
Punjab,Amritsar,Rayya,Hybrid,Tomato,0,1700,1700,1700
Punjab,Amritsar,Rayya,Hybrid,Tomato,0,1800,1800,1800
Punjab,Amritsar,Rayya,Hybrid,Tomato,0,1800,1800,1800
Punjab,Amritsar,Rayya,Hybrid,Tomato,0,1800,1800,1800
Punjab,Amritsar,Rayya,Hybrid,Tomato,0,1800,1800,1800
Punjab,Amritsar,Rayya,Hybrid,Tomato,0,1800,1800,1800
Punjab,Amritsar,Rayya,Hybrid,Tomato,0,1800,1800,1800
Punjab,Amritsar,Rayya,Hybrid,Tomato,0,1800,1800,1800
Punjab,Amritsar,Rayya,Hybrid,Tomato,0,1800,1800,1800
Punjab,Amritsar,Rayya,Hybrid,Tomato,0,1900,1900,1900
Punjab,Amritsar,Rayya,Hybrid,Tomato,0,1900,1900,1900
Punjab,Amritsar,Rayya,Hybrid,Tomato,0,1900,1900,1900
Punjab,Amritsar,Rayya,Hybrid,Tomato,0,2000,2000,2000
Punjab,Amritsar,Rayya,Hybrid,Tomato,0,2000,2000,2000
Punjab,Amritsar,Rayya,Hybrid,Tomato,0,2100,2100,2100
Punjab,Amritsar,Rayya,Hybrid,Tomato,0,2400,2400,2400
Punjab,Amritsar,Rayya,Hybrid,Tomato,0,2500,2500,2500
Punjab,Amritsar,Rayya,Hybrid,Tomato,0,2500,2500,2500
Punjab,Amritsar,Rayya,Hybrid,Tomato,0,2600,2600,2600
Punjab,Amritsar,Rayya,Hybrid,Tomato,0,2600,2600,2600
Punjab,Amritsar,Rayya,Hybrid,Tomato,0,2700,2700,2700
Punjab,Amritsar,Rayya,Hybrid,Tomato,0,2800,2800,2800
Punjab,Amritsar,Rayya,Hybrid,Tomato,0,2800,2800,2800
Punjab,Amritsar,Rayya,Hybrid,Tomato,0,2800,2800,2800
Punjab,Amritsar,Rayya,Hybrid,Tomato,0,2800,2800,2800
Punjab,Amritsar,Rayya,Hybrid,Tomato,0,2800,2800,2800
Punjab,Amritsar,Rayya,Hybrid,Tomato,0,2800,2800,2800
Punjab,Amritsar,Rayya,Hybrid,Tomato,0,2800,2809,2800
Punjab,Amritsar,Rayya,Hybrid,Tomato,0,2900,2900,2900
Punjab,Amritsar,Rayya,Hybrid,Tomato,0,2900,2900,2900
Punjab,Amritsar,Rayya,Hybrid,Tomato,0,2900,2900,2900
Punjab,Amritsar,Rayya,Hybrid,Tomato,0,3000,3000,3000
Punjab,Amritsar,Rayya,Hybrid,Tomato,0,3000,3000,3000
Punjab,Amritsar,Rayya,Hybrid,Tomato,0,3000,3000,3000
Punjab,Amritsar,Rayya,Hybrid,Tomato,0,3400,3400,3400
Punjab,Amritsar,Rayya,Hybrid,Tomato,0,3800,3800,3800
Punjab,Amritsar,Rayya,Hybrid,Tomato,0,4000,4000,4000
Punjab,Amritsar,Rayya,Hybrid,Tomato,0,4000,4099,4000
Punjab,Amritsar,Rayya,Hybrid,Tomato,0,800,800,800
Punjab,Amritsar,Rayya,Hybrid,Tomato,0,800,800,800
Punjab,Amritsar,Rayya,Hybrid,Tomato,0,800,800,800
Punjab,Amritsar,Rayya,Hybrid,Tomato,0,800,800,800
Punjab,Amritsar,Rayya,Hybrid,Tomato,0,900,900,900
Punjab,Amritsar,Rayya,Hybrid,Tomato,0,900,900,900
Punjab,Amritsar,Rayya,Hybrid,Tomato,0,900,900,900
Punjab,Amritsar,Rayya,Hybrid,Tomato,0,900,900,900
Punjab,Amritsar,Rayya,Hybrid,Tomato,0,900,900,900
Punjab,Amritsar,Rayya,Hybrid,Tomato,0,900,900,900
Punjab,Amritsar,Rayya,Hybrid,Tomato,0,900,900,900
Punjab,Amritsar,Rayya,Hybrid,Tomato,0,900,900,900
Punjab,Amritsar,Rayya,Hybrid,Tomato,0,900,900,900
Punjab,Amritsar,Rayya,Hybrid,Tomato,0,1000,1000,1000
Punjab,Amritsar,Rayya,Hybrid,Tomato,0,1200,1200,1200
Punjab,Amritsar,Rayya,Hybrid,Tomato,0,1300,1300,1300
Punjab,Amritsar,Rayya,Hybrid,Tomato,0,1300,1300,1300
Punjab,Amritsar,Rayya,Hybrid,Tomato,0,1300,1300,1300
Punjab,Amritsar,Rayya,Hybrid,Tomato,0,1300,1300,1300
Punjab,Amritsar,Rayya,Hybrid,Tomato,0,1300,1300,1300
Punjab,Amritsar,Rayya,Hybrid,Tomato,0,1300,1300,1300
Punjab,Amritsar,Rayya,Hybrid,Tomato,0,1300,1300,1300
Punjab,Amritsar,Rayya,Hybrid,Tomato,0,1400,1400,1400
Punjab,Amritsar,Rayya,Hybrid,Tomato,0,1400,1400,1400
Punjab,Amritsar,Rayya,Hybrid,Tomato,0,1400,1400,1400
Punjab,Amritsar,Rayya,Hybrid,Tomato,0,1400,1400,1400
Punjab,Amritsar,Rayya,Hybrid,Tomato,0,1400,1400,1400
Punjab,Amritsar,Rayya,Hybrid,Tomato,0,1400,1400,1400
Punjab,Amritsar,Rayya,Hybrid,Tomato,0,1400,1400,1400
Punjab,Amritsar,Rayya,Hybrid,Tomato,0,1400,1400,1400
Punjab,Amritsar,Rayya,Hybrid,Tomato,0,1400,1400,1400
Punjab,Amritsar,Rayya,Hybrid,Tomato,0,1500,1500,1500
Punjab,Amritsar,Rayya,Hybrid,Tomato,0,1500,1500,1500
Punjab,Amritsar,Rayya,Hybrid,Tomato,0,1500,1500,1500
Punjab,Amritsar,Rayya,Hybrid,Tomato,0,1500,1500,1500
Punjab,Amritsar,Rayya,Hybrid,Tomato,0,1500,1500,1500
Punjab,Amritsar,Rayya,Hybrid,Tomato,0,1600,1600,1600
Punjab,Amritsar,Rayya,Hybrid,Tomato,0,1700,1700,1700
Punjab,Amritsar,Rayya,Hybrid,Tomato,0,1900,1900,1900
Punjab,Amritsar,Rayya,Hybrid,Tomato,0,1900,1900,1900
Punjab,Amritsar,Rayya,Hybrid,Tomato,0,2400,2400,2400
Punjab,Amritsar,Rayya,Hybrid,Tomato,0,2800,2800,2800
Punjab,Amritsar,Rayya,Hybrid,Tomato,0,3000,3000,3000
Punjab,Amritsar,Rayya,Hybrid,Tomato,0,800,800,800
Punjab,Amritsar,Rayya,Hybrid,Tomato,0,800,800,800
Punjab,Amritsar,Rayya,Hybrid,Tomato,0,800,800,800
Punjab,Amritsar,Rayya,Hybrid,Tomato,0,900,900,900
Punjab,Amritsar,Rayya,Hybrid,Tomato,0,900,900,900
Punjab,Amritsar,Rayya,Hybrid,Tomato,0,900,900,900
Punjab,Amritsar,Rayya,Hybrid,Tomato,0,900,900,900
Punjab,Amritsar,Rayya,Hybrid,Tomato,0,900,900,900
Punjab,Amritsar,Rayya,Hybrid,Tomato,0,900,900,900
Punjab,Amritsar,Rayya,Hybrid,Tomato,0,1000,1000,1000
Punjab,Amritsar,Rayya,Hybrid,Tomato,0,1200,1200,1200
Punjab,Amritsar,Rayya,Hybrid,Tomato,0,1200,1200,1200
Punjab,Amritsar,Rayya,Hybrid,Tomato,0,1200,1200,1200
Punjab,Amritsar,Rayya,Hybrid,Tomato,0,1300,1300,1300
Punjab,Amritsar,Rayya,Hybrid,Tomato,0,1400,1400,1400
Punjab,Amritsar,Rayya,Hybrid,Tomato,0,1400,1400,1400
Punjab,Amritsar,Rayya,Hybrid,Tomato,0,1400,1400,1400
Punjab,Amritsar,Rayya,Hybrid,Tomato,0,1400,1400,1400
Punjab,Amritsar,Rayya,Hybrid,Tomato,0,1400,1400,1400
Punjab,Amritsar,Rayya,Hybrid,Tomato,0,1500,1500,1500
Punjab,Amritsar,Rayya,Hybrid,Tomato,0,1500,1500,1500
Punjab,Amritsar,Rayya,Hybrid,Tomato,0,1600,1600,1600
Punjab,Amritsar,Rayya,Hybrid,Tomato,0,1800,1800,1800
Punjab,Amritsar,Rayya,Hybrid,Tomato,0,1900,1900,1900
Punjab,Amritsar,Rayya,Hybrid,Tomato,0,2500,2500,2500
Punjab,Amritsar,Rayya,Hybrid,Tomato,0,2800,2800,2800
Punjab,Amritsar,Rayya,Hybrid,Tomato,0,2800,2800,2800
Punjab,Amritsar,Rayya,Hybrid,Tomato,0,3500,3500,3500
Punjab,Amritsar,Rayya,Hybrid,Tomato,0,3500,3500,3500
Punjab,Amritsar,Rayya,Hybrid,Tomato,0,1600,1600,1600
Punjab,Amritsar,Rayya,Hybrid,Tomato,0,1500,1500,1500
Punjab,Amritsar,Rayya,Hybrid,Tomato,0,1700,1700,1700
Punjab,Amritsar,Rayya,Hybrid,Tomato,0,2700,2700,2700
Punjab,Amritsar,Rayya,Hybrid,Tomato,0,4000,4000,4000
Punjab,Amritsar,Rayya,Hybrid,Tomato,0,4500,4500,4500
Punjab,Amritsar,Rayya,Hybrid,Tomato,2,900,900,900
Haryana,Gurgaon,Sohna,Other,Wheat,50,2425,2425,2425
Haryana,Gurgaon,Sohna,Other,Wheat,120,2425,2425,2425
Haryana,Gurgaon,Sohna,Other,Wheat,2,2435,2435,2435
Haryana,Gurgaon,Sohna,Other,Wheat,1211,2425,2425,2425
Haryana,Gurgaon,Sohna,Other,Wheat,10,2425,2425,2425
Haryana,Gurgaon,Sohna,Other,Wheat,16,2425,2430,2425
Haryana,Gurgaon,Sohna,Other,Wheat,1166,2425,2425,2425
Haryana,Gurgaon,Sohna,Other,Wheat,1,2430,2430,2430
Haryana,Gurgaon,Sohna,Other,Wheat,10,2430,2430,2430
Haryana,Gurgaon,Sohna,Other,Wheat,328,2425,2431,2425
Haryana,Gurgaon,Sohna,Other,Wheat,485,2425,2500,2425
Uttrakhand,Haridwar,Roorkee,Other,Tomato,0,700,1100,900
Uttrakhand,Haridwar,Roorkee,Other,Tomato,0,800,1200,1000
Uttrakhand,Haridwar,Roorkee,Other,Tomato,0,1000,1500,1200
Uttrakhand,Haridwar,Roorkee,Other,Tomato,0,800,1200,1000
Uttrakhand,Haridwar,Roorkee,Other,Tomato,0,800,1200,1000
Uttrakhand,Haridwar,Roorkee,Other,Tomato,0,800,1200,1000
Uttrakhand,Haridwar,Roorkee,Other,Tomato,0,700,1100,900
Uttrakhand,Haridwar,Roorkee,Other,Tomato,0,750,1200,900
Uttrakhand,Haridwar,Roorkee,Other,Tomato,0,750,1200,900
Uttrakhand,Haridwar,Roorkee,Other,Tomato,0,800,1200,1000
Uttrakhand,Haridwar,Roorkee,Other,Tomato,0,800,1200,1000
Uttrakhand,Haridwar,Roorkee,Other,Tomato,0,800,1200,1000
Uttrakhand,Haridwar,Roorkee,Other,Tomato,0,800,1200,1000
Uttrakhand,Haridwar,Roorkee,Other,Tomato,0,800,1200,1000
Uttrakhand,Haridwar,Roorkee,Other,Tomato,1,700,1200,1000
Uttrakhand,Haridwar,Roorkee,Other,Tomato,1,750,1200,900
Uttrakhand,Haridwar,Roorkee,Other,Tomato,1,800,1000,900
Uttrakhand,Haridwar,Roorkee,Other,Tomato,1,800,1200,1000
Uttrakhand,Haridwar,Roorkee,Other,Tomato,1,800,1200,1000
Uttrakhand,Haridwar,Roorkee,Other,Tomato,1,800,1200,1000
Uttrakhand,Haridwar,Roorkee,Other,Tomato,1,800,1200,1000
Uttrakhand,Haridwar,Roorkee,Other,Tomato,1,800,1200,1000
Uttrakhand,Haridwar,Roorkee,Other,Tomato,1,800,1200,1000
Uttrakhand,Haridwar,Roorkee,Other,Tomato,1,800,1200,1000
Uttrakhand,Haridwar,Roorkee,Other,Tomato,1,800,1200,1000
Uttrakhand,Haridwar,Roorkee,Other,Tomato,1,800,1200,1000
Uttrakhand,Haridwar,Roorkee,Other,Tomato,1,800,1200,1000
Uttrakhand,Haridwar,Roorkee,Other,Tomato,1,800,1300,1000
Uttrakhand,Haridwar,Roorkee,Other,Tomato,1,2500,4500,3500
Uttrakhand,Haridwar,Roorkee,Other,Tomato,1,800,1200,1000
Uttrakhand,Haridwar,Roorkee,Other,Tomato,1,800,1200,1000
Uttrakhand,Haridwar,Roorkee,Other,Tomato,1,700,1100,900
Uttrakhand,Haridwar,Roorkee,Other,Tomato,1,800,1200,1000
Uttrakhand,Haridwar,Roorkee,Other,Tomato,1,800,1200,1000
Uttrakhand,Haridwar,Roorkee,Other,Tomato,1,800,1200,1000
Uttrakhand,Haridwar,Roorkee,Other,Tomato,1,800,1200,1000
Uttrakhand,Haridwar,Roorkee,Other,Tomato,1,2000,3800,3000
Uttrakhand,Haridwar,Roorkee,Other,Tomato,1,2000,4000,3000
Uttrakhand,Haridwar,Roorkee,Other,Tomato,1,2000,4000,3000
Uttrakhand,Haridwar,Roorkee,Other,Tomato,1,700,1100,900
Uttrakhand,Haridwar,Roorkee,Other,Tomato,1,700,1100,900
Uttrakhand,Haridwar,Roorkee,Other,Tomato,1,700,1200,900
Uttrakhand,Haridwar,Roorkee,Other,Tomato,1,800,1100,1000
Uttrakhand,Haridwar,Roorkee,Other,Tomato,1,800,1200,1000
Uttrakhand,Haridwar,Roorkee,Other,Tomato,1,800,1200,1000
Uttrakhand,Haridwar,Roorkee,Other,Tomato,1,800,1200,1000
Uttrakhand,Haridwar,Roorkee,Other,Tomato,1,700,1100,900
Uttrakhand,Haridwar,Roorkee,Other,Tomato,1,700,1100,900
Uttrakhand,Haridwar,Roorkee,Other,Tomato,1,700,1200,900
Uttrakhand,Haridwar,Roorkee,Other,Tomato,1,700,1200,900
Uttrakhand,Haridwar,Roorkee,Other,Tomato,1,709,1200,900
Uttrakhand,Haridwar,Roorkee,Other,Tomato,1,800,1200,1000
Uttrakhand,Haridwar,Roorkee,Other,Tomato,1,800,1200,1000
Uttrakhand,Haridwar,Roorkee,Other,Tomato,1,800,1200,1000
Uttrakhand,Haridwar,Roorkee,Other,Tomato,1,800,1200,1000
Uttrakhand,Haridwar,Roorkee,Other,Tomato,1,800,1200,1000
Uttrakhand,Haridwar,Roorkee,Other,Tomato,1,800,1200,1000
Uttrakhand,Haridwar,Roorkee,Other,Tomato,1,1500,3000,2000
Uttrakhand,Haridwar,Roorkee,Other,Tomato,1,2000,4000,3000
Uttrakhand,Haridwar,Roorkee,Other,Tomato,1,600,1000,800
Uttrakhand,Haridwar,Roorkee,Other,Tomato,1,600,1000,800
Uttrakhand,Haridwar,Roorkee,Other,Tomato,1,700,1100,900
Uttrakhand,Haridwar,Roorkee,Other,Tomato,1,700,1100,900
Uttrakhand,Haridwar,Roorkee,Other,Tomato,1,700,1100,900
Uttrakhand,Haridwar,Roorkee,Other,Tomato,1,700,1100,900
Uttrakhand,Haridwar,Roorkee,Other,Tomato,1,700,1100,900
Uttrakhand,Haridwar,Roorkee,Other,Tomato,1,700,1200,900
Uttrakhand,Haridwar,Roorkee,Other,Tomato,1,800,1100,900
Uttrakhand,Haridwar,Roorkee,Other,Tomato,1,800,1100,900
Uttrakhand,Haridwar,Roorkee,Other,Tomato,1,800,1100,900
Uttrakhand,Haridwar,Roorkee,Other,Tomato,1,800,1200,900
Uttrakhand,Haridwar,Roorkee,Other,Tomato,1,800,1200,1000
Uttrakhand,Haridwar,Roorkee,Other,Tomato,1,800,1200,1000
Uttrakhand,Haridwar,Roorkee,Other,Tomato,1,800,1200,1000
Uttrakhand,Haridwar,Roorkee,Other,Tomato,1,800,1200,1000
Uttrakhand,Haridwar,Roorkee,Other,Tomato,1,800,1200,1000
Uttrakhand,Haridwar,Roorkee,Other,Tomato,1,800,1200,1000
Uttrakhand,Haridwar,Roorkee,Other,Tomato,1,800,1200,1000
Uttrakhand,Haridwar,Roorkee,Other,Tomato,1,800,1200,1000
Uttrakhand,Haridwar,Roorkee,Other,Tomato,1,800,1200,1000
Uttrakhand,Haridwar,Roorkee,Other,Tomato,1,800,1200,1000
Uttrakhand,Haridwar,Roorkee,Other,Tomato,1,800,1200,1000
Uttrakhand,Haridwar,Roorkee,Other,Tomato,1,800,1200,1000
Uttrakhand,Haridwar,Roorkee,Other,Tomato,1,800,1200,1000
Uttrakhand,Haridwar,Roorkee,Other,Tomato,1,800,1300,1000
Uttrakhand,Haridwar,Roorkee,Other,Tomato,1,800,1500,1000
Uttrakhand,Haridwar,Roorkee,Other,Tomato,1,1000,1500,1200
Uttrakhand,Haridwar,Roorkee,Other,Tomato,1,1500,2500,2000
Uttrakhand,Haridwar,Roorkee,Other,Tomato,1,1500,2500,2000
Uttrakhand,Haridwar,Roorkee,Other,Tomato,1,2000,3500,3000
Uttrakhand,Haridwar,Roorkee,Other,Tomato,1,2000,3800,3000
Uttrakhand,Haridwar,Roorkee,Other,Tomato,1,2000,3800,3000
Uttrakhand,Haridwar,Roorkee,Other,Tomato,1,2000,3800,3000
Uttrakhand,Haridwar,Roorkee,Other,Tomato,1,2000,4000,3000
Uttrakhand,Haridwar,Roorkee,Other,Tomato,1,2000,4000,3000
Uttrakhand,Haridwar,Roorkee,Other,Tomato,1,2000,4000,3000
Uttrakhand,Haridwar,Roorkee,Other,Tomato,1,2000,4000,3000
Uttrakhand,Haridwar,Roorkee,Other,Tomato,1,2000,4000,3000
Uttrakhand,Haridwar,Roorkee,Other,Tomato,1,2000,4000,3000
Uttrakhand,Haridwar,Roorkee,Other,Tomato,1,2000,4000,3000
Uttrakhand,Haridwar,Roorkee,Other,Tomato,1,2000,4000,3000
Uttrakhand,Haridwar,Roorkee,Other,Tomato,1,2000,4000,3000
Uttrakhand,Haridwar,Roorkee,Other,Tomato,1,2000,4000,3000
Uttrakhand,Haridwar,Roorkee,Other,Tomato,1,2000,4000,3000
Uttrakhand,Haridwar,Roorkee,Other,Tomato,1,2000,4000,3000
Uttrakhand,Haridwar,Roorkee,Other,Tomato,1,2000,4000,3000
Uttrakhand,Haridwar,Roorkee,Other,Tomato,1,2000,4000,3000
Uttrakhand,Haridwar,Roorkee,Other,Tomato,1,2000,4000,3000
Uttrakhand,Haridwar,Roorkee,Other,Tomato,1,2000,4000,3000
Uttrakhand,Haridwar,Roorkee,Other,Tomato,1,2000,4000,3000
Uttrakhand,Haridwar,Roorkee,Other,Tomato,1,2200,4200,3500
Uttrakhand,Haridwar,Roorkee,Other,Tomato,1,2500,3500,3000
Uttrakhand,Haridwar,Roorkee,Other,Tomato,1,2500,4000,3000
Uttrakhand,Haridwar,Roorkee,Other,Tomato,1,2500,4200,3500
Uttrakhand,Haridwar,Roorkee,Other,Tomato,1,2500,4500,3500
Uttrakhand,Haridwar,Roorkee,Other,Tomato,1,600,1000,800
Uttrakhand,Haridwar,Roorkee,Other,Tomato,1,800,1200,1000
Uttrakhand,Haridwar,Roorkee,Other,Tomato,1,800,1200,1000
Uttrakhand,Haridwar,Roorkee,Other,Tomato,1,800,1500,1000
Uttrakhand,Haridwar,Roorkee,Other,Tomato,1,1500,3000,2500
Uttrakhand,Haridwar,Roorkee,Other,Tomato,1,2000,4000,3000
Uttrakhand,Haridwar,Roorkee,Other,Tomato,1,2000,4000,3000
Uttrakhand,Haridwar,Roorkee,Other,Tomato,1,2000,4000,3000
Uttrakhand,Haridwar,Roorkee,Other,Tomato,1,700,1200,900
Uttrakhand,Haridwar,Roorkee,Other,Tomato,1,800,1200,1000
Uttrakhand,Haridwar,Roorkee,Other,Tomato,1,800,1500,1000
Uttrakhand,Haridwar,Roorkee,Other,Tomato,1,1500,2500,2000
Uttrakhand,Haridwar,Roorkee,Other,Tomato,1,2000,4000,3000
Uttrakhand,Haridwar,Roorkee,Other,Tomato,1,2500,4500,3500
Uttrakhand,Haridwar,Roorkee,Other,Tomato,1,800,1200,1000
Uttrakhand,Haridwar,Roorkee,Other,Tomato,1,2000,4000,3000
Uttrakhand,Haridwar,Roorkee,Other,Tomato,1,2000,4000,3000
Uttrakhand,Haridwar,Roorkee,Other,Tomato,1,2000,4000,3000
Uttrakhand,Haridwar,Roorkee,Other,Tomato,2,600,1000,800
Uttrakhand,Haridwar,Roorkee,Other,Tomato,2,700,1200,900
Uttrakhand,Haridwar,Roorkee,Other,Tomato,2,750,1250,900
Uttrakhand,Haridwar,Roorkee,Other,Tomato,2,800,1200,1000
Uttrakhand,Haridwar,Roorkee,Other,Tomato,2,800,1200,1000
Uttrakhand,Haridwar,Roorkee,Other,Tomato,2,800,1200,1000
Uttrakhand,Haridwar,Roorkee,Other,Tomato,2,800,1200,1000
Uttrakhand,Haridwar,Roorkee,Other,Tomato,2,1500,2400,1800
Uttrakhand,Haridwar,Roorkee,Other,Tomato,2,1500,2500,1800
Uttrakhand,Haridwar,Roorkee,Other,Tomato,2,1500,2500,2000
Uttrakhand,Haridwar,Roorkee,Other,Tomato,2,1500,2500,2000
Uttrakhand,Haridwar,Roorkee,Other,Tomato,2,1500,2500,2000
Uttrakhand,Haridwar,Roorkee,Other,Tomato,2,1500,2500,2000
Uttrakhand,Haridwar,Roorkee,Other,Tomato,2,1500,2500,2000
Uttrakhand,Haridwar,Roorkee,Other,Tomato,2,1500,2500,2000
Uttrakhand,Haridwar,Roorkee,Other,Tomato,2,1500,2500,2000
Uttrakhand,Haridwar,Roorkee,Other,Tomato,2,1500,2500,2000
Uttrakhand,Haridwar,Roorkee,Other,Tomato,2,1500,2500,2000
Uttrakhand,Haridwar,Roorkee,Other,Tomato,2,1500,2500,2000
Uttrakhand,Haridwar,Roorkee,Other,Tomato,2,1500,2500,2000
Uttrakhand,Haridwar,Roorkee,Other,Tomato,2,1500,2500,2000
Uttrakhand,Haridwar,Roorkee,Other,Tomato,2,1500,2500,2000
Uttrakhand,Haridwar,Roorkee,Other,Tomato,2,1500,2600,2000
Uttrakhand,Haridwar,Roorkee,Other,Tomato,2,1500,2600,2100
Uttrakhand,Haridwar,Roorkee,Other,Tomato,2,1500,3000,2500
Uttrakhand,Haridwar,Roorkee,Other,Tomato,2,2000,3000,2500
Uttrakhand,Haridwar,Roorkee,Other,Tomato,2,2000,3000,2500
Uttrakhand,Haridwar,Roorkee,Other,Tomato,2,2000,3500,3000
Uttrakhand,Haridwar,Roorkee,Other,Tomato,2,2000,3500,3000
Uttrakhand,Haridwar,Roorkee,Other,Tomato,2,2000,4000,3000
Uttrakhand,Haridwar,Roorkee,Other,Tomato,2,2000,4000,3000
Uttrakhand,Haridwar,Roorkee,Other,Tomato,2,2000,4000,3000
Uttrakhand,Haridwar,Roorkee,Other,Tomato,2,2000,4000,3000
Uttrakhand,Haridwar,Roorkee,Other,Tomato,2,2000,4000,3000
Uttrakhand,Haridwar,Roorkee,Other,Tomato,2,2000,4000,3000
Uttrakhand,Haridwar,Roorkee,Other,Tomato,2,2000,4000,3000
Uttrakhand,Haridwar,Roorkee,Other,Tomato,2,2000,4000,3000
Uttrakhand,Haridwar,Roorkee,Other,Tomato,2,2000,4000,3000
Uttrakhand,Haridwar,Roorkee,Other,Tomato,2,2000,4000,3000
Uttrakhand,Haridwar,Roorkee,Other,Tomato,2,2000,4000,3000
Uttrakhand,Haridwar,Roorkee,Other,Tomato,2,2000,4000,3000
Uttrakhand,Haridwar,Roorkee,Other,Tomato,2,2000,4000,3000
Uttrakhand,Haridwar,Roorkee,Other,Tomato,2,2000,4000,3000
Uttrakhand,Haridwar,Roorkee,Other,Tomato,2,2000,4000,3000
Uttrakhand,Haridwar,Roorkee,Other,Tomato,2,2000,4000,3000
Uttrakhand,Haridwar,Roorkee,Other,Tomato,2,2000,4000,3000
Uttrakhand,Haridwar,Roorkee,Other,Tomato,2,2000,4000,3000
Uttrakhand,Haridwar,Roorkee,Other,Tomato,2,2000,4500,3000
Uttrakhand,Haridwar,Roorkee,Other,Tomato,2,2000,4900,3000
Uttrakhand,Haridwar,Roorkee,Other,Tomato,2,2200,4000,3000
Uttrakhand,Haridwar,Roorkee,Other,Tomato,2,2500,4000,3000
Uttrakhand,Haridwar,Roorkee,Other,Tomato,2,2500,4000,3500
Uttrakhand,Haridwar,Roorkee,Other,Tomato,2,2500,4000,3500
Uttrakhand,Haridwar,Roorkee,Other,Tomato,2,2500,4500,3500
Uttrakhand,Haridwar,Roorkee,Other,Tomato,2,3000,5000,4000
Uttrakhand,Haridwar,Roorkee,Other,Tomato,2,3000,5000,4000
Uttrakhand,Haridwar,Roorkee,Other,Tomato,2,3000,5000,4000
Uttrakhand,Haridwar,Roorkee,Other,Tomato,2,700,1100,900
Uttrakhand,Haridwar,Roorkee,Other,Tomato,2,800,1200,1000
Uttrakhand,Haridwar,Roorkee,Other,Tomato,2,800,1200,1000
Uttrakhand,Haridwar,Roorkee,Other,Tomato,2,800,1300,1000
Uttrakhand,Haridwar,Roorkee,Other,Tomato,2,800,1200,1000
Uttrakhand,Haridwar,Roorkee,Other,Tomato,2,1500,2500,2000
Uttrakhand,Haridwar,Roorkee,Other,Tomato,2,1500,2550,2000
Uttrakhand,Haridwar,Roorkee,Other,Tomato,2,2000,3800,3000
Uttrakhand,Haridwar,Roorkee,Other,Tomato,2,2500,3500,3000
Uttrakhand,Haridwar,Roorkee,Other,Tomato,2,2000,4000,3000
Uttrakhand,Haridwar,Roorkee,Other,Tomato,2,800,1200,1000
Uttrakhand,Haridwar,Roorkee,Other,Tomato,2,1500,2500,2000
Uttrakhand,Haridwar,Roorkee,Other,Tomato,2,1500,2500,2000
Uttrakhand,Haridwar,Roorkee,Other,Tomato,2,1500,2500,2000
Uttrakhand,Haridwar,Roorkee,Other,Tomato,2,2000,3000,2500
Uttrakhand,Haridwar,Roorkee,Other,Tomato,2,2000,3500,3000
Uttrakhand,Haridwar,Roorkee,Other,Tomato,2,2000,3500,3000
Uttrakhand,Haridwar,Roorkee,Other,Tomato,2,2000,4000,3000
Uttrakhand,Haridwar,Roorkee,Other,Tomato,2,2000,4000,3000
Uttrakhand,Haridwar,Roorkee,Other,Tomato,2,2000,4000,3000
Uttrakhand,Haridwar,Roorkee,Other,Tomato,2,3000,4500,4000
Uttrakhand,Haridwar,Roorkee,Other,Tomato,2,800,1200,1000
Uttrakhand,Haridwar,Roorkee,Other,Tomato,2,900,1500,1100
Uttrakhand,Haridwar,Roorkee,Other,Tomato,2,1500,2400,2000
Uttrakhand,Haridwar,Roorkee,Other,Tomato,2,1500,2500,2000
Uttrakhand,Haridwar,Roorkee,Other,Tomato,2,1500,2500,2000
Uttrakhand,Haridwar,Roorkee,Other,Tomato,2,1500,2500,2000
Uttrakhand,Haridwar,Roorkee,Other,Tomato,2,1500,2500,2000
Uttrakhand,Haridwar,Roorkee,Other,Tomato,2,1500,2500,2000
Uttrakhand,Haridwar,Roorkee,Other,Tomato,2,1500,2500,2000
Uttrakhand,Haridwar,Roorkee,Other,Tomato,2,1500,3000,2000
Uttrakhand,Haridwar,Roorkee,Other,Tomato,2,1500,3000,2000
Uttrakhand,Haridwar,Roorkee,Other,Tomato,2,1500,3000,2000
Uttrakhand,Haridwar,Roorkee,Other,Tomato,2,1500,3000,2000
Uttrakhand,Haridwar,Roorkee,Other,Tomato,2,2000,3000,2500
Uttrakhand,Haridwar,Roorkee,Other,Tomato,2,2000,3000,2500
Uttrakhand,Haridwar,Roorkee,Other,Tomato,2,2000,3000,2500
Uttrakhand,Haridwar,Roorkee,Other,Tomato,2,2000,3000,2500
Uttrakhand,Haridwar,Roorkee,Other,Tomato,2,2000,3500,3000
Uttrakhand,Haridwar,Roorkee,Other,Tomato,2,2000,4000,3000
Uttrakhand,Haridwar,Roorkee,Other,Tomato,2,2000,4000,3000
Uttrakhand,Haridwar,Roorkee,Other,Tomato,2,2000,4000,3000
Uttrakhand,Haridwar,Roorkee,Other,Tomato,2,2000,4000,3000
Uttrakhand,Haridwar,Roorkee,Other,Tomato,2,2000,4000,3000
Uttrakhand,Haridwar,Roorkee,Other,Tomato,2,2000,4000,3000
Uttrakhand,Haridwar,Roorkee,Other,Tomato,2,2000,4000,3000
Uttrakhand,Haridwar,Roorkee,Other,Tomato,2,2000,5000,3000
Uttrakhand,Haridwar,Roorkee,Other,Tomato,2,2500,3500,3000
Uttrakhand,Haridwar,Roorkee,Other,Tomato,2,700,1100,900
Uttrakhand,Haridwar,Roorkee,Other,Tomato,2,2000,4000,3000
Uttrakhand,Haridwar,Roorkee,Other,Tomato,3,1000,3000,2000
Uttrakhand,Haridwar,Roorkee,Other,Tomato,3,1500,2500,2000
Uttrakhand,Haridwar,Roorkee,Other,Tomato,3,1500,2500,2000
Uttrakhand,Haridwar,Roorkee,Other,Tomato,3,1500,3000,2000
Uttrakhand,Haridwar,Roorkee,Other,Tomato,3,1500,3000,2500
Uttrakhand,Haridwar,Roorkee,Other,Tomato,3,2000,3000,2500
Uttrakhand,Haridwar,Roorkee,Other,Tomato,3,2000,3000,2500
Uttrakhand,Haridwar,Roorkee,Other,Tomato,3,2000,3000,2500
Uttrakhand,Haridwar,Roorkee,Other,Tomato,3,2000,3000,2500
Uttrakhand,Haridwar,Roorkee,Other,Tomato,3,2000,4000,3000
Uttrakhand,Haridwar,Roorkee,Other,Tomato,3,2000,4000,3000
Uttrakhand,Haridwar,Roorkee,Other,Tomato,3,2000,4000,3000
Uttrakhand,Haridwar,Roorkee,Other,Tomato,3,3000,4000,3500
Uttrakhand,Haridwar,Roorkee,Other,Tomato,3,2000,3200,2500
Uttrakhand,Haridwar,Roorkee,Other,Tomato,3,1500,2500,2000
Uttrakhand,Haridwar,Roorkee,Other,Tomato,3,2000,3000,2500
Uttrakhand,Haridwar,Roorkee,Other,Tomato,4,1500,2500,2000
Uttrakhand,Haridwar,Roorkee,Other,Tomato,4,2000,3000,2500
Uttrakhand,Haridwar,Roorkee,Other,Tomato,4,2000,3500,3000
Uttrakhand,Haridwar,Roorkee,Other,Tomato,4,1000,2000,1500
Uttrakhand,Haridwar,Roorkee,Other,Tomato,4,1500,3000,2000
Uttrakhand,Haridwar,Roorkee,Other,Tomato,4,2000,3000,2500
Uttrakhand,Haridwar,Roorkee,Other,Tomato,4,2200,3000,2500
Uttrakhand,Haridwar,Roorkee,Other,Tomato,5,1200,3000,2000
Uttrakhand,Haridwar,Roorkee,Other,Tomato,7,1200,2100,1500
Uttrakhand,Haridwar,Roorkee,Other,Tomato,22,2000,4000,3000
Haryana,Gurgaon,Farukh Nagar,Other,Potato,0,2000,2500,2000
Haryana,Gurgaon,Farukh Nagar,Other,Potato,1,1800,3200,1800
Haryana,Gurgaon,Farukh Nagar,Other,Potato,1,2000,2500,2000
Haryana,Gurgaon,Farukh Nagar,Other,Potato,1,2500,3500,2500
Haryana,Gurgaon,Farukh Nagar,Other,Potato,1,2000,2500,2000
Haryana,Gurgaon,Farukh Nagar,Other,Potato,1,1600,2400,1600
Haryana,Gurgaon,Farukh Nagar,Other,Potato,1,2000,2500,2000
Haryana,Gurgaon,Farukh Nagar,Other,Potato,1,2000,3000,2000
Haryana,Gurgaon,Farukh Nagar,Other,Potato,1,1800,2600,1800
Haryana,Gurgaon,Farukh Nagar,Other,Potato,1,2000,2500,2000
Haryana,Gurgaon,Farukh Nagar,Other,Potato,1,1500,2300,1500
Haryana,Gurgaon,Farukh Nagar,Other,Potato,1,1600,2400,1600
Haryana,Gurgaon,Farukh Nagar,Other,Potato,1,1600,2700,1600
Haryana,Gurgaon,Farukh Nagar,Other,Potato,2,1400,2500,1400
Haryana,Gurgaon,Farukh Nagar,Other,Potato,2,1600,2700,1600
Haryana,Gurgaon,Farukh Nagar,Other,Potato,2,2000,2500,2000
Haryana,Gurgaon,Farukh Nagar,Other,Potato,2,1400,2400,1400
Haryana,Gurgaon,Farukh Nagar,Other,Potato,2,1500,2500,1500
Haryana,Gurgaon,Farukh Nagar,Other,Potato,2,1500,2600,1500
Haryana,Gurgaon,Farukh Nagar,Other,Potato,2,2000,2500,2000
Haryana,Gurgaon,Farukh Nagar,Other,Potato,2,1800,2800,1800
Haryana,Gurgaon,Farukh Nagar,Other,Potato,2,2000,2500,2000
Haryana,Gurgaon,Farukh Nagar,Other,Potato,2,1500,2400,1500
Haryana,Gurgaon,Farukh Nagar,Other,Potato,2,1800,2700,1800
Haryana,Gurgaon,Farukh Nagar,Other,Potato,2,1900,2600,1900
Haryana,Gurgaon,Farukh Nagar,Other,Potato,2,1400,2400,1400
Haryana,Gurgaon,Farukh Nagar,Other,Potato,2,1500,2400,1500
Haryana,Gurgaon,Farukh Nagar,Other,Potato,2,1600,2300,1600
Haryana,Gurgaon,Farukh Nagar,Other,Potato,2,2000,2500,2000
Haryana,Gurgaon,Farukh Nagar,Other,Potato,2,1500,2300,1500
Haryana,Gurgaon,Farukh Nagar,Other,Potato,2,1500,2600,1500
Haryana,Gurgaon,Farukh Nagar,Other,Potato,2,1700,2300,1700
Haryana,Gurgaon,Farukh Nagar,Other,Potato,2,1700,2800,1700
Haryana,Gurgaon,Farukh Nagar,Other,Potato,2,1800,2300,1800
Haryana,Gurgaon,Farukh Nagar,Other,Potato,2,1800,2600,1800
Haryana,Gurgaon,Farukh Nagar,Other,Potato,2,2000,2500,2000
Haryana,Gurgaon,Farukh Nagar,Other,Potato,2,2000,2500,2000
Haryana,Gurgaon,Farukh Nagar,Other,Potato,2,1400,2400,1400
Haryana,Gurgaon,Farukh Nagar,Other,Potato,2,1500,2500,1500
Haryana,Gurgaon,Farukh Nagar,Other,Potato,2,1600,2600,1600
Haryana,Gurgaon,Farukh Nagar,Other,Potato,2,1800,2700,1800
Haryana,Gurgaon,Farukh Nagar,Other,Potato,2,2000,2500,2000
Haryana,Gurgaon,Farukh Nagar,Other,Potato,2,1700,2500,1700
Haryana,Gurgaon,Farukh Nagar,Other,Potato,2,1000,1400,1000
Haryana,Gurgaon,Farukh Nagar,Other,Potato,2,1500,2500,1500
Haryana,Gurgaon,Farukh Nagar,Other,Potato,2,1500,2500,1500
Haryana,Gurgaon,Farukh Nagar,Other,Potato,2,1500,2500,1500
Haryana,Gurgaon,Farukh Nagar,Other,Potato,2,1600,2900,1600
Haryana,Gurgaon,Farukh Nagar,Other,Potato,2,1700,2300,1700
Haryana,Gurgaon,Farukh Nagar,Other,Potato,2,1700,2700,1700
Haryana,Gurgaon,Farukh Nagar,Other,Potato,2,1700,2700,1700
Haryana,Gurgaon,Farukh Nagar,Other,Potato,2,1700,2700,1700
Haryana,Gurgaon,Farukh Nagar,Other,Potato,2,1700,2700,1700
Haryana,Gurgaon,Farukh Nagar,Other,Potato,2,1800,2400,1800
Haryana,Gurgaon,Farukh Nagar,Other,Potato,2,1800,2500,1800
Haryana,Gurgaon,Farukh Nagar,Other,Potato,2,2000,2500,2000
Haryana,Gurgaon,Farukh Nagar,Other,Potato,2,2000,2500,2000
Haryana,Gurgaon,Farukh Nagar,Other,Potato,2,2000,2800,2000
Haryana,Gurgaon,Farukh Nagar,Other,Potato,2,1500,2500,1500
Haryana,Gurgaon,Farukh Nagar,Other,Potato,2,1500,2500,1500
Haryana,Gurgaon,Farukh Nagar,Other,Potato,2,1500,2500,1500
Haryana,Gurgaon,Farukh Nagar,Other,Potato,2,1500,2500,1500
Haryana,Gurgaon,Farukh Nagar,Other,Potato,2,1500,2500,1500
Haryana,Gurgaon,Farukh Nagar,Other,Potato,2,1700,2500,1700
Haryana,Gurgaon,Farukh Nagar,Other,Potato,2,1700,2500,1700
Haryana,Gurgaon,Farukh Nagar,Other,Potato,2,1800,2400,1800
Haryana,Gurgaon,Farukh Nagar,Other,Potato,2,1800,2600,1800
Haryana,Gurgaon,Farukh Nagar,Other,Potato,3,1500,2200,1500
Haryana,Gurgaon,Farukh Nagar,Other,Potato,3,1500,2500,1500
Haryana,Gurgaon,Farukh Nagar,Other,Potato,3,1500,2500,1500
Haryana,Gurgaon,Farukh Nagar,Other,Potato,3,1700,2400,1700
Haryana,Gurgaon,Farukh Nagar,Other,Potato,3,1700,2500,1700
Haryana,Gurgaon,Farukh Nagar,Other,Potato,3,1800,2300,1800
Haryana,Gurgaon,Farukh Nagar,Other,Potato,3,1800,2400,1800
Haryana,Gurgaon,Farukh Nagar,Other,Potato,3,1800,2700,1800
Haryana,Gurgaon,Farukh Nagar,Other,Potato,3,2000,2500,2000
Haryana,Gurgaon,Farukh Nagar,Other,Potato,3,1500,2500,1500
Haryana,Gurgaon,Farukh Nagar,Other,Potato,3,1500,2500,1500
Haryana,Gurgaon,Farukh Nagar,Other,Potato,3,1500,2500,1500
Haryana,Gurgaon,Farukh Nagar,Other,Potato,3,1700,2300,1700
Haryana,Gurgaon,Farukh Nagar,Other,Potato,3,1700,2500,1700
Haryana,Gurgaon,Farukh Nagar,Other,Potato,3,1700,2700,1700
Haryana,Gurgaon,Farukh Nagar,Other,Potato,3,1800,2900,1800
Haryana,Gurgaon,Farukh Nagar,Other,Potato,3,2000,2500,2000
Haryana,Gurgaon,Farukh Nagar,Other,Potato,3,2000,2500,2000
Haryana,Gurgaon,Farukh Nagar,Other,Potato,3,1400,2600,1400
Haryana,Gurgaon,Farukh Nagar,Other,Potato,3,1700,2400,1700
Haryana,Gurgaon,Farukh Nagar,Other,Potato,3,1700,2600,1700
Haryana,Gurgaon,Farukh Nagar,Other,Potato,3,1700,2800,1700
Haryana,Gurgaon,Farukh Nagar,Other,Potato,3,1700,2900,1700
Haryana,Gurgaon,Farukh Nagar,Other,Potato,3,1800,2400,1800
Haryana,Gurgaon,Farukh Nagar,Other,Potato,3,1800,2500,1800
Haryana,Gurgaon,Farukh Nagar,Other,Potato,3,1900,2400,1900
Haryana,Gurgaon,Farukh Nagar,Other,Potato,3,900,1200,900
Haryana,Gurgaon,Farukh Nagar,Other,Potato,3,1500,2500,1500
Haryana,Gurgaon,Farukh Nagar,Other,Potato,3,1500,2600,1500
Haryana,Gurgaon,Farukh Nagar,Other,Potato,3,1500,2600,1500
Haryana,Gurgaon,Farukh Nagar,Other,Potato,3,1700,2500,1700
Haryana,Gurgaon,Farukh Nagar,Other,Potato,3,1800,2500,1800
Haryana,Gurgaon,Farukh Nagar,Other,Potato,3,1800,2500,1800
Haryana,Gurgaon,Farukh Nagar,Other,Potato,3,2000,2500,2000
Haryana,Gurgaon,Farukh Nagar,Other,Potato,3,900,1200,900
Haryana,Gurgaon,Farukh Nagar,Other,Potato,3,900,1300,900
Haryana,Gurgaon,Farukh Nagar,Other,Potato,3,900,1400,900
Haryana,Gurgaon,Farukh Nagar,Other,Potato,3,900,1500,900
Haryana,Gurgaon,Farukh Nagar,Other,Potato,3,1500,2200,1500
Haryana,Gurgaon,Farukh Nagar,Other,Potato,3,1500,2300,1500
Haryana,Gurgaon,Farukh Nagar,Other,Potato,3,1500,2400,1500
Haryana,Gurgaon,Farukh Nagar,Other,Potato,3,1500,2500,1500
Haryana,Gurgaon,Farukh Nagar,Other,Potato,3,1500,2500,1500
Haryana,Gurgaon,Farukh Nagar,Other,Potato,3,2000,2500,2000
Haryana,Gurgaon,Farukh Nagar,Other,Potato,3,2000,2700,2000
Haryana,Gurgaon,Farukh Nagar,Other,Potato,3,1000,1300,1000
Haryana,Gurgaon,Farukh Nagar,Other,Potato,3,1400,2500,1400
Haryana,Gurgaon,Farukh Nagar,Other,Potato,3,2000,2500,2000
Haryana,Gurgaon,Farukh Nagar,Other,Potato,3,1500,2500,1500
Haryana,Gurgaon,Farukh Nagar,Other,Potato,3,1500,2500,1500
Haryana,Gurgaon,Farukh Nagar,Other,Potato,3,1600,2700,1600
Haryana,Gurgaon,Farukh Nagar,Other,Potato,3,1700,2700,1700
Haryana,Gurgaon,Farukh Nagar,Other,Potato,3,1600,2600,1600
Haryana,Gurgaon,Farukh Nagar,Other,Potato,3,1000,1400,1000
Haryana,Gurgaon,Farukh Nagar,Other,Potato,3,1300,1500,1300
Haryana,Gurgaon,Farukh Nagar,Other,Potato,3,1700,2400,1700
Haryana,Gurgaon,Farukh Nagar,Other,Potato,3,900,1300,900
Haryana,Gurgaon,Farukh Nagar,Other,Potato,3,1000,1200,1000
Haryana,Gurgaon,Farukh Nagar,Other,Potato,3,1000,1300,1000
Haryana,Gurgaon,Farukh Nagar,Other,Potato,3,1000,1400,1000
Haryana,Gurgaon,Farukh Nagar,Other,Potato,3,1200,1400,1200
Haryana,Gurgaon,Farukh Nagar,Other,Potato,3,1200,1400,1200
Haryana,Gurgaon,Farukh Nagar,Other,Potato,3,1200,1400,1200
Haryana,Gurgaon,Farukh Nagar,Other,Potato,3,1300,1500,1300
Haryana,Gurgaon,Farukh Nagar,Other,Potato,3,1400,2400,1400
Haryana,Gurgaon,Farukh Nagar,Other,Potato,3,1700,2200,1700
Haryana,Gurgaon,Farukh Nagar,Other,Potato,4,900,1100,900
Haryana,Gurgaon,Farukh Nagar,Other,Potato,4,900,1200,900
Haryana,Gurgaon,Farukh Nagar,Other,Potato,4,1000,1500,1000
Haryana,Gurgaon,Farukh Nagar,Other,Potato,4,1000,1500,1000
Haryana,Gurgaon,Farukh Nagar,Other,Potato,4,1000,1500,1000
Haryana,Gurgaon,Farukh Nagar,Other,Potato,4,1000,1500,1000
Haryana,Gurgaon,Farukh Nagar,Other,Potato,4,1200,1500,1200
Haryana,Gurgaon,Farukh Nagar,Other,Potato,4,900,1500,900
Haryana,Gurgaon,Farukh Nagar,Other,Potato,4,1000,1200,1000
Haryana,Gurgaon,Farukh Nagar,Other,Potato,4,1000,1500,1000
Haryana,Gurgaon,Farukh Nagar,Other,Potato,4,1000,1500,1000
Haryana,Gurgaon,Farukh Nagar,Other,Potato,4,1200,1400,1200
Haryana,Gurgaon,Farukh Nagar,Other,Potato,4,1600,2200,1600
Haryana,Gurgaon,Farukh Nagar,Other,Potato,4,1800,2600,1800
Haryana,Gurgaon,Farukh Nagar,Other,Potato,4,900,1100,900
Haryana,Gurgaon,Farukh Nagar,Other,Potato,4,900,1200,900
Haryana,Gurgaon,Farukh Nagar,Other,Potato,4,1000,1500,1000
Haryana,Gurgaon,Farukh Nagar,Other,Potato,4,1000,1500,1000
Haryana,Gurgaon,Farukh Nagar,Other,Potato,4,1000,1500,1000
Haryana,Gurgaon,Farukh Nagar,Other,Potato,4,1000,1500,1000
Haryana,Gurgaon,Farukh Nagar,Other,Potato,4,1400,2400,1400
Haryana,Gurgaon,Farukh Nagar,Other,Potato,4,1700,2800,1700
Haryana,Gurgaon,Farukh Nagar,Other,Potato,4,900,1200,900
Haryana,Gurgaon,Farukh Nagar,Other,Potato,4,1500,2600,1500
Haryana,Gurgaon,Farukh Nagar,Other,Potato,4,800,1500,800
Haryana,Gurgaon,Farukh Nagar,Other,Potato,4,900,1400,900
Haryana,Gurgaon,Farukh Nagar,Other,Potato,4,1000,1400,1000
Haryana,Gurgaon,Farukh Nagar,Other,Potato,4,1100,1500,1100
Haryana,Gurgaon,Farukh Nagar,Other,Potato,4,900,1600,900
Haryana,Gurgaon,Farukh Nagar,Other,Potato,4,1000,1200,1000
Haryana,Gurgaon,Farukh Nagar,Other,Potato,4,1000,1400,1000
Haryana,Gurgaon,Farukh Nagar,Other,Potato,4,1100,1300,1100
Haryana,Gurgaon,Farukh Nagar,Other,Potato,4,1100,1300,1100
Haryana,Gurgaon,Farukh Nagar,Other,Potato,4,1100,1400,1100
Haryana,Gurgaon,Farukh Nagar,Other,Potato,4,1100,1500,1100
Haryana,Gurgaon,Farukh Nagar,Other,Potato,4,1400,1600,1400
Haryana,Gurgaon,Farukh Nagar,Other,Potato,4,1800,3600,1800
Haryana,Gurgaon,Farukh Nagar,Other,Potato,4,1000,1200,1000
Haryana,Gurgaon,Farukh Nagar,Other,Potato,4,1000,1200,1000
Haryana,Gurgaon,Farukh Nagar,Other,Potato,4,1000,1200,1000
Haryana,Gurgaon,Farukh Nagar,Other,Potato,4,1700,2000,1700
Haryana,Gurgaon,Farukh Nagar,Other,Potato,4,1000,1200,1000
Haryana,Gurgaon,Farukh Nagar,Other,Potato,4,1200,1400,1200
Haryana,Gurgaon,Farukh Nagar,Other,Potato,4,900,1100,900
Haryana,Gurgaon,Farukh Nagar,Other,Potato,4,900,1300,900
Haryana,Gurgaon,Farukh Nagar,Other,Potato,4,900,1400,900
Haryana,Gurgaon,Farukh Nagar,Other,Potato,4,1000,1500,1000
Haryana,Gurgaon,Farukh Nagar,Other,Potato,4,1100,1600,1100
Haryana,Gurgaon,Farukh Nagar,Other,Potato,4,1600,2500,1600
Haryana,Gurgaon,Farukh Nagar,Other,Potato,4,1000,1300,1000
Haryana,Gurgaon,Farukh Nagar,Other,Potato,4,1000,1400,1000
Haryana,Gurgaon,Farukh Nagar,Other,Potato,5,900,1200,900
Haryana,Gurgaon,Farukh Nagar,Other,Potato,5,1000,1200,1000
Haryana,Gurgaon,Farukh Nagar,Other,Potato,5,1000,1400,1000
Haryana,Gurgaon,Farukh Nagar,Other,Potato,5,900,1300,900
Haryana,Gurgaon,Farukh Nagar,Other,Potato,5,1100,1300,1100
Haryana,Gurgaon,Farukh Nagar,Other,Potato,5,1200,1400,1200
Haryana,Gurgaon,Farukh Nagar,Other,Potato,5,1000,1200,1000
Haryana,Gurgaon,Farukh Nagar,Other,Potato,5,1000,1600,1000
Haryana,Gurgaon,Farukh Nagar,Other,Potato,5,1200,1500,1200
Haryana,Gurgaon,Farukh Nagar,Other,Potato,5,1000,1500,1000
Haryana,Gurgaon,Farukh Nagar,Other,Potato,5,1100,1500,1100
Haryana,Gurgaon,Farukh Nagar,Other,Potato,5,1200,1400,1200
Haryana,Gurgaon,Farukh Nagar,Other,Potato,5,1300,1500,1300
Haryana,Gurgaon,Farukh Nagar,Other,Potato,5,900,1200,900
Haryana,Gurgaon,Farukh Nagar,Other,Potato,5,1200,1500,1500
Haryana,Gurgaon,Farukh Nagar,Other,Potato,5,1100,1300,1100
Haryana,Gurgaon,Farukh Nagar,Other,Potato,5,1100,1400,1100
Haryana,Gurgaon,Farukh Nagar,Other,Potato,5,1100,1600,1100
Haryana,Gurgaon,Farukh Nagar,Other,Potato,5,1500,2500,1500
Haryana,Gurgaon,Farukh Nagar,Other,Potato,5,1500,2500,1500
Haryana,Gurgaon,Farukh Nagar,Other,Potato,6,900,1100,900
Haryana,Gurgaon,Farukh Nagar,Other,Potato,6,1100,1400,1100
Haryana,Gurgaon,Farukh Nagar,Other,Potato,6,1200,1400,1200
Haryana,Gurgaon,Farukh Nagar,Other,Potato,6,1200,1500,1200
Haryana,Gurgaon,Farukh Nagar,Other,Potato,6,1500,2500,1500
Haryana,Gurgaon,Farukh Nagar,Other,Potato,6,900,1100,900
Haryana,Gurgaon,Farukh Nagar,Other,Potato,6,1200,1500,1200
Haryana,Gurgaon,Farukh Nagar,Other,Potato,6,1500,2500,1500
Haryana,Gurgaon,Farukh Nagar,Other,Potato,6,1500,2500,1500
Haryana,Gurgaon,Farukh Nagar,Other,Potato,6,1100,1400,1100
Haryana,Gurgaon,Farukh Nagar,Other,Potato,6,900,1100,900
Haryana,Gurgaon,Farukh Nagar,Other,Potato,6,1000,1300,1000
Haryana,Gurgaon,Farukh Nagar,Other,Potato,18,1000,1300,1000
Haryana,Gurgaon,Farukh Nagar,Other,Potato,6,1000,1200,1000
Haryana,Gurgaon,Farukh Nagar,Other,Potato,6,900,1200,900
Haryana,Gurgaon,Farukh Nagar,Other,Potato,6,1500,2500,1500
Haryana,Gurgaon,Farukh Nagar,Other,Potato,6,1000,1300,1000
Haryana,Gurgaon,Farukh Nagar,Other,Potato,6,1000,1400,1000
Haryana,Gurgaon,Farukh Nagar,Other,Potato,7,900,1200,900
Haryana,Gurgaon,Farukh Nagar,Other,Potato,7,900,1200,900
Haryana,Gurgaon,Farukh Nagar,Other,Potato,7,1000,1200,1000
Haryana,Gurgaon,Farukh Nagar,Other,Potato,8,1000,1100,1000
Haryana,Gurgaon,Farukh Nagar,Other,Potato,8,1000,1200,1000
Punjab,Amritsar,Mehta,Deshi,Tomato,0,3000,3000,3000
Punjab,Amritsar,Mehta,Deshi,Tomato,0,3000,3000,3000
Punjab,Amritsar,Mehta,Deshi,Tomato,0,3000,3000,3000
Punjab,Amritsar,Mehta,Deshi,Tomato,0,3000,3000,3000
Punjab,Amritsar,Mehta,Deshi,Tomato,0,3000,3000,3000
Punjab,Amritsar,Mehta,Deshi,Tomato,0,3000,3000,3000
Punjab,Ludhiana,Khanna,Other,Potato,15,600,800,700
Punjab,Ludhiana,Khanna,Other,Potato,16,500,800,600
Punjab,Ludhiana,Khanna,Other,Potato,18,500,900,600
Punjab,Ludhiana,Khanna,Other,Potato,20,600,1000,700
Punjab,Ludhiana,Khanna,Other,Potato,27,500,800,600
Punjab,Ludhiana,Khanna,Other,Potato,27,500,1000,800
Punjab,Ludhiana,Khanna,Other,Potato,28,1000,1800,1500
Punjab,Ludhiana,Khanna,Other,Potato,29,1000,1800,1500
Punjab,Ludhiana,Khanna,Other,Potato,31,500,800,600
Punjab,Ludhiana,Khanna,Other,Potato,34,700,1500,800
Punjab,Ludhiana,Khanna,Other,Potato,44,700,2000,1500
Punjab,Ludhiana,Khanna,Other,Potato,51,700,2000,1500
Punjab,Ludhiana,Khanna,Other,Potato,51,1000,2000,1500
Punjab,Ludhiana,Khanna,Other,Potato,58,600,800,700
Punjab,Ludhiana,Khanna,Other,Potato,69,1200,2000,1500
Punjab,Ludhiana,Khanna,Other,Potato,76,600,1500,1200
Punjab,Ludhiana,Khanna,Other,Potato,0,400,1000,700
Punjab,Ludhiana,Khanna,Other,Potato,23,1000,2000,1500
Punjab,Ludhiana,Khanna,Other,Potato,42,500,800,700
Punjab,Ludhiana,Khanna,Other,Potato,44,700,1500,800
Punjab,Ludhiana,Khanna,Other,Potato,46,500,900,600
Punjab,Ludhiana,Khanna,Other,Potato,52,1000,2000,1500
Punjab,Ludhiana,Khanna,Other,Potato,88,500,900,600
Punjab,Ludhiana,Khanna,Other,Potato,89,500,900,600
Punjab,Ludhiana,Khanna,Other,Potato,22,400,600,500
Punjab,Ludhiana,Khanna,Other,Potato,29,500,700,600
Punjab,Ludhiana,Khanna,Other,Potato,31,1000,2000,1500
Punjab,Ludhiana,Khanna,Other,Potato,37,1000,1800,1500
Punjab,Ludhiana,Khanna,Other,Potato,37,600,1000,700
Punjab,Ludhiana,Khanna,Other,Potato,38,1000,2000,1500
Punjab,Ludhiana,Khanna,Other,Potato,66,800,1500,1200
Punjab,Ludhiana,Khanna,Other,Potato,68,500,800,700
Punjab,Ludhiana,Khanna,Other,Potato,102,600,1000,700
Punjab,Ludhiana,Khanna,Other,Potato,4,700,2000,1500
Punjab,Ludhiana,Khanna,Other,Potato,21,500,800,600
Punjab,Ludhiana,Khanna,Other,Potato,27,500,800,600
Punjab,Ludhiana,Khanna,Other,Potato,30,700,2000,1500
Punjab,Ludhiana,Khanna,Other,Potato,37,1000,2000,1500
Punjab,Ludhiana,Khanna,Other,Potato,40,800,1600,1400
Punjab,Ludhiana,Khanna,Other,Potato,42,700,2000,1500
Punjab,Ludhiana,Khanna,Other,Potato,46,1000,2000,1500
Punjab,Ludhiana,Khanna,Other,Potato,46,1000,2000,1500
Punjab,Ludhiana,Khanna,Other,Potato,56,1000,1800,1500
Punjab,Ludhiana,Khanna,Other,Potato,68,500,800,600
Punjab,Ludhiana,Khanna,Other,Potato,0,400,900,600
Punjab,Ludhiana,Khanna,Other,Potato,23,400,600,500
Punjab,Ludhiana,Khanna,Other,Potato,29,400,600,500
Punjab,Ludhiana,Khanna,Other,Potato,31,800,1500,1200
Punjab,Ludhiana,Khanna,Other,Potato,35,1200,2000,1500
Punjab,Ludhiana,Khanna,Other,Potato,37,1000,1800,1500
Punjab,Ludhiana,Khanna,Other,Potato,44,1000,2000,1500
Punjab,Ludhiana,Khanna,Other,Potato,49,500,900,600
Punjab,Ludhiana,Khanna,Other,Potato,50,700,2000,1500
Punjab,Ludhiana,Khanna,Other,Potato,55,800,2200,1500
Punjab,Ludhiana,Khanna,Other,Potato,55,500,900,600
Punjab,Ludhiana,Khanna,Other,Potato,56,600,1000,700
Punjab,Ludhiana,Khanna,Other,Potato,58,500,900,600
Punjab,Ludhiana,Khanna,Other,Potato,59,600,2000,1300
Punjab,Ludhiana,Khanna,Other,Potato,11,700,2000,1400
Punjab,Ludhiana,Khanna,Other,Potato,13,500,900,600
Punjab,Ludhiana,Khanna,Other,Potato,17,700,2000,1500
Punjab,Ludhiana,Khanna,Other,Potato,35,800,2000,1500
Punjab,Ludhiana,Khanna,Other,Potato,44,500,800,600
Punjab,Ludhiana,Khanna,Other,Potato,46,1200,2000,1500
Punjab,Ludhiana,Khanna,Other,Potato,49,800,1500,1200
Punjab,Ludhiana,Khanna,Other,Potato,52,800,2000,1500
Punjab,Ludhiana,Khanna,Other,Potato,53,800,2000,1500
Punjab,Ludhiana,Khanna,Other,Potato,54,600,1000,700
Punjab,Ludhiana,Khanna,Other,Potato,58,1000,1800,1500
Punjab,Ludhiana,Khanna,Other,Potato,59,500,900,600
Punjab,Ludhiana,Khanna,Other,Potato,62,500,800,600
Punjab,Ludhiana,Khanna,Other,Potato,66,800,1500,1300
Punjab,Ludhiana,Khanna,Other,Potato,27,400,600,500
Punjab,Ludhiana,Khanna,Other,Potato,34,500,800,600
Punjab,Ludhiana,Khanna,Other,Potato,41,400,600,500
Punjab,Ludhiana,Khanna,Other,Potato,41,400,800,600
Punjab,Ludhiana,Khanna,Other,Potato,41,600,1000,700
Punjab,Ludhiana,Khanna,Other,Potato,49,800,1500,1300
Punjab,Ludhiana,Khanna,Other,Potato,64,1000,2000,1500
Punjab,Ludhiana,Khanna,Other,Potato,66,1000,2000,1500
Punjab,Ludhiana,Khanna,Other,Potato,27,400,600,500
Punjab,Ludhiana,Khanna,Other,Potato,29,500,700,600
Punjab,Ludhiana,Khanna,Other,Potato,36,1000,1800,1400
Punjab,Ludhiana,Khanna,Other,Potato,38,500,800,600
Punjab,Ludhiana,Khanna,Other,Potato,39,1000,2000,1500
Punjab,Ludhiana,Khanna,Other,Potato,42,1000,1900,1500
Punjab,Ludhiana,Khanna,Other,Potato,44,700,1900,1500
Punjab,Ludhiana,Khanna,Other,Potato,51,1000,2000,1500
Punjab,Ludhiana,Khanna,Other,Potato,52,500,800,600
Punjab,Ludhiana,Khanna,Other,Potato,59,600,1000,700
Punjab,Ludhiana,Khanna,Other,Potato,70,500,800,600
Punjab,Ludhiana,Khanna,Other,Potato,20,400,600,500
Punjab,Ludhiana,Khanna,Other,Potato,35,700,2000,1500
Punjab,Ludhiana,Khanna,Other,Potato,41,400,600,500
Punjab,Ludhiana,Khanna,Other,Potato,41,1200,2000,1500
Punjab,Ludhiana,Khanna,Other,Potato,49,800,1500,1200
Punjab,Ludhiana,Khanna,Other,Potato,52,500,800,600
Punjab,Ludhiana,Khanna,Other,Potato,53,800,2500,1600
Punjab,Ludhiana,Khanna,Other,Potato,53,600,1000,700
Punjab,Ludhiana,Khanna,Other,Potato,64,600,800,700
Punjab,Ludhiana,Khanna,Other,Potato,71,400,600,500
Punjab,Ludhiana,Khanna,Other,Potato,17,400,600,500
Punjab,Ludhiana,Khanna,Other,Potato,17,800,1500,1200
Punjab,Ludhiana,Khanna,Other,Potato,24,400,600,500
Punjab,Ludhiana,Khanna,Other,Potato,33,1000,1500,1200
Punjab,Ludhiana,Khanna,Other,Potato,33,700,2000,1500
Punjab,Ludhiana,Khanna,Other,Potato,36,700,1800,1500
Punjab,Ludhiana,Khanna,Other,Potato,36,500,900,600
Punjab,Ludhiana,Khanna,Other,Potato,37,600,1000,700
Punjab,Ludhiana,Khanna,Other,Potato,38,700,2000,1500
Punjab,Ludhiana,Khanna,Other,Potato,42,800,2000,1300
Punjab,Ludhiana,Khanna,Other,Potato,44,800,2000,1500
Punjab,Ludhiana,Khanna,Other,Potato,56,700,2000,1500
Punjab,Ludhiana,Khanna,Other,Potato,58,1000,2000,1500
Punjab,Ludhiana,Khanna,Other,Potato,58,700,2000,1500
Punjab,Ludhiana,Khanna,Other,Potato,58,1000,2000,1600
Punjab,Ludhiana,Khanna,Other,Potato,59,1000,2000,1500
Punjab,Ludhiana,Khanna,Other,Potato,59,500,900,600
Punjab,Ludhiana,Khanna,Other,Potato,65,800,2000,1500
Punjab,Ludhiana,Khanna,Other,Potato,66,800,1500,1200
Punjab,Ludhiana,Khanna,Other,Potato,23,500,1000,800
Punjab,Ludhiana,Khanna,Other,Potato,27,400,600,500
Punjab,Ludhiana,Khanna,Other,Potato,31,400,600,500
Punjab,Ludhiana,Khanna,Other,Potato,32,500,800,600
Punjab,Ludhiana,Khanna,Other,Potato,35,1000,2000,1500
Punjab,Ludhiana,Khanna,Other,Potato,37,1000,2000,1400
Punjab,Ludhiana,Khanna,Other,Potato,38,1200,2000,1500
Punjab,Ludhiana,Khanna,Other,Potato,40,1000,2000,1500
Punjab,Ludhiana,Khanna,Other,Potato,41,500,700,600
Punjab,Ludhiana,Khanna,Other,Potato,49,1000,2000,1500
Punjab,Ludhiana,Khanna,Other,Potato,51,1000,2000,1500
Punjab,Ludhiana,Khanna,Other,Potato,54,800,2000,1500
Punjab,Ludhiana,Khanna,Other,Potato,65,600,1000,700
Punjab,Ludhiana,Khanna,Other,Potato,74,500,900,600
Punjab,Ludhiana,Khanna,Other,Potato,74,700,2000,1400
Punjab,Ludhiana,Khanna,Other,Potato,19,600,1000,700
Punjab,Ludhiana,Khanna,Other,Potato,28,600,800,700
Punjab,Ludhiana,Khanna,Other,Potato,31,500,1000,800
Punjab,Ludhiana,Khanna,Other,Potato,32,500,900,600
Punjab,Ludhiana,Khanna,Other,Potato,35,1000,2000,1500
Punjab,Ludhiana,Khanna,Other,Potato,36,700,2000,1500
Punjab,Ludhiana,Khanna,Other,Potato,39,1000,2000,1500
Punjab,Ludhiana,Khanna,Other,Potato,41,1000,1800,1500
Punjab,Ludhiana,Khanna,Other,Potato,41,1000,2000,1500
Punjab,Ludhiana,Khanna,Other,Potato,44,400,600,500
Punjab,Ludhiana,Khanna,Other,Potato,50,1000,1800,1500
Punjab,Ludhiana,Khanna,Other,Potato,52,500,1400,700
Punjab,Ludhiana,Khanna,Other,Potato,57,1000,2000,1500
Punjab,Ludhiana,Khanna,Other,Potato,62,700,2000,1500
Punjab,Ludhiana,Khanna,Other,Potato,64,500,700,600
Punjab,Ludhiana,Khanna,Other,Potato,106,800,1500,1200
Punjab,Ludhiana,Khanna,Other,Potato,15,500,700,600
Punjab,Ludhiana,Khanna,Other,Potato,20,600,1000,700
Punjab,Ludhiana,Khanna,Other,Potato,24,500,800,600
Punjab,Ludhiana,Khanna,Other,Potato,32,1000,2000,1500
Punjab,Ludhiana,Khanna,Other,Potato,34,700,2000,1500
Punjab,Ludhiana,Khanna,Other,Potato,36,1000,1800,1500
Punjab,Ludhiana,Khanna,Other,Potato,36,500,800,600
Punjab,Ludhiana,Khanna,Other,Potato,38,500,800,600
Punjab,Ludhiana,Khanna,Other,Potato,40,600,1000,700
Punjab,Ludhiana,Khanna,Other,Potato,42,1000,2000,1500
Punjab,Ludhiana,Khanna,Other,Potato,42,700,2000,1400
Punjab,Ludhiana,Khanna,Other,Potato,51,1000,2000,1600
Punjab,Ludhiana,Khanna,Other,Potato,57,500,800,600
Punjab,Ludhiana,Khanna,Other,Potato,77,700,2000,1500
Punjab,Ludhiana,Khanna,Other,Potato,290,700,2000,1400
Punjab,Ludhiana,Khanna,Other,Potato,6,500,900,600
Punjab,Ludhiana,Khanna,Other,Potato,10,400,600,500
Punjab,Ludhiana,Khanna,Other,Potato,21,400,600,500
Punjab,Ludhiana,Khanna,Other,Potato,23,400,600,500
Punjab,Ludhiana,Khanna,Other,Potato,28,500,1400,1000
Punjab,Ludhiana,Khanna,Other,Potato,29,500,800,600
Punjab,Ludhiana,Khanna,Other,Potato,34,400,600,500
Punjab,Ludhiana,Khanna,Other,Potato,37,400,600,500
Punjab,Ludhiana,Khanna,Other,Potato,37,800,1800,1200
Punjab,Ludhiana,Khanna,Other,Potato,38,1000,2000,1500
Punjab,Ludhiana,Khanna,Other,Potato,38,400,600,500
Punjab,Ludhiana,Khanna,Other,Potato,42,700,2000,1500
Punjab,Ludhiana,Khanna,Other,Potato,44,1000,2000,1500
Punjab,Ludhiana,Khanna,Other,Potato,46,800,2000,1500
Punjab,Ludhiana,Khanna,Other,Potato,51,700,2000,1500
Punjab,Ludhiana,Khanna,Other,Potato,53,500,1500,700
Punjab,Ludhiana,Khanna,Other,Potato,54,1000,2000,1500
Punjab,Ludhiana,Khanna,Other,Potato,60,500,800,700
Punjab,Ludhiana,Khanna,Other,Potato,62,1000,1500,1200
Punjab,Ludhiana,Khanna,Other,Potato,83,700,2000,1500
Punjab,Ludhiana,Khanna,Other,Potato,11,500,800,600
Punjab,Ludhiana,Khanna,Other,Potato,23,400,600,500
Punjab,Ludhiana,Khanna,Other,Potato,26,500,800,600
Punjab,Ludhiana,Khanna,Other,Potato,37,1000,1700,1500
Punjab,Ludhiana,Khanna,Other,Potato,37,700,2000,1500
Punjab,Ludhiana,Khanna,Other,Potato,38,1000,1800,1500
Punjab,Ludhiana,Khanna,Other,Potato,39,1000,2000,1500
Punjab,Ludhiana,Khanna,Other,Potato,47,700,2000,1500
Punjab,Ludhiana,Khanna,Other,Potato,52,500,900,600
Punjab,Ludhiana,Khanna,Other,Potato,58,1000,2000,1400
Punjab,Ludhiana,Khanna,Other,Potato,63,700,2000,1500
Punjab,Ludhiana,Khanna,Other,Potato,80,800,2500,1500
Punjab,Ludhiana,Khanna,Other,Potato,86,800,2000,1600
Punjab,Ludhiana,Khanna,Other,Potato,5,1200,2200,1500
Punjab,Ludhiana,Khanna,Other,Potato,9,500,800,600
Punjab,Ludhiana,Khanna,Other,Potato,21,500,800,600
Punjab,Ludhiana,Khanna,Other,Potato,31,800,1500,1200
Punjab,Ludhiana,Khanna,Other,Potato,35,1000,2100,1500
Punjab,Ludhiana,Khanna,Other,Potato,38,500,800,700
Punjab,Ludhiana,Khanna,Other,Potato,39,500,1000,800
Punjab,Ludhiana,Khanna,Other,Potato,40,1000,1500,1200
Punjab,Ludhiana,Khanna,Other,Potato,42,800,1600,1400
Punjab,Ludhiana,Khanna,Other,Potato,44,1000,1900,1500
Punjab,Ludhiana,Khanna,Other,Potato,45,1000,2000,1600
Punjab,Ludhiana,Khanna,Other,Potato,49,600,1000,700
Punjab,Ludhiana,Khanna,Other,Potato,49,400,600,500
Punjab,Ludhiana,Khanna,Other,Potato,51,1000,1500,1200
Punjab,Ludhiana,Khanna,Other,Potato,54,1000,2000,1500
Punjab,Ludhiana,Khanna,Other,Potato,65,500,1300,1000
Uttrakhand,Haridwar,Haridwar Union,Other,Potato,55,1600,2400,1900
Uttrakhand,Haridwar,Haridwar Union,Potato,Potato,31,700,900,800
Uttrakhand,Haridwar,Haridwar Union,Potato,Potato,35,1200,1800,1600
Uttrakhand,Haridwar,Haridwar Union,Potato,Potato,37,750,1000,850
Uttrakhand,Haridwar,Haridwar Union,Potato,Potato,39,800,1100,900
Uttrakhand,Haridwar,Haridwar Union,Potato,Potato,44,1600,2500,2000
Uttrakhand,Haridwar,Haridwar Union,Potato,Potato,45,1000,1300,1200
Uttrakhand,Haridwar,Haridwar Union,Potato,Potato,45,1500,2500,2000
Uttrakhand,Haridwar,Haridwar Union,Potato,Potato,45,1700,2200,1900
Uttrakhand,Haridwar,Haridwar Union,Potato,Potato,45,1600,2400,1800
Uttrakhand,Haridwar,Haridwar Union,Potato,Potato,48,700,1000,800
Uttrakhand,Haridwar,Haridwar Union,Potato,Potato,51,1700,2200,1900
Uttrakhand,Haridwar,Haridwar Union,Potato,Potato,55,700,1000,850
Uttrakhand,Haridwar,Haridwar Union,Potato,Potato,55,700,1050,850
Uttrakhand,Haridwar,Haridwar Union,Potato,Potato,55,1600,2400,1800
Uttrakhand,Haridwar,Haridwar Union,Potato,Potato,60,1600,1900,1800
Uttrakhand,Haridwar,Haridwar Union,Potato,Potato,31,700,1000,850
Uttrakhand,Haridwar,Haridwar Union,Potato,Potato,33,700,850,800
Uttrakhand,Haridwar,Haridwar Union,Potato,Potato,35,600,800,700
Uttrakhand,Haridwar,Haridwar Union,Potato,Potato,35,1500,2000,1800
Uttrakhand,Haridwar,Haridwar Union,Potato,Potato,41,700,900,800
Uttrakhand,Haridwar,Haridwar Union,Potato,Potato,42,1600,2000,1800
Uttrakhand,Haridwar,Haridwar Union,Potato,Potato,45,1600,2200,1800
Uttrakhand,Haridwar,Haridwar Union,Potato,Potato,45,1600,2400,2000
Uttrakhand,Haridwar,Haridwar Union,Potato,Potato,45,700,1000,850
Uttrakhand,Haridwar,Haridwar Union,Potato,Potato,45,1200,1400,1250
Uttrakhand,Haridwar,Haridwar Union,Potato,Potato,48,700,1000,800
Uttrakhand,Haridwar,Haridwar Union,Potato,Potato,54,1600,2100,1800
Uttrakhand,Haridwar,Haridwar Union,Potato,Potato,60,1600,2200,1800
Uttrakhand,Haridwar,Haridwar Union,Potato,Potato,75,1200,1600,1400
Uttrakhand,Haridwar,Haridwar Union,Potato,Potato,31,700,850,800
Uttrakhand,Haridwar,Haridwar Union,Potato,Potato,35,700,900,800
Uttrakhand,Haridwar,Haridwar Union,Potato,Potato,35,1800,2400,2000
Uttrakhand,Haridwar,Haridwar Union,Potato,Potato,38,750,1050,850
Uttrakhand,Haridwar,Haridwar Union,Potato,Potato,38,800,1100,900
Uttrakhand,Haridwar,Haridwar Union,Potato,Potato,41,700,850,750
Uttrakhand,Haridwar,Haridwar Union,Potato,Potato,41,700,1000,800
Uttrakhand,Haridwar,Haridwar Union,Potato,Potato,42,1600,2100,1800
Uttrakhand,Haridwar,Haridwar Union,Potato,Potato,44,1500,2500,2000
Uttrakhand,Haridwar,Haridwar Union,Potato,Potato,45,1500,2400,1800
Uttrakhand,Haridwar,Haridwar Union,Potato,Potato,45,1700,2200,1900
Uttrakhand,Haridwar,Haridwar Union,Potato,Potato,45,1200,1500,1400
Uttrakhand,Haridwar,Haridwar Union,Potato,Potato,46,700,1000,800
Uttrakhand,Haridwar,Haridwar Union,Potato,Potato,55,1200,1600,1400
Uttrakhand,Haridwar,Haridwar Union,Potato,Potato,55,1500,2400,1800
Uttrakhand,Haridwar,Haridwar Union,Potato,Potato,65,1600,2100,1800
Uttrakhand,Haridwar,Haridwar Union,Other,Potato,45,700,1000,800
Uttrakhand,Haridwar,Haridwar Union,Potato,Potato,31,700,1000,800
Uttrakhand,Haridwar,Haridwar Union,Potato,Potato,35,800,1000,850
Uttrakhand,Haridwar,Haridwar Union,Potato,Potato,41,800,1000,900
Uttrakhand,Haridwar,Haridwar Union,Potato,Potato,45,1400,2000,1600
Uttrakhand,Haridwar,Haridwar Union,Potato,Potato,45,1600,2200,1800
Uttrakhand,Haridwar,Haridwar Union,Potato,Potato,45,1600,2200,1800
Uttrakhand,Haridwar,Haridwar Union,Potato,Potato,45,1600,2400,1900
Uttrakhand,Haridwar,Haridwar Union,Potato,Potato,45,700,1000,850
Uttrakhand,Haridwar,Haridwar Union,Potato,Potato,45,700,1050,900
Uttrakhand,Haridwar,Haridwar Union,Potato,Potato,45,800,1100,1000
Uttrakhand,Haridwar,Haridwar Union,Potato,Potato,48,800,1100,900
Uttrakhand,Haridwar,Haridwar Union,Potato,Potato,55,1700,2400,2000
Uttrakhand,Haridwar,Haridwar Union,Potato,Potato,60,1400,2000,1800
Uttrakhand,Haridwar,Haridwar Union,Potato,Potato,64,1500,2400,1800
Uttrakhand,Haridwar,Haridwar Union,Potato,Potato,65,1400,2200,1800
Uttrakhand,Haridwar,Haridwar Union,Potato,Potato,65,1600,2200,1800
Uttrakhand,Haridwar,Haridwar Union,Other,Potato,65,1200,1500,1400
Uttrakhand,Haridwar,Haridwar Union,Potato,Potato,31,800,1100,900
Uttrakhand,Haridwar,Haridwar Union,Potato,Potato,35,600,800,700
Uttrakhand,Haridwar,Haridwar Union,Potato,Potato,35,700,900,800
Uttrakhand,Haridwar,Haridwar Union,Potato,Potato,35,1600,2500,2000
Uttrakhand,Haridwar,Haridwar Union,Potato,Potato,38,1500,2200,1800
Uttrakhand,Haridwar,Haridwar Union,Potato,Potato,38,700,1000,800
Uttrakhand,Haridwar,Haridwar Union,Potato,Potato,38,700,1000,850
Uttrakhand,Haridwar,Haridwar Union,Potato,Potato,38,1600,2100,1800
Uttrakhand,Haridwar,Haridwar Union,Potato,Potato,45,1000,1500,1200
Uttrakhand,Haridwar,Haridwar Union,Potato,Potato,45,700,1000,800
Uttrakhand,Haridwar,Haridwar Union,Potato,Potato,48,800,1100,900
Uttrakhand,Haridwar,Haridwar Union,Potato,Potato,48,1200,1400,1300
Uttrakhand,Haridwar,Haridwar Union,Potato,Potato,54,700,1000,850
Uttrakhand,Haridwar,Haridwar Union,Potato,Potato,55,1500,2200,1800
Uttrakhand,Haridwar,Haridwar Union,Potato,Potato,65,1000,1800,1300
Uttrakhand,Haridwar,Haridwar Union,Potato,Potato,85,800,1000,900
Uttrakhand,Haridwar,Haridwar Union,Potato,Potato,28,1200,1800,1600
Uttrakhand,Haridwar,Haridwar Union,Potato,Potato,31,800,1000,900
Uttrakhand,Haridwar,Haridwar Union,Potato,Potato,38,700,1100,850
Uttrakhand,Haridwar,Haridwar Union,Potato,Potato,41,1500,2100,1800
Uttrakhand,Haridwar,Haridwar Union,Potato,Potato,43,1200,1400,1300
Uttrakhand,Haridwar,Haridwar Union,Potato,Potato,45,1800,2400,2000
Uttrakhand,Haridwar,Haridwar Union,Potato,Potato,45,1200,1600,1400
Uttrakhand,Haridwar,Haridwar Union,Potato,Potato,65,1500,2200,1800
Uttrakhand,Haridwar,Haridwar Union,Potato,Potato,67,1400,2000,1500
Uttrakhand,Haridwar,Haridwar Union,Potato,Potato,85,1400,1800,1600
Uttrakhand,Haridwar,Haridwar Union,Potato,Potato,30,1500,2100,1800
Uttrakhand,Haridwar,Haridwar Union,Potato,Potato,32,700,900,800
Uttrakhand,Haridwar,Haridwar Union,Potato,Potato,33,700,850,800
Uttrakhand,Haridwar,Haridwar Union,Potato,Potato,33,700,900,800
Uttrakhand,Haridwar,Haridwar Union,Potato,Potato,34,1700,2600,2200
Uttrakhand,Haridwar,Haridwar Union,Potato,Potato,35,1200,1800,1600
Uttrakhand,Haridwar,Haridwar Union,Potato,Potato,36,800,1000,900
Uttrakhand,Haridwar,Haridwar Union,Potato,Potato,36,1600,2200,1800
Uttrakhand,Haridwar,Haridwar Union,Potato,Potato,38,800,1000,900
Uttrakhand,Haridwar,Haridwar Union,Potato,Potato,41,1600,2200,1800
Uttrakhand,Haridwar,Haridwar Union,Potato,Potato,45,1800,2200,1900
Uttrakhand,Haridwar,Haridwar Union,Potato,Potato,45,700,1000,850
Uttrakhand,Haridwar,Haridwar Union,Potato,Potato,46,700,1000,800
Uttrakhand,Haridwar,Haridwar Union,Potato,Potato,51,1000,1200,1100
Uttrakhand,Haridwar,Haridwar Union,Potato,Potato,54,1200,1400,1300
Uttrakhand,Haridwar,Haridwar Union,Potato,Potato,55,800,1100,900
Uttrakhand,Haridwar,Haridwar Union,Potato,Potato,55,1500,2200,1800
Uttrakhand,Haridwar,Haridwar Union,Potato,Potato,56,1200,1500,1300
Uttrakhand,Haridwar,Haridwar Union,Potato,Potato,65,1200,1500,1300
Uttrakhand,Haridwar,Haridwar Union,Potato,Potato,75,1200,2100,1700
Uttrakhand,Haridwar,Haridwar Union,Other,Potato,34,1000,1400,1200
Uttrakhand,Haridwar,Haridwar Union,Other,Potato,45,1100,1300,1200
Uttrakhand,Haridwar,Haridwar Union,Potato,Potato,8,2000,2600,2400
Uttrakhand,Haridwar,Haridwar Union,Potato,Potato,28,700,1000,800
Uttrakhand,Haridwar,Haridwar Union,Potato,Potato,35,700,1000,800
Uttrakhand,Haridwar,Haridwar Union,Potato,Potato,38,700,900,800
Uttrakhand,Haridwar,Haridwar Union,Potato,Potato,38,700,1000,850
Uttrakhand,Haridwar,Haridwar Union,Potato,Potato,38,1600,2000,1800
Uttrakhand,Haridwar,Haridwar Union,Potato,Potato,38,1600,2500,2000
Uttrakhand,Haridwar,Haridwar Union,Potato,Potato,41,800,1000,900
Uttrakhand,Haridwar,Haridwar Union,Potato,Potato,41,800,1100,900
Uttrakhand,Haridwar,Haridwar Union,Potato,Potato,41,1600,2500,2000
Uttrakhand,Haridwar,Haridwar Union,Potato,Potato,42,700,850,800
Uttrakhand,Haridwar,Haridwar Union,Potato,Potato,45,1200,1500,1300
Uttrakhand,Haridwar,Haridwar Union,Potato,Potato,45,1600,2200,1800
Uttrakhand,Haridwar,Haridwar Union,Potato,Potato,45,1600,2500,2000
Uttrakhand,Haridwar,Haridwar Union,Potato,Potato,48,700,1000,800
Uttrakhand,Haridwar,Haridwar Union,Potato,Potato,48,700,1000,800
Uttrakhand,Haridwar,Haridwar Union,Potato,Potato,48,1200,1500,1400
Uttrakhand,Haridwar,Haridwar Union,Potato,Potato,55,1600,2200,1800
Uttrakhand,Haridwar,Haridwar Union,Potato,Potato,55,1600,2200,1800
Uttrakhand,Haridwar,Haridwar Union,Potato,Potato,55,1600,2200,1900
Uttrakhand,Haridwar,Haridwar Union,Potato,Potato,55,1700,2400,2000
Uttrakhand,Haridwar,Haridwar Union,Potato,Potato,65,1600,2400,1800
Uttrakhand,Haridwar,Haridwar Union,Potato,Potato,35,700,1000,800
Uttrakhand,Haridwar,Haridwar Union,Potato,Potato,35,700,1000,800
Uttrakhand,Haridwar,Haridwar Union,Potato,Potato,38,1500,2000,1700
Uttrakhand,Haridwar,Haridwar Union,Potato,Potato,38,700,1000,800
Uttrakhand,Haridwar,Haridwar Union,Potato,Potato,38,1600,2000,1800
Uttrakhand,Haridwar,Haridwar Union,Potato,Potato,45,700,1000,850
Uttrakhand,Haridwar,Haridwar Union,Potato,Potato,45,1200,1500,1400
Uttrakhand,Haridwar,Haridwar Union,Potato,Potato,45,1800,2400,2000
Uttrakhand,Haridwar,Haridwar Union,Potato,Potato,45,1800,2500,2000
Uttrakhand,Haridwar,Haridwar Union,Potato,Potato,48,700,1000,800
Uttrakhand,Haridwar,Haridwar Union,Potato,Potato,48,700,1050,850
Uttrakhand,Haridwar,Haridwar Union,Potato,Potato,48,1200,1600,1400
Uttrakhand,Haridwar,Haridwar Union,Potato,Potato,65,1600,2200,1800
Uttrakhand,Haridwar,Haridwar Union,Potato,Potato,65,1200,1400,1300
Uttrakhand,Haridwar,Haridwar Union,Potato,Potato,66,1600,2400,2000
Uttrakhand,Haridwar,Haridwar Union,Potato,Potato,80,1300,1500,1400
Uttrakhand,Haridwar,Haridwar Union,Other,Potato,24,700,810,800
Uttrakhand,Haridwar,Haridwar Union,Other,Potato,45,1000,1200,1100
Uttrakhand,Haridwar,Haridwar Union,Potato,Potato,28,500,800,600
Uttrakhand,Haridwar,Haridwar Union,Potato,Potato,34,1600,2200,1800
Uttrakhand,Haridwar,Haridwar Union,Potato,Potato,35,1300,1800,1500
Uttrakhand,Haridwar,Haridwar Union,Potato,Potato,36,800,1000,900
Uttrakhand,Haridwar,Haridwar Union,Potato,Potato,38,700,1000,850
Uttrakhand,Haridwar,Haridwar Union,Potato,Potato,38,800,1000,900
Uttrakhand,Haridwar,Haridwar Union,Potato,Potato,43,1700,2400,2000
Uttrakhand,Haridwar,Haridwar Union,Potato,Potato,44,1600,2200,1800
Uttrakhand,Haridwar,Haridwar Union,Potato,Potato,45,700,1000,800
Uttrakhand,Haridwar,Haridwar Union,Potato,Potato,45,1500,2200,1800
Uttrakhand,Haridwar,Haridwar Union,Potato,Potato,45,1800,2200,1900
Uttrakhand,Haridwar,Haridwar Union,Potato,Potato,48,700,1000,850
Uttrakhand,Haridwar,Haridwar Union,Potato,Potato,55,1200,1600,1400
Uttrakhand,Haridwar,Haridwar Union,Potato,Potato,55,1500,2200,1800
Uttrakhand,Haridwar,Haridwar Union,Potato,Potato,61,1600,2200,1800
Uttrakhand,Haridwar,Haridwar Union,Potato,Potato,65,1700,2200,2000
Uttrakhand,Haridwar,Haridwar Union,Potato,Potato,35,1600,2000,1800
Uttrakhand,Haridwar,Haridwar Union,Potato,Potato,36,800,1000,900
Uttrakhand,Haridwar,Haridwar Union,Potato,Potato,36,800,1100,900
Uttrakhand,Haridwar,Haridwar Union,Potato,Potato,38,650,900,800
Uttrakhand,Haridwar,Haridwar Union,Potato,Potato,38,800,1100,900
Uttrakhand,Haridwar,Haridwar Union,Potato,Potato,39,700,1000,850
Uttrakhand,Haridwar,Haridwar Union,Potato,Potato,42,700,1050,850
Uttrakhand,Haridwar,Haridwar Union,Potato,Potato,45,700,1000,800
Uttrakhand,Haridwar,Haridwar Union,Potato,Potato,45,1600,2500,2000
Uttrakhand,Haridwar,Haridwar Union,Potato,Potato,45,1600,2200,1800
Uttrakhand,Haridwar,Haridwar Union,Potato,Potato,46,1800,2200,1900
Uttrakhand,Haridwar,Haridwar Union,Potato,Potato,55,1600,1900,1750
Uttrakhand,Haridwar,Haridwar Union,Potato,Potato,55,1600,2200,1900
Uttrakhand,Haridwar,Haridwar Union,Potato,Potato,56,1400,1800,1500
Uttrakhand,Haridwar,Haridwar Union,Potato,Potato,61,1600,2200,1900
Uttrakhand,Haridwar,Haridwar Union,Potato,Potato,33,600,900,800
Uttrakhand,Haridwar,Haridwar Union,Potato,Potato,34,1600,2400,1800
Uttrakhand,Haridwar,Haridwar Union,Potato,Potato,35,700,1000,800
Uttrakhand,Haridwar,Haridwar Union,Potato,Potato,35,800,1100,900
Uttrakhand,Haridwar,Haridwar Union,Potato,Potato,35,1600,2000,1800
Uttrakhand,Haridwar,Haridwar Union,Potato,Potato,35,800,1100,900
Uttrakhand,Haridwar,Haridwar Union,Potato,Potato,38,1800,2500,2100
Uttrakhand,Haridwar,Haridwar Union,Potato,Potato,41,1600,2000,1800
Uttrakhand,Haridwar,Haridwar Union,Potato,Potato,43,1000,1500,1200
Uttrakhand,Haridwar,Haridwar Union,Potato,Potato,45,700,1000,800
Uttrakhand,Haridwar,Haridwar Union,Potato,Potato,45,1100,1250,1200
Uttrakhand,Haridwar,Haridwar Union,Potato,Potato,45,1500,2200,1800
Uttrakhand,Haridwar,Haridwar Union,Potato,Potato,48,700,1000,850
Uttrakhand,Haridwar,Haridwar Union,Potato,Potato,55,1400,2100,1700
Uttrakhand,Haridwar,Haridwar Union,Potato,Potato,80,1200,2000,1800
Uttrakhand,Haridwar,Haridwar Union,Other,Potato,42,1000,1500,1200
Uttrakhand,Haridwar,Haridwar Union,Potato,Potato,8,2000,2500,2200
Uttrakhand,Haridwar,Haridwar Union,Potato,Potato,32,700,800,750
Uttrakhand,Haridwar,Haridwar Union,Potato,Potato,35,1500,2100,1800
Uttrakhand,Haridwar,Haridwar Union,Potato,Potato,35,1600,2400,1800
Uttrakhand,Haridwar,Haridwar Union,Potato,Potato,36,800,1100,900
Uttrakhand,Haridwar,Haridwar Union,Potato,Potato,38,700,1000,850
Uttrakhand,Haridwar,Haridwar Union,Potato,Potato,38,700,800,750
Uttrakhand,Haridwar,Haridwar Union,Potato,Potato,38,700,1050,800
Uttrakhand,Haridwar,Haridwar Union,Potato,Potato,38,750,1050,850
Uttrakhand,Haridwar,Haridwar Union,Potato,Potato,45,700,900,800
Uttrakhand,Haridwar,Haridwar Union,Potato,Potato,45,700,1000,800
Uttrakhand,Haridwar,Haridwar Union,Potato,Potato,45,1700,2400,2000
Uttrakhand,Haridwar,Haridwar Union,Potato,Potato,45,1800,2400,2000
Uttrakhand,Haridwar,Haridwar Union,Potato,Potato,45,1600,2200,1800
Uttrakhand,Haridwar,Haridwar Union,Potato,Potato,46,1500,2200,1800
Uttrakhand,Haridwar,Haridwar Union,Potato,Potato,48,1400,2000,1600
Uttrakhand,Haridwar,Haridwar Union,Potato,Potato,55,1100,1250,1150
Uttrakhand,Haridwar,Haridwar Union,Potato,Potato,55,1200,1500,1300
Uttrakhand,Haridwar,Haridwar Union,Potato,Potato,35,1600,2400,2000
Uttrakhand,Haridwar,Haridwar Union,Potato,Potato,36,800,1100,900
Uttrakhand,Haridwar,Haridwar Union,Potato,Potato,36,700,1000,800
Uttrakhand,Haridwar,Haridwar Union,Potato,Potato,38,1500,2100,1800
Uttrakhand,Haridwar,Haridwar Union,Potato,Potato,38,1500,2100,1800
Uttrakhand,Haridwar,Haridwar Union,Potato,Potato,45,1600,2400,1800
Uttrakhand,Haridwar,Haridwar Union,Potato,Potato,51,1800,2400,2000
Uttrakhand,Haridwar,Haridwar Union,Potato,Potato,55,1500,2100,1800
Uttrakhand,Haridwar,Haridwar Union,Potato,Potato,55,1700,2400,1900
Uttrakhand,Haridwar,Haridwar Union,Potato,Potato,55,1800,2500,2000
Uttrakhand,Haridwar,Haridwar Union,Potato,Potato,56,1200,1400,1300
Uttrakhand,Haridwar,Haridwar Union,Potato,Potato,56,1200,1600,1400
Uttrakhand,Haridwar,Haridwar Union,Potato,Potato,65,1600,2200,1800
Uttrakhand,Haridwar,Haridwar Union,Potato,Potato,44,1600,2000,1800
Uttrakhand,Haridwar,Haridwar Union,Potato,Potato,45,1600,2200,1800
Uttrakhand,Haridwar,Haridwar Union,Potato,Potato,45,700,1050,850
Uttrakhand,Haridwar,Haridwar Union,Potato,Potato,45,1400,2000,1600
Uttrakhand,Haridwar,Haridwar Union,Potato,Potato,54,1000,1400,1200
Uttrakhand,Haridwar,Haridwar Union,Potato,Potato,55,1600,2200,1800
Uttrakhand,Haridwar,Haridwar Union,Potato,Potato,60,1500,2200,1800
Uttrakhand,Haridwar,Haridwar Union,Potato,Potato,65,1600,2000,1800
Uttrakhand,Haridwar,Haridwar Union,Potato,Potato,74,1200,1500,1300
Uttrakhand,Haridwar,Haridwar Union,Potato,Potato,85,1800,2400,2000
Uttrakhand,Haridwar,Haridwar Union,Potato,Potato,33,800,1000,900
Uttrakhand,Haridwar,Haridwar Union,Potato,Potato,38,700,1000,850
Uttrakhand,Haridwar,Haridwar Union,Potato,Potato,45,700,1000,800
Uttrakhand,Haridwar,Haridwar Union,Potato,Potato,45,800,1000,900
Uttrakhand,Haridwar,Haridwar Union,Potato,Potato,48,700,1000,850
Uttrakhand,Haridwar,Haridwar Union,Potato,Potato,48,700,1000,850
Uttrakhand,Haridwar,Haridwar Union,Potato,Potato,48,700,1100,850
Uttrakhand,Haridwar,Haridwar Union,Potato,Potato,48,800,1050,950
Uttrakhand,Haridwar,Haridwar Union,Potato,Potato,48,1400,2000,1700
Uttrakhand,Haridwar,Haridwar Union,Potato,Potato,54,1600,2500,2000
Uttrakhand,Haridwar,Haridwar Union,Potato,Potato,65,1500,2200,1800
Uttrakhand,Haridwar,Haridwar Union,Potato,Potato,95,1400,2200,1700
Haryana,Gurgaon,Farukh Nagar,Other,Tomato,0,3000,3500,3000
Haryana,Gurgaon,Farukh Nagar,Other,Tomato,0,2500,3500,2500
Haryana,Gurgaon,Farukh Nagar,Other,Tomato,0,2800,3700,2800
Haryana,Gurgaon,Farukh Nagar,Other,Tomato,0,3000,3500,3000
Haryana,Gurgaon,Farukh Nagar,Other,Tomato,0,3500,4000,3500
Haryana,Gurgaon,Farukh Nagar,Other,Tomato,1,2700,5200,2700
Haryana,Gurgaon,Farukh Nagar,Other,Tomato,1,3000,3500,3000
Haryana,Gurgaon,Farukh Nagar,Other,Tomato,1,3000,4500,3000
Haryana,Gurgaon,Farukh Nagar,Other,Tomato,1,3000,4000,3000
Haryana,Gurgaon,Farukh Nagar,Other,Tomato,1,2800,3800,2800
Haryana,Gurgaon,Farukh Nagar,Other,Tomato,1,3500,4500,3500
Haryana,Gurgaon,Farukh Nagar,Other,Tomato,1,3500,4500,3500
Haryana,Gurgaon,Farukh Nagar,Other,Tomato,1,5000,6000,5000
Haryana,Gurgaon,Farukh Nagar,Other,Tomato,1,2700,5400,2700
Haryana,Gurgaon,Farukh Nagar,Other,Tomato,1,3500,4000,3500
Haryana,Gurgaon,Farukh Nagar,Other,Tomato,1,5000,6000,5000
Haryana,Gurgaon,Farukh Nagar,Other,Tomato,1,2700,5200,2700
Haryana,Gurgaon,Farukh Nagar,Other,Tomato,1,3000,4000,3000
Haryana,Gurgaon,Farukh Nagar,Other,Tomato,1,3000,4000,3000
Haryana,Gurgaon,Farukh Nagar,Other,Tomato,1,3500,4500,3500
Haryana,Gurgaon,Farukh Nagar,Other,Tomato,1,3500,4000,3500
Haryana,Gurgaon,Farukh Nagar,Other,Tomato,1,3500,4500,3500
Haryana,Gurgaon,Farukh Nagar,Other,Tomato,1,4000,5000,4000
Haryana,Gurgaon,Farukh Nagar,Other,Tomato,1,900,1400,900
Haryana,Gurgaon,Farukh Nagar,Other,Tomato,1,2500,4800,2500
Haryana,Gurgaon,Farukh Nagar,Other,Tomato,1,2500,4900,2500
Haryana,Gurgaon,Farukh Nagar,Other,Tomato,1,3500,4500,3500
Haryana,Gurgaon,Farukh Nagar,Other,Tomato,1,2400,5200,2400
Haryana,Gurgaon,Farukh Nagar,Other,Tomato,1,4500,5000,4500
Haryana,Gurgaon,Farukh Nagar,Other,Tomato,1,4500,5500,4500
Haryana,Gurgaon,Farukh Nagar,Other,Tomato,2,1000,1200,1000
Haryana,Gurgaon,Farukh Nagar,Other,Tomato,2,1000,1400,1000
Haryana,Gurgaon,Farukh Nagar,Other,Tomato,2,2000,2500,2000
Haryana,Gurgaon,Farukh Nagar,Other,Tomato,2,2000,2500,2000
Haryana,Gurgaon,Farukh Nagar,Other,Tomato,2,800,1200,800
Haryana,Gurgaon,Farukh Nagar,Other,Tomato,2,900,1100,900
Haryana,Gurgaon,Farukh Nagar,Other,Tomato,2,1900,2300,1900
Haryana,Gurgaon,Farukh Nagar,Other,Tomato,2,1900,2600,1900
Haryana,Gurgaon,Farukh Nagar,Other,Tomato,2,900,1600,900
Haryana,Gurgaon,Farukh Nagar,Other,Tomato,2,1900,2600,1900
Haryana,Gurgaon,Farukh Nagar,Other,Tomato,2,3000,5400,3000
Haryana,Gurgaon,Farukh Nagar,Other,Tomato,2,900,1300,900
Haryana,Gurgaon,Farukh Nagar,Other,Tomato,2,1000,1200,1000
Haryana,Gurgaon,Farukh Nagar,Other,Tomato,2,2000,2400,2000
Haryana,Gurgaon,Farukh Nagar,Other,Tomato,2,900,1200,900
Haryana,Gurgaon,Farukh Nagar,Other,Tomato,2,900,1300,900
Haryana,Gurgaon,Farukh Nagar,Other,Tomato,2,1500,2400,1500
Haryana,Gurgaon,Farukh Nagar,Other,Tomato,2,1000,1200,1000
Haryana,Gurgaon,Farukh Nagar,Other,Tomato,2,1100,1300,1100
Haryana,Gurgaon,Farukh Nagar,Other,Tomato,2,2000,2400,2000
Haryana,Gurgaon,Farukh Nagar,Other,Tomato,2,900,1400,900
Haryana,Gurgaon,Farukh Nagar,Other,Tomato,2,1000,1300,1000
Haryana,Gurgaon,Farukh Nagar,Other,Tomato,2,1000,1300,1000
Haryana,Gurgaon,Farukh Nagar,Other,Tomato,2,1800,2700,1800
Haryana,Gurgaon,Farukh Nagar,Other,Tomato,2,2000,2600,2000
Haryana,Gurgaon,Farukh Nagar,Other,Tomato,3,1500,2400,1500
Haryana,Gurgaon,Farukh Nagar,Other,Tomato,3,1500,2500,1500
Haryana,Gurgaon,Farukh Nagar,Other,Tomato,3,1500,2700,1500
Haryana,Gurgaon,Farukh Nagar,Other,Tomato,3,900,1100,900
Haryana,Gurgaon,Farukh Nagar,Other,Tomato,3,900,1100,900
Haryana,Gurgaon,Farukh Nagar,Other,Tomato,3,1400,2700,1400
Haryana,Gurgaon,Farukh Nagar,Other,Tomato,3,1500,2500,1500
Haryana,Gurgaon,Farukh Nagar,Other,Tomato,3,1500,2500,1500
Haryana,Gurgaon,Farukh Nagar,Other,Tomato,3,1700,2800,1700
Haryana,Gurgaon,Farukh Nagar,Other,Tomato,3,2600,4600,2600
Haryana,Gurgaon,Farukh Nagar,Other,Tomato,3,800,1000,800
Haryana,Gurgaon,Farukh Nagar,Other,Tomato,3,900,1100,900
Haryana,Gurgaon,Farukh Nagar,Other,Tomato,3,900,1100,900
Haryana,Gurgaon,Farukh Nagar,Other,Tomato,3,900,1100,900
Haryana,Gurgaon,Farukh Nagar,Other,Tomato,3,900,1400,900
Haryana,Gurgaon,Farukh Nagar,Other,Tomato,3,1000,1200,1000
Haryana,Gurgaon,Farukh Nagar,Other,Tomato,3,1400,2500,1400
Haryana,Gurgaon,Farukh Nagar,Other,Tomato,3,1500,2200,1500
Haryana,Gurgaon,Farukh Nagar,Other,Tomato,3,1500,2500,1500
Haryana,Gurgaon,Farukh Nagar,Other,Tomato,3,1500,2800,1500
Haryana,Gurgaon,Farukh Nagar,Other,Tomato,3,1900,2400,1900
Haryana,Gurgaon,Farukh Nagar,Other,Tomato,3,800,1000,800
Haryana,Gurgaon,Farukh Nagar,Other,Tomato,3,900,1100,900
Haryana,Gurgaon,Farukh Nagar,Other,Tomato,3,900,1300,900
Haryana,Gurgaon,Farukh Nagar,Other,Tomato,3,1000,1300,1000
Haryana,Gurgaon,Farukh Nagar,Other,Tomato,3,1400,2500,1400
Haryana,Gurgaon,Farukh Nagar,Other,Tomato,3,1500,2800,1500
Haryana,Gurgaon,Farukh Nagar,Other,Tomato,3,1600,2500,1600
Haryana,Gurgaon,Farukh Nagar,Other,Tomato,3,2000,2500,2000
Haryana,Gurgaon,Farukh Nagar,Other,Tomato,3,2500,5000,2500
Haryana,Gurgaon,Farukh Nagar,Other,Tomato,3,900,1100,900
Haryana,Gurgaon,Farukh Nagar,Other,Tomato,3,1000,1200,1000
Haryana,Gurgaon,Farukh Nagar,Other,Tomato,3,1000,1400,1000
Haryana,Gurgaon,Farukh Nagar,Other,Tomato,3,1000,1400,1000
Haryana,Gurgaon,Farukh Nagar,Other,Tomato,3,1500,2400,1500
Haryana,Gurgaon,Farukh Nagar,Other,Tomato,3,1600,2500,1600
Haryana,Gurgaon,Farukh Nagar,Other,Tomato,3,1600,2600,1600
Haryana,Gurgaon,Farukh Nagar,Other,Tomato,3,1600,2600,1600
Haryana,Gurgaon,Farukh Nagar,Other,Tomato,3,1700,2800,1700
Haryana,Gurgaon,Farukh Nagar,Other,Tomato,3,2500,4000,2500
Haryana,Gurgaon,Farukh Nagar,Other,Tomato,3,2700,4700,2700
Haryana,Gurgaon,Farukh Nagar,Other,Tomato,3,3000,5400,3000
Haryana,Gurgaon,Farukh Nagar,Other,Tomato,3,900,1100,900
Haryana,Gurgaon,Farukh Nagar,Other,Tomato,3,900,1200,900
Haryana,Gurgaon,Farukh Nagar,Other,Tomato,3,1000,1200,1000
Haryana,Gurgaon,Farukh Nagar,Other,Tomato,3,1000,1400,1000
Haryana,Gurgaon,Farukh Nagar,Other,Tomato,3,2000,2500,2000
Haryana,Gurgaon,Farukh Nagar,Other,Tomato,3,2400,4000,2400
Haryana,Gurgaon,Farukh Nagar,Other,Tomato,3,2500,5200,2500
Haryana,Gurgaon,Farukh Nagar,Other,Tomato,3,2600,3800,2600
Haryana,Gurgaon,Farukh Nagar,Other,Tomato,3,2600,3800,2600
Haryana,Gurgaon,Farukh Nagar,Other,Tomato,3,2800,4800,2800
Haryana,Gurgaon,Farukh Nagar,Other,Tomato,3,800,1100,800
Haryana,Gurgaon,Farukh Nagar,Other,Tomato,3,800,1100,800
Haryana,Gurgaon,Farukh Nagar,Other,Tomato,3,900,1000,900
Haryana,Gurgaon,Farukh Nagar,Other,Tomato,3,900,1100,900
Haryana,Gurgaon,Farukh Nagar,Other,Tomato,3,1000,1200,1000
Haryana,Gurgaon,Farukh Nagar,Other,Tomato,3,1800,2400,1800
Haryana,Gurgaon,Farukh Nagar,Other,Tomato,3,1800,2500,1800
Haryana,Gurgaon,Farukh Nagar,Other,Tomato,3,1800,3500,1800
Haryana,Gurgaon,Farukh Nagar,Other,Tomato,3,2100,2600,2100
Haryana,Gurgaon,Farukh Nagar,Other,Tomato,3,2100,2600,2100
Haryana,Gurgaon,Farukh Nagar,Other,Tomato,3,2100,2700,2100
Haryana,Gurgaon,Farukh Nagar,Other,Tomato,3,2800,4800,2800
Haryana,Gurgaon,Farukh Nagar,Other,Tomato,3,900,1100,900
Haryana,Gurgaon,Farukh Nagar,Other,Tomato,3,1000,1200,1000
Haryana,Gurgaon,Farukh Nagar,Other,Tomato,3,1000,1200,1000
Haryana,Gurgaon,Farukh Nagar,Other,Tomato,3,1000,1200,1000
Haryana,Gurgaon,Farukh Nagar,Other,Tomato,3,1000,1400,1000
Haryana,Gurgaon,Farukh Nagar,Other,Tomato,3,1900,2300,1900
Haryana,Gurgaon,Farukh Nagar,Other,Tomato,3,1900,2400,1900
Haryana,Gurgaon,Farukh Nagar,Other,Tomato,3,1900,2400,1900
Haryana,Gurgaon,Farukh Nagar,Other,Tomato,3,1900,2500,1900
Haryana,Gurgaon,Farukh Nagar,Other,Tomato,3,2000,2400,2000
Haryana,Gurgaon,Farukh Nagar,Other,Tomato,3,2000,2500,2000
Haryana,Gurgaon,Farukh Nagar,Other,Tomato,3,2000,2600,2000
Haryana,Gurgaon,Farukh Nagar,Other,Tomato,3,2100,2600,2100
Haryana,Gurgaon,Farukh Nagar,Other,Tomato,3,2600,3900,2600
Haryana,Gurgaon,Farukh Nagar,Other,Tomato,3,900,1400,900
Haryana,Gurgaon,Farukh Nagar,Other,Tomato,3,1300,2500,1300
Haryana,Gurgaon,Farukh Nagar,Other,Tomato,3,1500,2500,1500
Haryana,Gurgaon,Farukh Nagar,Other,Tomato,3,1500,2500,1500
Haryana,Gurgaon,Farukh Nagar,Other,Tomato,3,2000,2500,2000
Haryana,Gurgaon,Farukh Nagar,Other,Tomato,3,2800,4700,2800
Haryana,Gurgaon,Farukh Nagar,Other,Tomato,3,900,1200,900
Haryana,Gurgaon,Farukh Nagar,Other,Tomato,3,1000,1600,1000
Haryana,Gurgaon,Farukh Nagar,Other,Tomato,3,1100,1500,1100
Haryana,Gurgaon,Farukh Nagar,Other,Tomato,3,1600,3000,1600
Haryana,Gurgaon,Farukh Nagar,Other,Tomato,3,1700,2800,1700
Haryana,Gurgaon,Farukh Nagar,Other,Tomato,3,1800,3500,1800
Haryana,Gurgaon,Farukh Nagar,Other,Tomato,3,2000,2700,2000
Haryana,Gurgaon,Farukh Nagar,Other,Tomato,3,2800,4000,2800
Haryana,Gurgaon,Farukh Nagar,Other,Tomato,4,900,1200,900
Haryana,Gurgaon,Farukh Nagar,Other,Tomato,4,900,1200,900
Haryana,Gurgaon,Farukh Nagar,Other,Tomato,4,900,1300,900
Haryana,Gurgaon,Farukh Nagar,Other,Tomato,4,900,1400,900
Haryana,Gurgaon,Farukh Nagar,Other,Tomato,4,900,1400,900
Haryana,Gurgaon,Farukh Nagar,Other,Tomato,4,1000,1500,1000
Haryana,Gurgaon,Farukh Nagar,Other,Tomato,4,1000,1500,1000
Haryana,Gurgaon,Farukh Nagar,Other,Tomato,4,1000,1500,1000
Haryana,Gurgaon,Farukh Nagar,Other,Tomato,4,1000,1500,1000
Haryana,Gurgaon,Farukh Nagar,Other,Tomato,4,1100,1500,1100
Haryana,Gurgaon,Farukh Nagar,Other,Tomato,4,1100,1500,1100
Haryana,Gurgaon,Farukh Nagar,Other,Tomato,4,1200,1500,1200
Haryana,Gurgaon,Farukh Nagar,Other,Tomato,4,1600,2900,1600
Haryana,Gurgaon,Farukh Nagar,Other,Tomato,4,1700,2800,1700
Haryana,Gurgaon,Farukh Nagar,Other,Tomato,4,1900,2500,1900
Haryana,Gurgaon,Farukh Nagar,Other,Tomato,4,2000,2500,2000
Haryana,Gurgaon,Farukh Nagar,Other,Tomato,4,2500,3800,2500
Haryana,Gurgaon,Farukh Nagar,Other,Tomato,4,900,1100,900
Haryana,Gurgaon,Farukh Nagar,Other,Tomato,4,900,1200,900
Haryana,Gurgaon,Farukh Nagar,Other,Tomato,4,900,1300,900
Haryana,Gurgaon,Farukh Nagar,Other,Tomato,4,1000,1200,1000
Haryana,Gurgaon,Farukh Nagar,Other,Tomato,4,1000,1300,1000
Haryana,Gurgaon,Farukh Nagar,Other,Tomato,4,800,1300,800
Haryana,Gurgaon,Farukh Nagar,Other,Tomato,4,900,1300,900
Haryana,Gurgaon,Farukh Nagar,Other,Tomato,4,1000,1400,1000
Haryana,Gurgaon,Farukh Nagar,Other,Tomato,4,1000,1400,1000
Haryana,Gurgaon,Farukh Nagar,Other,Tomato,4,1000,1500,1000
Haryana,Gurgaon,Farukh Nagar,Other,Tomato,4,2100,2600,2100
Haryana,Gurgaon,Farukh Nagar,Other,Tomato,4,2600,3700,2600
Haryana,Gurgaon,Farukh Nagar,Other,Tomato,4,900,1300,900
Haryana,Gurgaon,Farukh Nagar,Other,Tomato,4,1100,1600,1100
Haryana,Gurgaon,Farukh Nagar,Other,Tomato,4,1200,1600,1200
Haryana,Gurgaon,Farukh Nagar,Other,Tomato,4,1400,2600,1400
Haryana,Gurgaon,Farukh Nagar,Other,Tomato,4,1000,1200,1000
Haryana,Gurgaon,Farukh Nagar,Other,Tomato,4,1000,1200,1000
Haryana,Gurgaon,Farukh Nagar,Other,Tomato,4,1000,1500,1000
Haryana,Gurgaon,Farukh Nagar,Other,Tomato,4,1000,1500,1000
Haryana,Gurgaon,Farukh Nagar,Other,Tomato,4,2200,3500,2200
Haryana,Gurgaon,Farukh Nagar,Other,Tomato,4,2200,4000,2200
Haryana,Gurgaon,Farukh Nagar,Other,Tomato,4,2400,3900,2400
Haryana,Gurgaon,Farukh Nagar,Other,Tomato,4,900,1300,900
Haryana,Gurgaon,Farukh Nagar,Other,Tomato,4,1000,1200,1000
Haryana,Gurgaon,Farukh Nagar,Other,Tomato,4,1000,1400,1000
Haryana,Gurgaon,Farukh Nagar,Other,Tomato,4,1200,1400,1200
Haryana,Gurgaon,Farukh Nagar,Other,Tomato,4,2400,4000,2400
Haryana,Gurgaon,Farukh Nagar,Other,Tomato,4,900,1100,900
Haryana,Gurgaon,Farukh Nagar,Other,Tomato,4,1100,1400,1100
Haryana,Gurgaon,Farukh Nagar,Other,Tomato,4,2500,3500,2500
Haryana,Gurgaon,Farukh Nagar,Other,Tomato,4,2500,4500,2500
Haryana,Gurgaon,Farukh Nagar,Other,Tomato,4,1000,1400,1400
Haryana,Gurgaon,Farukh Nagar,Other,Tomato,4,1100,1500,1100
Haryana,Gurgaon,Farukh Nagar,Other,Tomato,4,1400,2500,1400
Haryana,Gurgaon,Farukh Nagar,Other,Tomato,4,1800,3500,1800
Haryana,Gurgaon,Farukh Nagar,Other,Tomato,4,2500,3800,2500
Haryana,Gurgaon,Farukh Nagar,Other,Tomato,4,2500,4800,2500
Haryana,Gurgaon,Farukh Nagar,Other,Tomato,4,2500,5200,2500
Haryana,Gurgaon,Farukh Nagar,Other,Tomato,4,2600,5000,2600
Haryana,Gurgaon,Farukh Nagar,Other,Tomato,5,1000,1300,1000
Haryana,Gurgaon,Farukh Nagar,Other,Tomato,5,2400,5200,2400
Haryana,Gurgaon,Farukh Nagar,Other,Tomato,5,2500,3800,2500
Haryana,Gurgaon,Farukh Nagar,Other,Tomato,5,2600,5500,2600
Haryana,Gurgaon,Farukh Nagar,Other,Tomato,5,1600,2700,1600
Haryana,Gurgaon,Farukh Nagar,Other,Tomato,5,1000,1500,1000
Haryana,Gurgaon,Farukh Nagar,Other,Tomato,5,1000,1500,1000
Haryana,Gurgaon,Farukh Nagar,Other,Tomato,5,1100,1400,1100
Haryana,Gurgaon,Farukh Nagar,Other,Tomato,5,2400,4000,2400
Haryana,Gurgaon,Farukh Nagar,Other,Tomato,5,2400,5000,2400
Haryana,Gurgaon,Farukh Nagar,Other,Tomato,5,2000,2500,2000
Haryana,Gurgaon,Farukh Nagar,Other,Tomato,5,2500,5300,2500
Haryana,Gurgaon,Farukh Nagar,Other,Tomato,5,2600,4600,2600
Haryana,Gurgaon,Farukh Nagar,Other,Tomato,5,900,1300,900
Haryana,Gurgaon,Farukh Nagar,Other,Tomato,5,2400,5200,2400
Haryana,Gurgaon,Farukh Nagar,Other,Tomato,5,1800,3500,1800
Haryana,Gurgaon,Farukh Nagar,Other,Tomato,6,1700,3400,1700
Haryana,Gurgaon,Farukh Nagar,Other,Tomato,6,900,1300,900
Haryana,Gurgaon,Farukh Nagar,Other,Tomato,6,2000,2600,2000
Haryana,Gurgaon,Farukh Nagar,Other,Tomato,6,900,1400,900
Haryana,Gurgaon,Farukh Nagar,Other,Tomato,6,1000,1500,1000
Haryana,Gurgaon,Farukh Nagar,Other,Tomato,6,1700,3400,1700
Haryana,Gurgaon,Pataudi,Other,Tomato,1,3500,4200,4000
Haryana,Gurgaon,Pataudi,Other,Tomato,1,3500,4000,3800
Haryana,Gurgaon,Pataudi,Other,Tomato,1,3400,4000,3800
Haryana,Gurgaon,Pataudi,Other,Tomato,1,5000,5200,5100
Haryana,Gurgaon,Pataudi,Other,Tomato,1,3500,4000,3800
Haryana,Gurgaon,Pataudi,Other,Tomato,1,3500,4500,4000
Haryana,Gurgaon,Pataudi,Other,Tomato,2,2500,3000,2800
Haryana,Gurgaon,Pataudi,Other,Tomato,2,3000,3300,3200
Haryana,Gurgaon,Pataudi,Other,Tomato,2,3800,4500,4000
Haryana,Gurgaon,Pataudi,Other,Tomato,2,3500,4000,3800
Haryana,Gurgaon,Pataudi,Other,Tomato,2,5000,5500,5200
Haryana,Gurgaon,Pataudi,Other,Tomato,2,700,800,750
Haryana,Gurgaon,Pataudi,Other,Tomato,2,1800,2100,2000
Haryana,Gurgaon,Pataudi,Other,Tomato,2,2000,2300,2200
Haryana,Gurgaon,Pataudi,Other,Tomato,2,2800,3200,3000
Haryana,Gurgaon,Pataudi,Other,Tomato,2,3000,4500,4000
Haryana,Gurgaon,Pataudi,Other,Tomato,2,3000,3500,3200
Haryana,Gurgaon,Pataudi,Other,Tomato,2,3500,4000,3800
Haryana,Gurgaon,Pataudi,Other,Tomato,2,500,700,600
Haryana,Gurgaon,Pataudi,Other,Tomato,3,3000,3500,3200
Haryana,Gurgaon,Pataudi,Other,Tomato,3,3000,3500,3200
Haryana,Gurgaon,Pataudi,Other,Tomato,3,800,1000,900
Haryana,Gurgaon,Pataudi,Other,Tomato,3,7000,8000,7500
Haryana,Gurgaon,Pataudi,Other,Tomato,3,3300,3800,3500
Haryana,Gurgaon,Pataudi,Other,Tomato,3,6000,8000,7000
Haryana,Gurgaon,Pataudi,Other,Tomato,3,2500,3000,2800
Haryana,Gurgaon,Pataudi,Other,Tomato,3,3800,4200,4000
Haryana,Gurgaon,Pataudi,Other,Tomato,3,1600,2000,1800
Haryana,Gurgaon,Pataudi,Other,Tomato,3,3300,4000,3500
Haryana,Gurgaon,Pataudi,Other,Tomato,3,6000,6300,6200
Haryana,Gurgaon,Pataudi,Other,Tomato,3,800,1000,900
Haryana,Gurgaon,Pataudi,Other,Tomato,3,2200,4000,3500
Haryana,Gurgaon,Pataudi,Other,Tomato,3,3000,3600,3200
Haryana,Gurgaon,Pataudi,Other,Tomato,3,3500,4000,3800
Haryana,Gurgaon,Pataudi,Other,Tomato,3,3000,3200,3100
Haryana,Gurgaon,Pataudi,Other,Tomato,3,3400,4000,3800
Haryana,Gurgaon,Pataudi,Other,Tomato,4,800,950,900
Haryana,Gurgaon,Pataudi,Other,Tomato,4,800,1000,900
Haryana,Gurgaon,Pataudi,Other,Tomato,4,2000,2500,2200
Haryana,Gurgaon,Pataudi,Other,Tomato,4,3000,3600,3200
Haryana,Gurgaon,Pataudi,Other,Tomato,4,700,900,800
Haryana,Gurgaon,Pataudi,Other,Tomato,4,1800,2100,2000
Haryana,Gurgaon,Pataudi,Other,Tomato,4,3000,3500,3200
Haryana,Gurgaon,Pataudi,Other,Tomato,4,3500,4000,3800
Haryana,Gurgaon,Pataudi,Other,Tomato,4,800,1000,900
Haryana,Gurgaon,Pataudi,Other,Tomato,4,3000,3500,3200
Haryana,Gurgaon,Pataudi,Other,Tomato,4,4000,5000,4500
Haryana,Gurgaon,Pataudi,Other,Tomato,4,4000,8000,6000
Haryana,Gurgaon,Pataudi,Other,Tomato,4,5000,6000,5500
Haryana,Gurgaon,Pataudi,Other,Tomato,4,2400,4200,3500
Haryana,Gurgaon,Pataudi,Other,Tomato,4,5000,5200,5100
Haryana,Gurgaon,Pataudi,Other,Tomato,4,5000,6000,5500
Haryana,Gurgaon,Pataudi,Other,Tomato,4,800,1000,900
Haryana,Gurgaon,Pataudi,Other,Tomato,4,900,1100,1000
Haryana,Gurgaon,Pataudi,Other,Tomato,4,2000,2500,2200
Haryana,Gurgaon,Pataudi,Other,Tomato,4,800,1000,900
Haryana,Gurgaon,Pataudi,Other,Tomato,4,1800,2000,1900
Haryana,Gurgaon,Pataudi,Other,Tomato,5,400,600,500
Haryana,Gurgaon,Pataudi,Other,Tomato,5,1200,1400,1300
Haryana,Gurgaon,Pataudi,Other,Tomato,5,2000,2500,2200
Haryana,Gurgaon,Pataudi,Other,Tomato,5,5000,5500,5200
Haryana,Gurgaon,Pataudi,Other,Tomato,5,700,900,800
Haryana,Gurgaon,Pataudi,Other,Tomato,5,900,1000,950
Haryana,Gurgaon,Pataudi,Other,Tomato,5,2800,3200,3000
Haryana,Gurgaon,Pataudi,Other,Tomato,5,5000,5800,5200
Haryana,Gurgaon,Pataudi,Other,Tomato,5,500,600,550
Haryana,Gurgaon,Pataudi,Other,Tomato,5,500,700,600
Haryana,Gurgaon,Pataudi,Other,Tomato,5,800,1000,900
Haryana,Gurgaon,Pataudi,Other,Tomato,5,3000,3300,3200
Haryana,Gurgaon,Pataudi,Other,Tomato,5,400,600,500
Haryana,Gurgaon,Pataudi,Other,Tomato,5,3000,3300,3200
Haryana,Gurgaon,Pataudi,Other,Tomato,5,1500,5000,3500
Haryana,Gurgaon,Pataudi,Other,Tomato,5,4000,8000,6000
Haryana,Gurgaon,Pataudi,Other,Tomato,5,700,1200,900
Haryana,Gurgaon,Pataudi,Other,Tomato,5,1000,1100,1050
Haryana,Gurgaon,Pataudi,Other,Tomato,5,4500,5200,5000
Haryana,Gurgaon,Pataudi,Other,Tomato,6,900,1100,1000
Haryana,Gurgaon,Pataudi,Other,Tomato,6,900,1100,1000
Haryana,Gurgaon,Pataudi,Other,Tomato,6,400,600,500
Haryana,Gurgaon,Pataudi,Other,Tomato,6,2000,2300,2200
Haryana,Gurgaon,Pataudi,Other,Tomato,6,2600,2800,2700
Haryana,Gurgaon,Pataudi,Other,Tomato,6,3000,3500,3200
Haryana,Gurgaon,Pataudi,Other,Tomato,6,800,1000,900
Haryana,Gurgaon,Pataudi,Other,Tomato,6,2000,2500,2200
Haryana,Gurgaon,Pataudi,Other,Tomato,6,1400,1600,1500
Haryana,Gurgaon,Pataudi,Other,Tomato,6,1800,2000,1900
Haryana,Gurgaon,Pataudi,Other,Tomato,6,400,600,500
Haryana,Gurgaon,Pataudi,Other,Tomato,6,800,1000,900
Haryana,Gurgaon,Pataudi,Other,Tomato,6,800,1000,900
Haryana,Gurgaon,Pataudi,Other,Tomato,6,3000,3300,3200
Haryana,Gurgaon,Pataudi,Other,Tomato,6,2000,2500,2200
Haryana,Gurgaon,Pataudi,Other,Tomato,7,2000,3500,3000
Haryana,Gurgaon,Pataudi,Other,Tomato,7,5000,5800,5500
Haryana,Gurgaon,Pataudi,Other,Tomato,7,1000,1200,1100
Haryana,Gurgaon,Pataudi,Other,Tomato,7,1300,1500,1400
Haryana,Gurgaon,Pataudi,Other,Tomato,7,500,700,600
Haryana,Gurgaon,Pataudi,Other,Tomato,7,800,1000,900
Haryana,Gurgaon,Pataudi,Other,Tomato,7,3000,4000,3500
Haryana,Gurgaon,Pataudi,Other,Tomato,7,400,600,500
Haryana,Gurgaon,Pataudi,Other,Tomato,7,800,1000,900
Haryana,Gurgaon,Pataudi,Other,Tomato,7,600,800,700
Haryana,Gurgaon,Pataudi,Other,Tomato,7,1700,2000,1800
Haryana,Gurgaon,Pataudi,Other,Tomato,7,700,1000,800
Haryana,Gurgaon,Pataudi,Other,Tomato,7,2000,2200,2100
Haryana,Gurgaon,Pataudi,Other,Tomato,8,1400,3300,2000
Haryana,Gurgaon,Pataudi,Other,Tomato,8,1800,3500,2500
Haryana,Gurgaon,Pataudi,Other,Tomato,8,2300,2850,2500
Haryana,Gurgaon,Pataudi,Other,Tomato,8,1300,1500,1400
Haryana,Gurgaon,Pataudi,Other,Tomato,8,2500,3300,2800
Haryana,Gurgaon,Pataudi,Other,Tomato,8,2700,3500,3000
Haryana,Gurgaon,Pataudi,Other,Tomato,8,700,900,800
Haryana,Gurgaon,Pataudi,Other,Tomato,8,900,1200,1000
Haryana,Gurgaon,Pataudi,Other,Tomato,8,800,1000,900
Haryana,Gurgaon,Pataudi,Other,Tomato,8,1000,1500,1200
Haryana,Gurgaon,Pataudi,Other,Tomato,8,1800,2200,2000
Haryana,Gurgaon,Pataudi,Other,Tomato,8,2000,4000,3000
Haryana,Gurgaon,Pataudi,Other,Tomato,8,800,1000,900
Haryana,Gurgaon,Pataudi,Other,Tomato,8,800,1100,900
Haryana,Gurgaon,Pataudi,Other,Tomato,8,1000,1200,1100
Haryana,Gurgaon,Pataudi,Other,Tomato,8,800,1000,900
Haryana,Gurgaon,Pataudi,Other,Tomato,9,800,1000,900
Haryana,Gurgaon,Pataudi,Other,Tomato,9,3000,3400,3200
Haryana,Gurgaon,Pataudi,Other,Tomato,9,800,900,850
Haryana,Gurgaon,Pataudi,Other,Tomato,9,1000,1200,1100
Haryana,Gurgaon,Pataudi,Other,Tomato,9,800,1000,900
Haryana,Gurgaon,Pataudi,Other,Tomato,9,800,1000,900
Haryana,Gurgaon,Pataudi,Other,Tomato,9,700,900,800
Haryana,Gurgaon,Pataudi,Other,Tomato,9,700,1000,900
Haryana,Gurgaon,Pataudi,Other,Tomato,9,800,1000,900
Haryana,Gurgaon,Pataudi,Other,Tomato,9,800,1000,900
Haryana,Gurgaon,Pataudi,Other,Tomato,9,1000,1200,1100
Haryana,Gurgaon,Pataudi,Other,Tomato,9,800,1000,900
Haryana,Gurgaon,Pataudi,Other,Tomato,9,900,1000,950
Haryana,Gurgaon,Pataudi,Other,Tomato,9,800,1000,900
Haryana,Gurgaon,Pataudi,Other,Tomato,9,900,1000,950
Haryana,Gurgaon,Pataudi,Other,Tomato,10,900,1100,950
Haryana,Gurgaon,Pataudi,Other,Tomato,10,900,1100,1000
Haryana,Gurgaon,Pataudi,Other,Tomato,10,700,1000,900
Haryana,Gurgaon,Pataudi,Other,Tomato,10,800,1000,900
Haryana,Gurgaon,Pataudi,Other,Tomato,10,800,1000,900
Haryana,Gurgaon,Pataudi,Other,Tomato,10,1000,1200,1100
Haryana,Gurgaon,Pataudi,Other,Tomato,10,1000,1200,1100
Haryana,Gurgaon,Pataudi,Other,Tomato,10,500,800,600
Haryana,Gurgaon,Pataudi,Other,Tomato,10,800,1000,900
Haryana,Gurgaon,Pataudi,Other,Tomato,10,800,1000,900
Haryana,Gurgaon,Pataudi,Other,Tomato,10,700,1000,800
Haryana,Gurgaon,Pataudi,Other,Tomato,11,800,1000,900
Haryana,Gurgaon,Pataudi,Other,Tomato,11,800,1100,900
Haryana,Gurgaon,Pataudi,Other,Tomato,11,800,1100,900
Haryana,Gurgaon,Pataudi,Other,Tomato,11,800,1000,900
Haryana,Gurgaon,Pataudi,Other,Tomato,11,2500,3200,3000
Haryana,Gurgaon,Pataudi,Other,Tomato,11,500,700,600
Haryana,Gurgaon,Pataudi,Other,Tomato,11,900,1300,1200
Haryana,Gurgaon,Pataudi,Other,Tomato,11,1000,1200,1100
Haryana,Gurgaon,Pataudi,Other,Tomato,11,800,1000,900
Haryana,Gurgaon,Pataudi,Other,Tomato,11,1000,1200,1100
Haryana,Gurgaon,Pataudi,Other,Tomato,11,1800,2500,2000
Haryana,Gurgaon,Pataudi,Other,Tomato,11,1700,2000,1800
Haryana,Gurgaon,Pataudi,Other,Tomato,11,800,1000,900
Haryana,Gurgaon,Pataudi,Other,Tomato,11,900,1100,1000
Haryana,Gurgaon,Pataudi,Other,Tomato,11,1000,1200,1100
Haryana,Gurgaon,Pataudi,Other,Tomato,12,900,1100,1000
Haryana,Gurgaon,Pataudi,Other,Tomato,12,1300,1500,1400
Haryana,Gurgaon,Pataudi,Other,Tomato,12,900,1000,950
Haryana,Gurgaon,Pataudi,Other,Tomato,12,800,900,850
Haryana,Gurgaon,Pataudi,Other,Tomato,12,1000,1200,1100
Haryana,Gurgaon,Pataudi,Other,Tomato,12,800,1000,900
Haryana,Gurgaon,Pataudi,Other,Tomato,13,1400,1600,1500
Haryana,Gurgaon,Pataudi,Other,Tomato,13,3500,8000,5000
Haryana,Gurgaon,Pataudi,Other,Tomato,13,800,1000,900
Haryana,Gurgaon,Pataudi,Other,Tomato,13,700,1200,900
Haryana,Gurgaon,Pataudi,Other,Tomato,13,900,1300,1000
Haryana,Gurgaon,Pataudi,Other,Tomato,13,700,1000,900
Haryana,Gurgaon,Pataudi,Other,Tomato,13,800,1000,900
Haryana,Gurgaon,Pataudi,Other,Tomato,13,900,1100,1000
Haryana,Gurgaon,Pataudi,Other,Tomato,13,800,900,850
Haryana,Gurgaon,Pataudi,Other,Tomato,13,800,1000,900
Haryana,Gurgaon,Pataudi,Other,Tomato,13,900,1100,1000
Haryana,Gurgaon,Pataudi,Other,Tomato,14,500,1000,800
Haryana,Gurgaon,Pataudi,Other,Tomato,14,800,1000,900
Haryana,Gurgaon,Pataudi,Other,Tomato,14,800,1000,900
Haryana,Gurgaon,Pataudi,Other,Tomato,14,1000,1200,1100
Haryana,Gurgaon,Pataudi,Other,Tomato,14,800,1000,900
Haryana,Gurgaon,Pataudi,Other,Tomato,14,800,1000,900
Haryana,Gurgaon,Pataudi,Other,Tomato,14,1300,2000,1800
Haryana,Gurgaon,Pataudi,Other,Tomato,14,900,1100,1000
Haryana,Gurgaon,Pataudi,Other,Tomato,14,1400,3600,2500
Haryana,Gurgaon,Pataudi,Other,Tomato,15,1000,4500,2500
Haryana,Gurgaon,Pataudi,Other,Tomato,15,900,1100,1000
Haryana,Gurgaon,Pataudi,Other,Tomato,16,500,1000,800
Haryana,Gurgaon,Pataudi,Other,Tomato,16,700,1000,900
Haryana,Gurgaon,Pataudi,Other,Tomato,17,1000,4500,2500
Haryana,Gurgaon,Pataudi,Other,Tomato,17,600,1000,700
Haryana,Gurgaon,Pataudi,Other,Tomato,17,800,900,850
Haryana,Gurgaon,Pataudi,Other,Tomato,17,500,800,700
Haryana,Gurgaon,Pataudi,Other,Tomato,18,800,1000,900
Haryana,Gurgaon,Pataudi,Other,Tomato,19,600,800,700
Haryana,Gurgaon,Pataudi,Other,Tomato,19,1000,1200,1100
Haryana,Gurgaon,Pataudi,Other,Tomato,25,1000,4000,2500
Haryana,Gurgaon,Pataudi,Other,Tomato,27,500,1000,800
Uttrakhand,Haridwar,Lakshar,Other,Potato,8,700,800,750
Uttrakhand,Haridwar,Lakshar,Other,Potato,8,1300,1400,1350
Uttrakhand,Haridwar,Lakshar,Other,Potato,9,875,900,890
Uttrakhand,Haridwar,Lakshar,Other,Potato,19,875,900,890
Haryana,Gurgaon,Gurgaon,Other,Tomato,10,1000,1200,1100
Haryana,Gurgaon,Gurgaon,Other,Tomato,38,3000,5000,4000
Haryana,Gurgaon,Gurgaon,Other,Tomato,41,800,1000,900
Haryana,Gurgaon,Gurgaon,Other,Tomato,18,1000,1200,1100
Haryana,Gurgaon,Gurgaon,Other,Tomato,42,1000,3000,2000
Haryana,Gurgaon,Gurgaon,Other,Tomato,42,2000,4000,3000
Haryana,Gurgaon,Gurgaon,Other,Tomato,42,2000,4000,3000
Haryana,Gurgaon,Gurgaon,Other,Tomato,42,1500,2500,2000
Haryana,Gurgaon,Gurgaon,Other,Tomato,42,2000,3000,2500
Haryana,Gurgaon,Gurgaon,Other,Tomato,42,2000,3000,2500
Haryana,Gurgaon,Gurgaon,Other,Tomato,42,4000,7000,5500
Haryana,Gurgaon,Gurgaon,Other,Tomato,43,2000,3000,2500
Haryana,Gurgaon,Gurgaon,Other,Tomato,43,2000,4000,3000
Haryana,Gurgaon,Gurgaon,Other,Tomato,43,3000,7000,5500
Haryana,Gurgaon,Gurgaon,Other,Tomato,44,1500,2500,2000
Haryana,Gurgaon,Gurgaon,Other,Tomato,45,2500,3500,3000
Haryana,Gurgaon,Gurgaon,Other,Tomato,45,700,900,800
Haryana,Gurgaon,Gurgaon,Other,Tomato,45,800,1000,900
Haryana,Gurgaon,Gurgaon,Other,Tomato,45,800,1000,900
Haryana,Gurgaon,Gurgaon,Other,Tomato,45,1000,1200,1100
Haryana,Gurgaon,Gurgaon,Other,Tomato,45,1000,1200,1100
Haryana,Gurgaon,Gurgaon,Other,Tomato,45,2000,3000,2500
Haryana,Gurgaon,Gurgaon,Other,Tomato,45,2000,3000,2500
Haryana,Gurgaon,Gurgaon,Other,Tomato,45,800,1000,900
Haryana,Gurgaon,Gurgaon,Other,Tomato,18,1000,1200,1100
Haryana,Gurgaon,Gurgaon,Other,Tomato,45,1000,1400,1200
Haryana,Gurgaon,Gurgaon,Other,Tomato,45,1500,2500,2000
Haryana,Gurgaon,Gurgaon,Other,Tomato,45,2000,3000,2500
Haryana,Gurgaon,Gurgaon,Other,Tomato,45,1000,3000,2000
Haryana,Gurgaon,Gurgaon,Other,Tomato,45,2000,3000,2500
Haryana,Gurgaon,Gurgaon,Other,Tomato,45,2000,3000,2500
Haryana,Gurgaon,Gurgaon,Other,Tomato,45,3000,5000,4000
Haryana,Gurgaon,Gurgaon,Other,Tomato,45,800,1000,900
Haryana,Gurgaon,Gurgaon,Other,Tomato,18,1000,1200,1100
Haryana,Gurgaon,Gurgaon,Other,Tomato,45,2000,4000,3000
Haryana,Gurgaon,Gurgaon,Other,Tomato,45,1500,2500,2000
Haryana,Gurgaon,Gurgaon,Other,Tomato,46,700,900,800
Haryana,Gurgaon,Gurgaon,Other,Tomato,18,800,1200,1000
Haryana,Gurgaon,Gurgaon,Other,Tomato,46,1500,2500,2000
Haryana,Gurgaon,Gurgaon,Other,Tomato,46,2000,3000,2500
Haryana,Gurgaon,Gurgaon,Other,Tomato,46,2000,3000,2500
Haryana,Gurgaon,Gurgaon,Other,Tomato,47,1500,2500,2000
Haryana,Gurgaon,Gurgaon,Other,Tomato,47,800,1000,900
Haryana,Gurgaon,Gurgaon,Other,Tomato,18,1000,1200,1100
Haryana,Gurgaon,Gurgaon,Other,Tomato,47,1000,1200,1100
Haryana,Gurgaon,Gurgaon,Other,Tomato,47,1500,2500,2000
Haryana,Gurgaon,Gurgaon,Other,Tomato,48,2000,3000,2500
Haryana,Gurgaon,Gurgaon,Other,Tomato,48,2000,4000,3000
Haryana,Gurgaon,Gurgaon,Other,Tomato,48,3000,5000,4000
Haryana,Gurgaon,Gurgaon,Other,Tomato,48,3000,7000,5500
Haryana,Gurgaon,Gurgaon,Other,Tomato,48,3000,7000,5500
Haryana,Gurgaon,Gurgaon,Other,Tomato,48,2000,3000,2500
Haryana,Gurgaon,Gurgaon,Other,Tomato,48,3000,5000,4000
Haryana,Gurgaon,Gurgaon,Other,Tomato,48,3000,5000,4000
Haryana,Gurgaon,Gurgaon,Other,Tomato,48,3000,5000,4000
Haryana,Gurgaon,Gurgaon,Other,Tomato,51,700,900,800
Haryana,Gurgaon,Gurgaon,Other,Tomato,18,800,1200,1000
Haryana,Gurgaon,Gurgaon,Other,Tomato,51,1500,2500,2000
Haryana,Gurgaon,Gurgaon,Other,Tomato,51,2000,3000,2500
Haryana,Gurgaon,Gurgaon,Other,Tomato,51,2000,3000,2500
Haryana,Gurgaon,Gurgaon,Other,Tomato,51,2000,3000,2500
Haryana,Gurgaon,Gurgaon,Other,Tomato,51,2000,3000,2500
Haryana,Gurgaon,Gurgaon,Other,Tomato,51,2000,4000,3000
Haryana,Gurgaon,Gurgaon,Other,Tomato,51,2000,4000,3000
Haryana,Gurgaon,Gurgaon,Other,Tomato,51,3000,7000,5500
Haryana,Gurgaon,Gurgaon,Other,Tomato,51,1500,2500,2000
Haryana,Gurgaon,Gurgaon,Other,Tomato,51,2000,3000,2500
Haryana,Gurgaon,Gurgaon,Other,Tomato,51,2000,3000,2500
Haryana,Gurgaon,Gurgaon,Other,Tomato,51,2000,4000,3000
Haryana,Gurgaon,Gurgaon,Other,Tomato,51,2000,4000,3000
Haryana,Gurgaon,Gurgaon,Other,Tomato,51,3000,7000,5500
Haryana,Gurgaon,Gurgaon,Other,Tomato,51,2000,4000,3000
Haryana,Gurgaon,Gurgaon,Other,Tomato,52,700,900,800
Haryana,Gurgaon,Gurgaon,Other,Tomato,18,800,1000,900
Haryana,Gurgaon,Gurgaon,Other,Tomato,52,800,1200,1000
Haryana,Gurgaon,Gurgaon,Other,Tomato,52,2000,4000,3000
Haryana,Gurgaon,Gurgaon,Other,Tomato,52,2000,3000,2500
Haryana,Gurgaon,Gurgaon,Other,Tomato,52,2000,3000,2500
Haryana,Gurgaon,Gurgaon,Other,Tomato,53,2000,2400,2200
Haryana,Gurgaon,Gurgaon,Other,Tomato,54,800,1000,900
Haryana,Gurgaon,Gurgaon,Other,Tomato,18,1000,1200,1100
Haryana,Gurgaon,Gurgaon,Other,Tomato,54,700,900,800
Haryana,Gurgaon,Gurgaon,Other,Tomato,18,800,1000,900
Haryana,Gurgaon,Gurgaon,Other,Tomato,55,1000,1500,1250
Haryana,Gurgaon,Gurgaon,Other,Tomato,56,2000,3000,2500
Haryana,Gurgaon,Gurgaon,Other,Tomato,56,2000,3000,2500
Haryana,Gurgaon,Gurgaon,Other,Tomato,56,2000,4000,3000
Haryana,Gurgaon,Gurgaon,Other,Tomato,56,800,1000,900
Haryana,Gurgaon,Gurgaon,Other,Tomato,56,2000,3000,2500
Haryana,Gurgaon,Gurgaon,Other,Tomato,56,1500,2500,2000
Haryana,Gurgaon,Gurgaon,Other,Tomato,56,2000,3000,2500
Haryana,Gurgaon,Gurgaon,Other,Tomato,56,2000,3000,2500
Haryana,Gurgaon,Gurgaon,Other,Tomato,56,700,900,800
Haryana,Gurgaon,Gurgaon,Other,Tomato,18,800,1000,900
Haryana,Gurgaon,Gurgaon,Other,Tomato,57,2000,3000,2500
Haryana,Gurgaon,Gurgaon,Other,Tomato,57,2000,3000,2500
Haryana,Gurgaon,Gurgaon,Other,Tomato,57,3000,5000,4000
Haryana,Gurgaon,Gurgaon,Other,Tomato,57,2000,3000,2500
Haryana,Gurgaon,Gurgaon,Other,Tomato,57,2000,4000,3000
Haryana,Gurgaon,Gurgaon,Other,Tomato,57,2000,4000,3000
Haryana,Gurgaon,Gurgaon,Other,Tomato,58,3000,5000,4000
Haryana,Gurgaon,Gurgaon,Other,Tomato,58,800,1000,900
Haryana,Gurgaon,Gurgaon,Other,Tomato,18,1000,1400,1200
Haryana,Gurgaon,Gurgaon,Other,Tomato,58,800,1000,900
Haryana,Gurgaon,Gurgaon,Other,Tomato,18,1000,1200,1100
Haryana,Gurgaon,Gurgaon,Other,Tomato,58,2000,3000,2500
Haryana,Gurgaon,Gurgaon,Other,Tomato,62,2000,3000,2500
Haryana,Gurgaon,Gurgaon,Other,Tomato,63,600,800,700
Haryana,Gurgaon,Gurgaon,Other,Tomato,18,800,1000,900
Haryana,Gurgaon,Gurgaon,Other,Tomato,63,2000,3000,2500
Haryana,Gurgaon,Gurgaon,Other,Tomato,63,2000,3000,2500
Haryana,Gurgaon,Gurgaon,Other,Tomato,64,800,1000,900
Haryana,Gurgaon,Gurgaon,Other,Tomato,18,1000,1200,1100
Haryana,Gurgaon,Gurgaon,Other,Tomato,65,1000,1200,1100
Haryana,Gurgaon,Gurgaon,Other,Tomato,65,1500,2500,2000
Haryana,Gurgaon,Gurgaon,Other,Tomato,67,2000,3000,2500
Haryana,Gurgaon,Gurgaon,Other,Tomato,67,2000,4000,3000
Haryana,Gurgaon,Gurgaon,Other,Tomato,67,800,1000,900
Haryana,Gurgaon,Gurgaon,Other,Tomato,68,2000,3000,2500
Haryana,Gurgaon,Gurgaon,Other,Tomato,68,800,1000,900
Haryana,Gurgaon,Gurgaon,Other,Tomato,68,800,1000,900
Haryana,Gurgaon,Gurgaon,Other,Tomato,68,800,1200,1000
Haryana,Gurgaon,Gurgaon,Other,Tomato,68,1000,1200,1100
Haryana,Gurgaon,Gurgaon,Other,Tomato,68,1000,1200,1100
Haryana,Gurgaon,Gurgaon,Other,Tomato,68,1000,1200,1100
Haryana,Gurgaon,Gurgaon,Other,Tomato,71,800,1200,1000
Haryana,Gurgaon,Gurgaon,Other,Tomato,71,1000,1200,1100
Haryana,Gurgaon,Gurgaon,Other,Tomato,71,1000,1200,1100
Haryana,Gurgaon,Gurgaon,Other,Tomato,71,700,900,800
Haryana,Gurgaon,Gurgaon,Other,Tomato,71,700,900,800
Haryana,Gurgaon,Gurgaon,Other,Tomato,71,700,900,800
Haryana,Gurgaon,Gurgaon,Other,Tomato,71,800,1000,900
Haryana,Gurgaon,Gurgaon,Other,Tomato,71,800,1000,900
Haryana,Gurgaon,Gurgaon,Other,Tomato,73,2000,4000,3000
Haryana,Gurgaon,Gurgaon,Other,Tomato,74,800,1000,900
Haryana,Gurgaon,Gurgaon,Other,Tomato,74,800,1000,900
Haryana,Gurgaon,Gurgaon,Other,Tomato,74,1000,1200,1100
Haryana,Gurgaon,Gurgaon,Other,Tomato,74,800,1000,900
Haryana,Gurgaon,Gurgaon,Other,Tomato,18,1000,1200,1100
Haryana,Gurgaon,Gurgaon,Other,Tomato,74,1000,1200,1100
Haryana,Gurgaon,Gurgaon,Other,Tomato,74,800,1000,900
Haryana,Gurgaon,Gurgaon,Other,Tomato,74,800,1000,900
Haryana,Gurgaon,Gurgaon,Other,Tomato,18,1000,1200,1100
Haryana,Gurgaon,Gurgaon,Other,Tomato,74,1000,1400,1200
Haryana,Gurgaon,Gurgaon,Other,Tomato,74,700,900,800
Haryana,Gurgaon,Gurgaon,Other,Tomato,74,700,900,800
Haryana,Gurgaon,Gurgaon,Other,Tomato,74,800,1000,900
Haryana,Gurgaon,Gurgaon,Other,Tomato,74,800,1000,900
Haryana,Gurgaon,Gurgaon,Other,Tomato,74,800,1000,900
Haryana,Gurgaon,Gurgaon,Other,Tomato,74,800,1200,1000
Haryana,Gurgaon,Gurgaon,Other,Tomato,74,1000,1200,1100
Haryana,Gurgaon,Gurgaon,Other,Tomato,74,1000,1200,1100
Haryana,Gurgaon,Gurgaon,Other,Tomato,74,1000,1200,1100
Haryana,Gurgaon,Gurgaon,Other,Tomato,74,1000,1200,1100
Haryana,Gurgaon,Gurgaon,Other,Tomato,74,1000,1200,1100
Haryana,Gurgaon,Gurgaon,Other,Tomato,74,800,1000,900
Haryana,Gurgaon,Gurgaon,Other,Tomato,74,800,1200,1000
Haryana,Gurgaon,Gurgaon,Other,Tomato,74,1000,1200,1100
Haryana,Gurgaon,Gurgaon,Other,Tomato,75,700,900,800
Haryana,Gurgaon,Gurgaon,Other,Tomato,75,800,1000,900
Haryana,Gurgaon,Gurgaon,Other,Tomato,75,800,1200,1000
Haryana,Gurgaon,Gurgaon,Other,Tomato,75,1000,1200,1100
Haryana,Gurgaon,Gurgaon,Other,Tomato,75,800,1000,900
Haryana,Gurgaon,Gurgaon,Other,Tomato,75,800,1000,900
Haryana,Gurgaon,Gurgaon,Other,Tomato,75,800,1000,900
Haryana,Gurgaon,Gurgaon,Other,Tomato,18,800,1200,1000
Haryana,Gurgaon,Gurgaon,Other,Tomato,75,1000,1200,1100
Haryana,Gurgaon,Gurgaon,Other,Tomato,75,1000,1200,1100
Haryana,Gurgaon,Gurgaon,Other,Tomato,75,700,900,800
Haryana,Gurgaon,Gurgaon,Other,Tomato,18,800,1200,1000
Haryana,Gurgaon,Gurgaon,Other,Tomato,75,1000,1200,1100
Haryana,Gurgaon,Gurgaon,Other,Tomato,75,2000,3000,2500
Haryana,Gurgaon,Gurgaon,Other,Tomato,75,800,1000,900
Haryana,Gurgaon,Gurgaon,Other,Tomato,75,800,1000,900
Haryana,Gurgaon,Gurgaon,Other,Tomato,76,800,1000,900
Haryana,Gurgaon,Gurgaon,Other,Tomato,76,800,1200,1000
Haryana,Gurgaon,Gurgaon,Other,Tomato,78,2000,4000,3000
Haryana,Gurgaon,Gurgaon,Other,Tomato,78,3000,5000,4000
Haryana,Gurgaon,Gurgaon,Other,Tomato,78,800,1000,900
Haryana,Gurgaon,Gurgaon,Other,Tomato,78,800,1000,900
Haryana,Gurgaon,Gurgaon,Other,Tomato,78,1000,1200,1100
Haryana,Gurgaon,Gurgaon,Other,Tomato,78,800,1000,900
Haryana,Gurgaon,Gurgaon,Other,Tomato,78,800,1000,900
Haryana,Gurgaon,Gurgaon,Other,Tomato,78,800,1200,1000
Haryana,Gurgaon,Gurgaon,Other,Tomato,78,800,1200,1000
Haryana,Gurgaon,Gurgaon,Other,Tomato,78,900,1200,1000
Haryana,Gurgaon,Gurgaon,Other,Tomato,78,1000,1100,1050
Haryana,Gurgaon,Gurgaon,Other,Tomato,78,1000,1200,1100
Haryana,Gurgaon,Gurgaon,Other,Tomato,78,1000,2000,1500
Haryana,Gurgaon,Gurgaon,Other,Tomato,78,700,900,800
Haryana,Gurgaon,Gurgaon,Other,Tomato,78,1500,2500,2000
Haryana,Gurgaon,Gurgaon,Other,Tomato,78,1000,2000,1500
Haryana,Gurgaon,Gurgaon,Other,Tomato,78,2000,4000,3000
Haryana,Gurgaon,Gurgaon,Other,Tomato,78,2000,4000,3000
Haryana,Gurgaon,Gurgaon,Other,Tomato,78,1000,1200,1100
Haryana,Gurgaon,Gurgaon,Other,Tomato,78,1000,2000,1500
Haryana,Gurgaon,Gurgaon,Other,Tomato,78,1000,2000,1500
Haryana,Gurgaon,Gurgaon,Other,Tomato,78,1500,2500,2000
Haryana,Gurgaon,Gurgaon,Other,Tomato,79,1000,3000,2000
Haryana,Gurgaon,Gurgaon,Other,Tomato,79,2000,3000,2500
Haryana,Gurgaon,Gurgaon,Other,Tomato,79,1000,1200,1100
Haryana,Gurgaon,Gurgaon,Other,Tomato,79,2000,4000,3000
Haryana,Gurgaon,Gurgaon,Other,Tomato,79,800,1200,1000
Haryana,Gurgaon,Gurgaon,Other,Tomato,79,1000,2000,1500
Haryana,Gurgaon,Gurgaon,Other,Tomato,81,1000,2000,1500
Haryana,Gurgaon,Gurgaon,Other,Tomato,81,700,900,800
Haryana,Gurgaon,Gurgaon,Other,Tomato,81,800,1000,900
Haryana,Gurgaon,Gurgaon,Other,Tomato,18,1000,1200,1100
Haryana,Gurgaon,Gurgaon,Other,Tomato,81,1500,2500,2000
Haryana,Gurgaon,Gurgaon,Other,Tomato,82,800,1000,900
Haryana,Gurgaon,Gurgaon,Other,Tomato,82,2000,3000,2500
Haryana,Gurgaon,Gurgaon,Other,Tomato,82,800,1200,1000
Haryana,Gurgaon,Gurgaon,Other,Tomato,84,700,900,800
Haryana,Gurgaon,Gurgaon,Other,Tomato,84,800,1000,900
Haryana,Gurgaon,Gurgaon,Other,Tomato,84,800,1000,900
Haryana,Gurgaon,Gurgaon,Other,Tomato,84,800,1000,900
Haryana,Gurgaon,Gurgaon,Other,Tomato,84,800,1200,1000
Haryana,Gurgaon,Gurgaon,Other,Tomato,84,1000,1200,1100
Haryana,Gurgaon,Gurgaon,Other,Tomato,84,1000,1200,1100
Haryana,Gurgaon,Gurgaon,Other,Tomato,84,1000,1200,1100
Haryana,Gurgaon,Gurgaon,Other,Tomato,84,1000,1400,1200
Haryana,Gurgaon,Gurgaon,Other,Tomato,84,1000,2000,1500
Haryana,Gurgaon,Gurgaon,Other,Tomato,84,1000,3000,2000
Haryana,Gurgaon,Gurgaon,Other,Tomato,84,2000,4000,3000
Haryana,Gurgaon,Gurgaon,Other,Tomato,84,1000,2000,1500
Haryana,Gurgaon,Gurgaon,Other,Tomato,85,600,800,700
Haryana,Gurgaon,Gurgaon,Other,Tomato,85,700,900,800
Haryana,Gurgaon,Gurgaon,Other,Tomato,85,800,1000,900
Haryana,Gurgaon,Gurgaon,Other,Tomato,85,800,1000,900
Haryana,Gurgaon,Gurgaon,Other,Tomato,85,800,1200,1000
Haryana,Gurgaon,Gurgaon,Other,Tomato,85,900,1100,1000
Haryana,Gurgaon,Gurgaon,Other,Tomato,85,1000,1200,1100
Haryana,Gurgaon,Gurgaon,Other,Tomato,85,1000,1200,1100
Haryana,Gurgaon,Gurgaon,Other,Tomato,85,1000,1200,1100
Haryana,Gurgaon,Gurgaon,Other,Tomato,85,2000,3000,2500
Haryana,Gurgaon,Gurgaon,Other,Tomato,85,800,1000,900
Haryana,Gurgaon,Gurgaon,Other,Tomato,18,1000,1200,1100
Haryana,Gurgaon,Gurgaon,Other,Tomato,85,700,900,800
Haryana,Gurgaon,Gurgaon,Other,Tomato,85,800,1200,1000
Haryana,Gurgaon,Gurgaon,Other,Tomato,85,2000,4000,3000
Haryana,Gurgaon,Gurgaon,Other,Tomato,85,700,900,800
Haryana,Gurgaon,Gurgaon,Other,Tomato,85,700,900,800
Haryana,Gurgaon,Gurgaon,Other,Tomato,85,1000,2000,1500
Haryana,Gurgaon,Gurgaon,Other,Tomato,86,800,1000,900
Haryana,Gurgaon,Gurgaon,Other,Tomato,18,1000,1200,1100
Haryana,Gurgaon,Gurgaon,Other,Tomato,86,2000,3000,2500
Haryana,Gurgaon,Gurgaon,Other,Tomato,87,800,1000,900
Haryana,Gurgaon,Gurgaon,Other,Tomato,87,1000,1200,1100
Haryana,Gurgaon,Gurgaon,Other,Tomato,87,1000,1200,1100
Haryana,Gurgaon,Gurgaon,Other,Tomato,87,2000,4000,3000
Haryana,Gurgaon,Gurgaon,Other,Tomato,87,800,1000,900
Haryana,Gurgaon,Gurgaon,Other,Tomato,87,1000,2000,1500
Haryana,Gurgaon,Gurgaon,Other,Tomato,87,800,1000,900
Haryana,Gurgaon,Gurgaon,Other,Tomato,87,2000,4000,3000
Haryana,Gurgaon,Gurgaon,Other,Tomato,89,700,900,800
Haryana,Gurgaon,Gurgaon,Other,Tomato,89,1000,2000,1500
Haryana,Gurgaon,Gurgaon,Other,Tomato,89,1500,2500,2000
Haryana,Gurgaon,Gurgaon,Other,Tomato,89,2000,4000,3000
Haryana,Gurgaon,Gurgaon,Other,Tomato,89,2000,4000,3000
Haryana,Gurgaon,Gurgaon,Other,Tomato,89,700,900,800
Haryana,Gurgaon,Gurgaon,Other,Tomato,89,3000,5000,4000
Haryana,Gurgaon,Gurgaon,Other,Tomato,89,2000,4000,3000
Haryana,Gurgaon,Gurgaon,Other,Tomato,89,800,1000,900
Haryana,Gurgaon,Gurgaon,Other,Tomato,90,1000,2000,1500
Haryana,Gurgaon,Gurgaon,Other,Tomato,90,700,900,800
Haryana,Gurgaon,Gurgaon,Other,Tomato,90,2000,3000,2500
Haryana,Gurgaon,Gurgaon,Other,Tomato,90,800,1000,900
Haryana,Gurgaon,Gurgaon,Other,Tomato,90,1000,2000,1500
Haryana,Gurgaon,Gurgaon,Other,Tomato,90,1000,3000,2000
Haryana,Gurgaon,Gurgaon,Other,Tomato,90,2000,3000,2500
Haryana,Gurgaon,Gurgaon,Other,Tomato,91,800,1000,900
Haryana,Gurgaon,Gurgaon,Other,Tomato,91,2000,3000,2500
Haryana,Gurgaon,Gurgaon,Other,Tomato,91,700,900,800
Haryana,Gurgaon,Gurgaon,Other,Tomato,91,1500,2500,2000
Haryana,Gurgaon,Gurgaon,Other,Tomato,94,2000,4000,3000
Haryana,Gurgaon,Gurgaon,Other,Tomato,95,800,1200,1000
Haryana,Gurgaon,Gurgaon,Other,Tomato,95,800,1200,1000
Haryana,Gurgaon,Gurgaon,Other,Tomato,95,1000,3000,2000
Haryana,Gurgaon,Gurgaon,Other,Tomato,95,700,900,800
Haryana,Gurgaon,Gurgaon,Other,Tomato,96,2000,3000,2500
Haryana,Gurgaon,Gurgaon,Other,Tomato,96,1000,1200,1100
Haryana,Gurgaon,Gurgaon,Other,Tomato,96,1000,1200,1100
Haryana,Gurgaon,Gurgaon,Other,Tomato,96,1000,3000,2000
Haryana,Gurgaon,Gurgaon,Other,Tomato,96,1000,3000,2000
Haryana,Gurgaon,Gurgaon,Other,Tomato,96,700,900,800
Haryana,Gurgaon,Gurgaon,Other,Tomato,96,800,1000,900
Haryana,Gurgaon,Gurgaon,Other,Tomato,96,800,1200,1000
Haryana,Gurgaon,Gurgaon,Other,Tomato,97,700,900,800
Haryana,Gurgaon,Gurgaon,Other,Tomato,97,800,1000,900
Haryana,Gurgaon,Gurgaon,Other,Tomato,97,700,900,800
Haryana,Gurgaon,Gurgaon,Other,Tomato,97,700,1000,850
Haryana,Gurgaon,Gurgaon,Other,Tomato,97,1000,3000,2000
Haryana,Gurgaon,Gurgaon,Other,Tomato,98,800,1200,1000
Haryana,Gurgaon,Gurgaon,Other,Tomato,98,1000,1200,1100
Haryana,Gurgaon,Gurgaon,Other,Tomato,98,3000,5000,4000
Haryana,Gurgaon,Gurgaon,Other,Tomato,98,2000,3000,2500
Haryana,Gurgaon,Gurgaon,Other,Tomato,98,700,900,800
Haryana,Gurgaon,Gurgaon,Other,Tomato,98,900,1100,1000
Haryana,Gurgaon,Gurgaon,Other,Tomato,98,1000,2000,1500
Haryana,Gurgaon,Gurgaon,Other,Tomato,98,2000,4000,3000
Haryana,Gurgaon,Gurgaon,Other,Tomato,99,1000,1400,1200
Haryana,Gurgaon,Gurgaon,Other,Tomato,99,2000,4000,3000
Haryana,Gurgaon,Gurgaon,Other,Tomato,99,800,1000,900
Haryana,Gurgaon,Gurgaon,Other,Tomato,99,800,1000,900
Haryana,Gurgaon,Gurgaon,Other,Tomato,100,1000,1400,1200
Haryana,Gurgaon,Gurgaon,Other,Tomato,100,800,1200,1000
Haryana,Gurgaon,Gurgaon,Other,Tomato,100,1000,1200,1100
Haryana,Gurgaon,Gurgaon,Other,Tomato,100,2000,4000,3000
Haryana,Gurgaon,Gurgaon,Other,Tomato,100,2000,4000,3000
Haryana,Gurgaon,Gurgaon,Other,Tomato,105,2000,3000,2500
Haryana,Gurgaon,Gurgaon,Other,Tomato,107,1000,2000,1500
Haryana,Gurgaon,Gurgaon,Other,Tomato,108,2000,3000,2500
Haryana,Gurgaon,Gurgaon,Other,Tomato,109,1000,2000,1500
Haryana,Gurgaon,Gurgaon,Other,Tomato,109,1000,2000,1500
Haryana,Gurgaon,Gurgaon,Other,Tomato,109,2000,3000,2500
Haryana,Gurgaon,Gurgaon,Other,Tomato,109,2000,3000,2500
Haryana,Gurgaon,Gurgaon,Other,Tomato,110,800,1200,1000
Haryana,Gurgaon,Gurgaon,Other,Tomato,111,2000,3000,2500
Haryana,Gurgaon,Gurgaon,Other,Tomato,112,3000,5000,4000
Haryana,Gurgaon,Gurgaon,Other,Tomato,113,1000,2000,1500
Haryana,Gurgaon,Gurgaon,Other,Tomato,121,1000,3000,2000
Haryana,Gurgaon,Gurgaon,Other,Tomato,121,2000,2500,2250
Punjab,Amritsar,Rayya,Other,Wheat,10,2425,2425,2425
Punjab,Amritsar,Rayya,Other,Wheat,43,2425,2425,2425
Punjab,Amritsar,Rayya,Other,Wheat,646,2425,2425,2425
Punjab,Amritsar,Rayya,Other,Wheat,748,2425,2425,2425
Punjab,Amritsar,Rayya,Other,Wheat,1430,2425,2425,2425
Punjab,Amritsar,Rayya,Other,Wheat,1773,2425,2425,2425
Punjab,Amritsar,Rayya,Other,Wheat,2906,2425,0,2425
Punjab,Amritsar,Rayya,Other,Wheat,3245,2425,0,2425
Punjab,Amritsar,Rayya,Other,Wheat,3346,2425,0,2425
Punjab,Amritsar,Rayya,Other,Wheat,4932,2425,0,2425
Uttrakhand,Haridwar,Lakshar,Other,Wheat,0,2280,2300,2290
Uttrakhand,Haridwar,Lakshar,Other,Wheat,0,2290,2310,2300
Uttrakhand,Haridwar,Lakshar,Other,Wheat,1,2275,2320,2300
Uttrakhand,Haridwar,Lakshar,Other,Wheat,1,2280,2300,2290
Uttrakhand,Haridwar,Lakshar,Other,Wheat,1,2320,2330,2325
Uttrakhand,Haridwar,Lakshar,Other,Wheat,1,2450,2500,2475
Uttrakhand,Haridwar,Lakshar,Other,Wheat,1,2450,2500,2475
Uttrakhand,Haridwar,Lakshar,Other,Wheat,1,2550,2600,2575
Uttrakhand,Haridwar,Lakshar,Other,Wheat,1,2550,2600,2575
Uttrakhand,Haridwar,Lakshar,Other,Wheat,1,2475,2500,2490
Uttrakhand,Haridwar,Lakshar,Other,Wheat,1,2275,2300,2285
Uttrakhand,Haridwar,Lakshar,Other,Wheat,1,2290,2300,2295
Uttrakhand,Haridwar,Lakshar,Other,Wheat,1,2300,2320,2310
Uttrakhand,Haridwar,Lakshar,Other,Wheat,1,2300,2340,2320
Uttrakhand,Haridwar,Lakshar,Other,Wheat,1,2320,2330,2325
Uttrakhand,Haridwar,Lakshar,Other,Wheat,1,2400,2500,2450
Uttrakhand,Haridwar,Lakshar,Other,Wheat,1,2550,2600,2575
Uttrakhand,Haridwar,Lakshar,Other,Wheat,1,2330,2340,2335
Uttrakhand,Haridwar,Lakshar,Other,Wheat,1,2340,2350,2345
Uttrakhand,Haridwar,Lakshar,Other,Wheat,1,2400,2500,2450
Uttrakhand,Haridwar,Lakshar,Other,Wheat,1,2275,2300,2285
Uttrakhand,Haridwar,Lakshar,Other,Wheat,1,2310,2330,2320
Uttrakhand,Haridwar,Lakshar,Other,Wheat,1,2320,2330,2325
Uttrakhand,Haridwar,Lakshar,Other,Wheat,1,2330,2340,2335
Uttrakhand,Haridwar,Lakshar,Other,Wheat,1,2330,2340,2335
Uttrakhand,Haridwar,Lakshar,Other,Wheat,1,2300,2330,2320
Uttrakhand,Haridwar,Lakshar,Other,Wheat,1,2330,2340,2335
Uttrakhand,Haridwar,Lakshar,Other,Wheat,1,2450,2500,2475
Uttrakhand,Haridwar,Lakshar,Other,Wheat,1,2450,2500,2475
Uttrakhand,Haridwar,Lakshar,Other,Wheat,1,2500,2520,2510
Uttrakhand,Haridwar,Lakshar,Other,Wheat,1,2290,2330,2300
Uttrakhand,Haridwar,Lakshar,Other,Wheat,1,2300,2320,2310
Uttrakhand,Haridwar,Lakshar,Other,Wheat,1,2320,2330,2325
Uttrakhand,Haridwar,Lakshar,Other,Wheat,1,2325,2330,2328
Uttrakhand,Haridwar,Lakshar,Other,Wheat,1,2475,2500,2490
Uttrakhand,Haridwar,Lakshar,Other,Wheat,1,2400,2450,2425
Uttrakhand,Haridwar,Lakshar,Other,Wheat,1,2280,2300,2290
Uttrakhand,Haridwar,Lakshar,Other,Wheat,1,2290,2300,2295
Uttrakhand,Haridwar,Lakshar,Other,Wheat,1,2300,2320,2310
Uttrakhand,Haridwar,Lakshar,Other,Wheat,1,2320,2340,2330
Uttrakhand,Haridwar,Lakshar,Other,Wheat,1,2330,2340,2335
Uttrakhand,Haridwar,Lakshar,Other,Wheat,1,2380,2400,2390
Uttrakhand,Haridwar,Lakshar,Other,Wheat,1,2400,2500,2450
Uttrakhand,Haridwar,Lakshar,Other,Wheat,1,2275,2400,2350
Uttrakhand,Haridwar,Lakshar,Other,Wheat,1,2285,2300,2290
Uttrakhand,Haridwar,Lakshar,Other,Wheat,1,2295,2305,2300
Uttrakhand,Haridwar,Lakshar,Other,Wheat,1,2300,2340,2320
Uttrakhand,Haridwar,Lakshar,Other,Wheat,1,2340,2350,2345
Uttrakhand,Haridwar,Lakshar,Other,Wheat,1,2340,2350,2345
Uttrakhand,Haridwar,Lakshar,Other,Wheat,2,2300,2400,2380
Uttrakhand,Haridwar,Lakshar,Other,Wheat,2,2320,2340,2330
Uttrakhand,Haridwar,Lakshar,Other,Wheat,2,2400,2500,2500
Uttrakhand,Haridwar,Lakshar,Other,Wheat,2,2450,2500,2475
Uttrakhand,Haridwar,Lakshar,Other,Wheat,2,2475,2500,2490
Uttrakhand,Haridwar,Lakshar,Other,Wheat,2,2290,2300,2295
Uttrakhand,Haridwar,Lakshar,Other,Wheat,2,2290,2300,2295
Uttrakhand,Haridwar,Lakshar,Other,Wheat,2,2290,2300,2295
Uttrakhand,Haridwar,Lakshar,Other,Wheat,2,2300,2330,2320
Uttrakhand,Haridwar,Lakshar,Other,Wheat,2,2300,2340,2320
Uttrakhand,Haridwar,Lakshar,Other,Wheat,2,2315,2320,2318
Uttrakhand,Haridwar,Lakshar,Other,Wheat,2,2320,2330,2325
Uttrakhand,Haridwar,Lakshar,Other,Wheat,2,2340,2350,2345
Uttrakhand,Haridwar,Lakshar,Other,Wheat,2,2450,2500,2475
Uttrakhand,Haridwar,Lakshar,Other,Wheat,2,2300,2400,2350
Uttrakhand,Haridwar,Lakshar,Other,Wheat,2,2320,2330,2325
Uttrakhand,Haridwar,Lakshar,Other,Wheat,2,2320,2340,2330
Uttrakhand,Haridwar,Lakshar,Other,Wheat,2,2330,2340,2335
Uttrakhand,Haridwar,Lakshar,Other,Wheat,2,2300,2330,2320
Uttrakhand,Haridwar,Lakshar,Other,Wheat,2,2310,2330,2320
Uttrakhand,Haridwar,Lakshar,Other,Wheat,2,2320,2350,2335
Uttrakhand,Haridwar,Lakshar,Other,Wheat,2,2300,2310,2305
Uttrakhand,Haridwar,Lakshar,Other,Wheat,2,2320,2330,2325
Uttrakhand,Haridwar,Lakshar,Other,Wheat,2,2330,2340,2335
Uttrakhand,Haridwar,Lakshar,Other,Wheat,2,2275,2300,2290
Uttrakhand,Haridwar,Lakshar,Other,Wheat,2,2320,2340,2330
Uttrakhand,Haridwar,Lakshar,Other,Wheat,2,2320,2330,2325
Uttrakhand,Haridwar,Lakshar,Other,Wheat,3,2400,2500,2450
Uttrakhand,Haridwar,Lakshar,Other,Wheat,3,2450,2500,2475
Uttrakhand,Haridwar,Lakshar,Other,Wheat,3,2950,3000,2975
Uttrakhand,Haridwar,Lakshar,Other,Wheat,3,2280,2300,2290
Uttrakhand,Haridwar,Lakshar,Other,Wheat,3,2290,2300,2295
Uttrakhand,Haridwar,Lakshar,Other,Wheat,3,2300,2330,2315
Uttrakhand,Haridwar,Lakshar,Other,Wheat,3,2300,2330,2320
Uttrakhand,Haridwar,Lakshar,Other,Wheat,3,2320,2330,2325
Uttrakhand,Haridwar,Lakshar,Other,Wheat,3,2330,2340,2335
Uttrakhand,Haridwar,Lakshar,Other,Wheat,3,2330,2340,2335
Uttrakhand,Haridwar,Lakshar,Other,Wheat,3,2320,2330,2325
Uttrakhand,Haridwar,Lakshar,Other,Wheat,3,2280,2320,2300
Uttrakhand,Haridwar,Lakshar,Other,Wheat,3,2300,2340,2320
Uttrakhand,Haridwar,Lakshar,Other,Wheat,3,2320,2330,2325
Uttrakhand,Haridwar,Lakshar,Other,Wheat,3,2320,2330,2325
Uttrakhand,Haridwar,Lakshar,Other,Wheat,3,2330,2340,2335
Uttrakhand,Haridwar,Lakshar,Other,Wheat,3,2280,2300,2290
Uttrakhand,Haridwar,Lakshar,Other,Wheat,3,2285,2300,2290
Uttrakhand,Haridwar,Lakshar,Other,Wheat,3,2290,2300,2295
Uttrakhand,Haridwar,Lakshar,Other,Wheat,3,2320,2360,2340
Uttrakhand,Haridwar,Lakshar,Other,Wheat,3,2300,2320,2310
Uttrakhand,Haridwar,Lakshar,Other,Wheat,4,2320,2330,2325
Uttrakhand,Haridwar,Lakshar,Other,Wheat,4,2320,2330,2325
Uttrakhand,Haridwar,Lakshar,Other,Wheat,4,2300,2330,2315
Uttrakhand,Haridwar,Lakshar,Other,Wheat,4,2450,2500,2475
Uttrakhand,Haridwar,Lakshar,Other,Wheat,4,2450,2500,2475
Uttrakhand,Haridwar,Lakshar,Other,Wheat,4,2450,2600,2550
Uttrakhand,Haridwar,Lakshar,Other,Wheat,5,2200,2300,2275
Uttrakhand,Haridwar,Lakshar,Other,Wheat,5,2280,2300,2290
Uttrakhand,Haridwar,Lakshar,Other,Wheat,5,2280,2300,2290
Uttrakhand,Haridwar,Lakshar,Other,Wheat,5,2280,2330,2300
Uttrakhand,Haridwar,Lakshar,Other,Wheat,5,2300,2310,2305
Uttrakhand,Haridwar,Lakshar,Other,Wheat,5,2320,2330,2325
Uttrakhand,Haridwar,Lakshar,Other,Wheat,5,2320,2340,2330
Uttrakhand,Haridwar,Lakshar,Other,Wheat,5,2300,2320,2310
Uttrakhand,Haridwar,Lakshar,Other,Wheat,5,2300,2350,2325
Uttrakhand,Haridwar,Lakshar,Other,Wheat,5,2475,2500,2490
Uttrakhand,Haridwar,Lakshar,Other,Wheat,5,2320,2330,2325
Uttrakhand,Haridwar,Lakshar,Other,Wheat,5,2320,2350,2335
Uttrakhand,Haridwar,Lakshar,Other,Wheat,5,2300,2320,2310
Uttrakhand,Haridwar,Lakshar,Other,Wheat,6,2330,2340,2335
Uttrakhand,Haridwar,Lakshar,Other,Wheat,6,2280,2300,2290
Uttrakhand,Haridwar,Lakshar,Other,Wheat,6,2375,2400,2390
Uttrakhand,Haridwar,Lakshar,Other,Wheat,7,2320,2350,2335
Uttrakhand,Haridwar,Lakshar,Other,Wheat,7,2280,2300,2290
Uttrakhand,Haridwar,Lakshar,Other,Wheat,7,2290,2300,2295
Uttrakhand,Haridwar,Lakshar,Other,Wheat,7,2310,2340,2325
Uttrakhand,Haridwar,Lakshar,Other,Wheat,7,2280,2300,2290
Uttrakhand,Haridwar,Lakshar,Other,Wheat,7,2475,2500,2490
Uttrakhand,Haridwar,Lakshar,Other,Wheat,7,2300,2340,2320
Uttrakhand,Haridwar,Lakshar,Other,Wheat,8,2480,2500,2490
Uttrakhand,Haridwar,Lakshar,Other,Wheat,8,2425,2450,2440
Uttrakhand,Haridwar,Lakshar,Other,Wheat,8,2330,2340,2335
Uttrakhand,Haridwar,Lakshar,Other,Wheat,8,2440,2500,2470
Uttrakhand,Haridwar,Lakshar,Other,Wheat,8,2400,2450,2425
Uttrakhand,Haridwar,Lakshar,Other,Wheat,9,2350,2400,2375
Uttrakhand,Haridwar,Lakshar,Other,Wheat,9,2360,2400,2380
Uttrakhand,Haridwar,Lakshar,Other,Wheat,10,2475,2500,2490
Uttrakhand,Haridwar,Lakshar,Other,Wheat,10,2300,2310,2305
Uttrakhand,Haridwar,Lakshar,Other,Wheat,10,2350,2400,2370
Uttrakhand,Haridwar,Lakshar,Other,Wheat,11,2280,2300,2290
Uttrakhand,Haridwar,Lakshar,Other,Wheat,11,2320,2330,2325
Uttrakhand,Haridwar,Lakshar,Other,Wheat,12,2280,2320,2300
Uttrakhand,Haridwar,Lakshar,Other,Wheat,12,2320,2340,2330
Uttrakhand,Haridwar,Lakshar,Other,Wheat,12,2320,2340,2330
Uttrakhand,Haridwar,Lakshar,Other,Wheat,12,2330,2340,2335
Uttrakhand,Haridwar,Lakshar,Other,Wheat,12,2330,2340,2335
Uttrakhand,Haridwar,Lakshar,Other,Wheat,12,2375,2400,2390
Uttrakhand,Haridwar,Lakshar,Other,Wheat,13,2400,2450,2430
Uttrakhand,Haridwar,Lakshar,Other,Wheat,13,2450,2550,2500
Uttrakhand,Haridwar,Lakshar,Other,Wheat,14,2440,2455,2450
Uttrakhand,Haridwar,Lakshar,Other,Wheat,15,2290,2300,2295
Uttrakhand,Haridwar,Lakshar,Other,Wheat,19,2430,2500,2470
Uttrakhand,Haridwar,Lakshar,Other,Wheat,20,2290,2300,2295
Uttrakhand,Haridwar,Lakshar,Other,Wheat,20,2430,2460,2450
Uttrakhand,Haridwar,Lakshar,Other,Wheat,21,2440,2500,2475
Uttrakhand,Haridwar,Lakshar,Other,Wheat,21,2430,2500,2470
Uttrakhand,Haridwar,Lakshar,Other,Wheat,22,2440,2470,2450
Uttrakhand,Haridwar,Lakshar,Other,Wheat,23,2290,2300,2295
Uttrakhand,Haridwar,Lakshar,Other,Wheat,24,2430,2500,2470
Uttrakhand,Haridwar,Lakshar,Other,Wheat,24,2430,2500,2470
Uttrakhand,Haridwar,Lakshar,Other,Wheat,25,2430,2450,2440
Uttrakhand,Haridwar,Lakshar,Other,Wheat,25,2475,2500,2490
Uttrakhand,Haridwar,Lakshar,Other,Wheat,25,2350,2400,2380
Uttrakhand,Haridwar,Lakshar,Other,Wheat,26,2450,2500,2475
Uttrakhand,Haridwar,Lakshar,Other,Wheat,30,2430,2500,2475
Uttrakhand,Haridwar,Lakshar,Other,Wheat,32,2290,2300,2295
Uttrakhand,Haridwar,Lakshar,Other,Wheat,32,2430,2450,2440
Uttrakhand,Haridwar,Lakshar,Other,Wheat,36,2430,2500,2470
Uttrakhand,Haridwar,Lakshar,Other,Wheat,37,2430,2500,2470
Uttrakhand,Haridwar,Lakshar,Other,Wheat,38,2430,2500,2450
Uttrakhand,Haridwar,Lakshar,Other,Wheat,40,2440,2500,2475
Uttrakhand,Haridwar,Lakshar,Other,Wheat,42,2430,2500,2470
Uttrakhand,Haridwar,Lakshar,Other,Wheat,42,2430,2500,2460
Uttrakhand,Haridwar,Lakshar,Other,Wheat,56,2550,2700,2625
Uttrakhand,Haridwar,Lakshar,Other,Wheat,260,2430,2450,2440
Uttrakhand,Haridwar,Roorkee,Other,Potato,2,800,1150,1000
Uttrakhand,Haridwar,Roorkee,Other,Potato,2,800,1200,1000
Uttrakhand,Haridwar,Roorkee,Other,Potato,2,800,1200,1000
Uttrakhand,Haridwar,Roorkee,Other,Potato,2,800,1200,1000
Uttrakhand,Haridwar,Roorkee,Other,Potato,2,800,1200,1000
Uttrakhand,Haridwar,Roorkee,Other,Potato,2,800,1200,1000
Uttrakhand,Haridwar,Roorkee,Other,Potato,2,800,1200,1000
Uttrakhand,Haridwar,Roorkee,Other,Potato,3,700,1100,900
Uttrakhand,Haridwar,Roorkee,Other,Potato,3,800,1100,900
Uttrakhand,Haridwar,Roorkee,Other,Potato,3,700,1100,900
Uttrakhand,Haridwar,Roorkee,Other,Potato,3,800,1200,1000
Uttrakhand,Haridwar,Roorkee,Other,Potato,4,800,1300,1000
Uttrakhand,Haridwar,Roorkee,Other,Potato,4,800,1100,900
Uttrakhand,Haridwar,Roorkee,Other,Potato,4,800,1250,1000
Uttrakhand,Haridwar,Roorkee,Other,Potato,5,800,1100,900
Uttrakhand,Haridwar,Roorkee,Other,Potato,5,800,1250,1000
Uttrakhand,Haridwar,Roorkee,Other,Potato,5,800,1250,1000
Uttrakhand,Haridwar,Roorkee,Other,Potato,1,800,1200,1000
Uttrakhand,Haridwar,Roorkee,Other,Potato,2,800,1000,900
Uttrakhand,Haridwar,Roorkee,Other,Potato,3,750,1000,900
Uttrakhand,Haridwar,Roorkee,Other,Potato,3,800,1200,1000
Uttrakhand,Haridwar,Roorkee,Other,Potato,4,800,1100,900
Uttrakhand,Haridwar,Roorkee,Other,Potato,4,800,1200,1000
Uttrakhand,Haridwar,Roorkee,Other,Potato,4,1000,1500,1200
Uttrakhand,Haridwar,Roorkee,Other,Potato,5,800,1100,900
Uttrakhand,Haridwar,Roorkee,Other,Potato,5,800,1200,1000
Uttrakhand,Haridwar,Roorkee,Other,Potato,5,700,1100,900
Uttrakhand,Haridwar,Roorkee,Other,Potato,6,800,1200,1000
Uttrakhand,Haridwar,Roorkee,Other,Potato,6,800,1250,1000
Uttrakhand,Haridwar,Roorkee,Other,Potato,7,800,1000,900
Uttrakhand,Haridwar,Roorkee,Other,Potato,10,800,1200,1000
Uttrakhand,Haridwar,Roorkee,Other,Potato,2,700,1200,900
Uttrakhand,Haridwar,Roorkee,Other,Potato,2,700,1200,1000
Uttrakhand,Haridwar,Roorkee,Other,Potato,2,800,1200,1000
Uttrakhand,Haridwar,Roorkee,Other,Potato,2,800,1200,1000
Uttrakhand,Haridwar,Roorkee,Other,Potato,2,800,1100,1000
Uttrakhand,Haridwar,Roorkee,Other,Potato,3,700,1100,900
Uttrakhand,Haridwar,Roorkee,Other,Potato,3,800,1200,1000
Uttrakhand,Haridwar,Roorkee,Other,Potato,3,700,1100,900
Uttrakhand,Haridwar,Roorkee,Other,Potato,3,750,1100,900
Uttrakhand,Haridwar,Roorkee,Other,Potato,3,750,1100,900
Uttrakhand,Haridwar,Roorkee,Other,Potato,3,800,1000,900
Uttrakhand,Haridwar,Roorkee,Other,Potato,4,800,1200,1000
Uttrakhand,Haridwar,Roorkee,Other,Potato,4,750,1100,900
Uttrakhand,Haridwar,Roorkee,Other,Potato,4,800,1200,1000
Uttrakhand,Haridwar,Roorkee,Other,Potato,4,850,1350,1000
Uttrakhand,Haridwar,Roorkee,Other,Potato,5,750,1150,900
Uttrakhand,Haridwar,Roorkee,Other,Potato,5,800,1000,900
Uttrakhand,Haridwar,Roorkee,Other,Potato,5,800,1100,900
Uttrakhand,Haridwar,Roorkee,Other,Potato,5,800,1100,900
Uttrakhand,Haridwar,Roorkee,Other,Potato,5,800,1200,900
Uttrakhand,Haridwar,Roorkee,Other,Potato,5,1000,1200,1100
Uttrakhand,Haridwar,Roorkee,Other,Potato,5,800,1000,900
Uttrakhand,Haridwar,Roorkee,Other,Potato,5,800,1200,1000
Uttrakhand,Haridwar,Roorkee,Other,Potato,6,750,1100,900
Uttrakhand,Haridwar,Roorkee,Other,Potato,14,800,1100,900
Uttrakhand,Haridwar,Roorkee,Other,Potato,20,800,1000,900
Uttrakhand,Haridwar,Roorkee,Other,Potato,23,800,1000,900
Uttrakhand,Haridwar,Roorkee,Other,Potato,2,700,1200,900
Uttrakhand,Haridwar,Roorkee,Other,Potato,2,800,1000,900
Uttrakhand,Haridwar,Roorkee,Other,Potato,2,800,1000,900
Uttrakhand,Haridwar,Roorkee,Other,Potato,2,800,1200,1000
Uttrakhand,Haridwar,Roorkee,Other,Potato,3,700,1100,900
Uttrakhand,Haridwar,Roorkee,Other,Potato,4,800,1350,1000
Uttrakhand,Haridwar,Roorkee,Other,Potato,4,800,1200,1000
Uttrakhand,Haridwar,Roorkee,Other,Potato,4,800,1200,1000
Uttrakhand,Haridwar,Roorkee,Other,Potato,5,800,1100,1000
Uttrakhand,Haridwar,Roorkee,Other,Potato,5,800,1200,900
Uttrakhand,Haridwar,Roorkee,Other,Potato,5,800,1200,1000
Uttrakhand,Haridwar,Roorkee,Other,Potato,5,800,1200,1000
Uttrakhand,Haridwar,Roorkee,Other,Potato,5,800,1200,1000
Uttrakhand,Haridwar,Roorkee,Other,Potato,5,800,1200,1000
Uttrakhand,Haridwar,Roorkee,Other,Potato,5,800,1250,1000
Uttrakhand,Haridwar,Roorkee,Other,Potato,5,800,1350,1050
Uttrakhand,Haridwar,Roorkee,Other,Potato,5,800,1000,900
Uttrakhand,Haridwar,Roorkee,Other,Potato,7,800,1050,900
Uttrakhand,Haridwar,Roorkee,Other,Potato,11,800,1150,1000
Uttrakhand,Haridwar,Roorkee,Other,Potato,18,800,1000,900
Uttrakhand,Haridwar,Roorkee,Other,Potato,1,800,1200,1000
Uttrakhand,Haridwar,Roorkee,Other,Potato,2,800,1200,1000
Uttrakhand,Haridwar,Roorkee,Other,Potato,2,700,1100,900
Uttrakhand,Haridwar,Roorkee,Other,Potato,2,800,1200,1000
Uttrakhand,Haridwar,Roorkee,Other,Potato,2,800,1200,1000
Uttrakhand,Haridwar,Roorkee,Other,Potato,2,800,1200,1000
Uttrakhand,Haridwar,Roorkee,Other,Potato,3,700,1100,900
Uttrakhand,Haridwar,Roorkee,Other,Potato,3,700,1100,900
Uttrakhand,Haridwar,Roorkee,Other,Potato,3,800,1100,900
Uttrakhand,Haridwar,Roorkee,Other,Potato,4,800,1200,1000
Uttrakhand,Haridwar,Roorkee,Other,Potato,4,800,1200,1000
Uttrakhand,Haridwar,Roorkee,Other,Potato,5,800,1200,900
Uttrakhand,Haridwar,Roorkee,Other,Potato,5,800,1200,1000
Uttrakhand,Haridwar,Roorkee,Other,Potato,6,800,1100,900
Uttrakhand,Haridwar,Roorkee,Other,Potato,19,800,1000,900
Uttrakhand,Haridwar,Roorkee,Other,Potato,1,700,1200,900
Uttrakhand,Haridwar,Roorkee,Other,Potato,3,800,1100,900
Uttrakhand,Haridwar,Roorkee,Other,Potato,4,800,1050,900
Uttrakhand,Haridwar,Roorkee,Other,Potato,4,800,1100,900
Uttrakhand,Haridwar,Roorkee,Other,Potato,4,800,1200,1000
Uttrakhand,Haridwar,Roorkee,Other,Potato,5,700,1000,900
Uttrakhand,Haridwar,Roorkee,Other,Potato,5,800,1200,1000
Uttrakhand,Haridwar,Roorkee,Other,Potato,5,800,1200,1000
Uttrakhand,Haridwar,Roorkee,Other,Potato,11,800,1100,900
Uttrakhand,Haridwar,Roorkee,Other,Potato,41,850,1200,1000
Uttrakhand,Haridwar,Roorkee,Other,Potato,2,700,1200,900
Uttrakhand,Haridwar,Roorkee,Other,Potato,2,800,1000,900
Uttrakhand,Haridwar,Roorkee,Other,Potato,2,800,1200,1000
Uttrakhand,Haridwar,Roorkee,Other,Potato,2,800,1200,1000
Uttrakhand,Haridwar,Roorkee,Other,Potato,3,700,1100,900
Uttrakhand,Haridwar,Roorkee,Other,Potato,3,700,1100,900
Uttrakhand,Haridwar,Roorkee,Other,Potato,3,800,1000,900
Uttrakhand,Haridwar,Roorkee,Other,Potato,3,800,1200,1000
Uttrakhand,Haridwar,Roorkee,Other,Potato,3,700,1100,900
Uttrakhand,Haridwar,Roorkee,Other,Potato,3,700,1200,1000
Uttrakhand,Haridwar,Roorkee,Other,Potato,3,800,1200,1000
Uttrakhand,Haridwar,Roorkee,Other,Potato,4,800,1200,1000
Uttrakhand,Haridwar,Roorkee,Other,Potato,4,750,1100,900
Uttrakhand,Haridwar,Roorkee,Other,Potato,4,800,1200,900
Uttrakhand,Haridwar,Roorkee,Other,Potato,5,750,1100,900
Uttrakhand,Haridwar,Roorkee,Other,Potato,5,800,1000,900
Uttrakhand,Haridwar,Roorkee,Other,Potato,5,800,1300,1100
Uttrakhand,Haridwar,Roorkee,Other,Potato,6,800,1000,900
Uttrakhand,Haridwar,Roorkee,Other,Potato,6,1000,1500,1200
Uttrakhand,Haridwar,Roorkee,Other,Potato,19,800,1000,900
Uttrakhand,Haridwar,Roorkee,Other,Potato,25,850,1100,900
Uttrakhand,Haridwar,Roorkee,Other,Potato,1,700,1200,900
Uttrakhand,Haridwar,Roorkee,Other,Potato,2,800,1200,1000
Uttrakhand,Haridwar,Roorkee,Other,Potato,2,800,1200,1000
Uttrakhand,Haridwar,Roorkee,Other,Potato,3,800,1200,1000
Uttrakhand,Haridwar,Roorkee,Other,Potato,3,800,1200,1000
Uttrakhand,Haridwar,Roorkee,Other,Potato,3,700,1100,900
Uttrakhand,Haridwar,Roorkee,Other,Potato,3,700,1100,900
Uttrakhand,Haridwar,Roorkee,Other,Potato,3,800,1200,1000
Uttrakhand,Haridwar,Roorkee,Other,Potato,3,800,1250,1000
Uttrakhand,Haridwar,Roorkee,Other,Potato,3,800,1100,900
Uttrakhand,Haridwar,Roorkee,Other,Potato,5,800,1100,1000
Uttrakhand,Haridwar,Roorkee,Other,Potato,5,800,1200,900
Uttrakhand,Haridwar,Roorkee,Other,Potato,5,800,1200,1000
Uttrakhand,Haridwar,Roorkee,Other,Potato,5,800,1100,900
Uttrakhand,Haridwar,Roorkee,Other,Potato,5,700,1000,900
Uttrakhand,Haridwar,Roorkee,Other,Potato,5,800,1200,1000
Uttrakhand,Haridwar,Roorkee,Other,Potato,5,800,1400,1200
Uttrakhand,Haridwar,Roorkee,Other,Potato,8,800,1200,900
Uttrakhand,Haridwar,Roorkee,Other,Potato,26,800,1000,900
Uttrakhand,Haridwar,Roorkee,Other,Potato,2,700,1200,900
Uttrakhand,Haridwar,Roorkee,Other,Potato,2,800,1200,1000
Uttrakhand,Haridwar,Roorkee,Other,Potato,2,750,1100,900
Uttrakhand,Haridwar,Roorkee,Other,Potato,2,800,1200,1000
Uttrakhand,Haridwar,Roorkee,Other,Potato,2,800,1200,1000
Uttrakhand,Haridwar,Roorkee,Other,Potato,3,700,1100,900
Uttrakhand,Haridwar,Roorkee,Other,Potato,3,750,1200,900
Uttrakhand,Haridwar,Roorkee,Other,Potato,4,800,1100,900
Uttrakhand,Haridwar,Roorkee,Other,Potato,4,800,1200,1000
Uttrakhand,Haridwar,Roorkee,Other,Potato,4,800,1200,1000
Uttrakhand,Haridwar,Roorkee,Other,Potato,4,800,1250,1000
Uttrakhand,Haridwar,Roorkee,Other,Potato,5,800,1100,1000
Uttrakhand,Haridwar,Roorkee,Other,Potato,5,800,1200,1000
Uttrakhand,Haridwar,Roorkee,Other,Potato,5,800,1200,1000
Uttrakhand,Haridwar,Roorkee,Other,Potato,5,800,1200,1000
Uttrakhand,Haridwar,Roorkee,Other,Potato,5,800,1250,1000
Uttrakhand,Haridwar,Roorkee,Other,Potato,6,800,1200,1000
Uttrakhand,Haridwar,Roorkee,Other,Potato,20,800,1000,900
Uttrakhand,Haridwar,Roorkee,Other,Potato,50,800,1200,1000
Uttrakhand,Haridwar,Roorkee,Other,Potato,2,700,1100,900
Uttrakhand,Haridwar,Roorkee,Other,Potato,2,800,1200,1000
Uttrakhand,Haridwar,Roorkee,Other,Potato,3,700,1100,900
Uttrakhand,Haridwar,Roorkee,Other,Potato,3,700,1100,900
Uttrakhand,Haridwar,Roorkee,Other,Potato,3,700,1100,900
Uttrakhand,Haridwar,Roorkee,Other,Potato,3,750,1100,900
Uttrakhand,Haridwar,Roorkee,Other,Potato,3,750,1200,900
Uttrakhand,Haridwar,Roorkee,Other,Potato,3,800,1350,1100
Uttrakhand,Haridwar,Roorkee,Other,Potato,3,900,1300,1100
Uttrakhand,Haridwar,Roorkee,Other,Potato,3,800,1000,1000
Uttrakhand,Haridwar,Roorkee,Other,Potato,3,750,1100,900
Uttrakhand,Haridwar,Roorkee,Other,Potato,3,700,1100,900
Uttrakhand,Haridwar,Roorkee,Other,Potato,3,800,1200,1000
Uttrakhand,Haridwar,Roorkee,Other,Potato,3,700,1200,900
Uttrakhand,Haridwar,Roorkee,Other,Potato,5,800,1100,900
Uttrakhand,Haridwar,Roorkee,Other,Potato,5,800,1100,1000
Uttrakhand,Haridwar,Roorkee,Other,Potato,5,800,1200,1000
Uttrakhand,Haridwar,Roorkee,Other,Potato,5,800,1200,1000
Uttrakhand,Haridwar,Roorkee,Other,Potato,5,800,1200,1000
Uttrakhand,Haridwar,Roorkee,Other,Potato,15,800,1000,900
Uttrakhand,Haridwar,Roorkee,Other,Potato,1,800,1200,1000
Uttrakhand,Haridwar,Roorkee,Other,Potato,2,800,1200,1000
Uttrakhand,Haridwar,Roorkee,Other,Potato,3,700,1100,900
Uttrakhand,Haridwar,Roorkee,Other,Potato,3,800,1100,900
Uttrakhand,Haridwar,Roorkee,Other,Potato,3,700,1200,900
Uttrakhand,Haridwar,Roorkee,Other,Potato,3,700,1100,900
Uttrakhand,Haridwar,Roorkee,Other,Potato,5,800,1100,900
Uttrakhand,Haridwar,Roorkee,Other,Potato,5,800,1100,900
Uttrakhand,Haridwar,Roorkee,Other,Potato,5,800,1200,1000
Uttrakhand,Haridwar,Roorkee,Other,Potato,5,800,1200,1000
Uttrakhand,Haridwar,Roorkee,Other,Potato,5,800,1250,1000
Uttrakhand,Haridwar,Roorkee,Other,Potato,5,800,1200,1000
Uttrakhand,Haridwar,Roorkee,Other,Potato,6,800,1000,900
Uttrakhand,Haridwar,Roorkee,Other,Potato,6,750,1200,900
Uttrakhand,Haridwar,Roorkee,Other,Potato,1,700,1200,900
Uttrakhand,Haridwar,Roorkee,Other,Potato,1,800,1200,1000
Uttrakhand,Haridwar,Roorkee,Other,Potato,2,700,1200,900
Uttrakhand,Haridwar,Roorkee,Other,Potato,2,700,1200,900
Uttrakhand,Haridwar,Roorkee,Other,Potato,3,800,1100,900
Uttrakhand,Haridwar,Roorkee,Other,Potato,3,700,1100,900
Uttrakhand,Haridwar,Roorkee,Other,Potato,3,880,1200,1000
Uttrakhand,Haridwar,Roorkee,Other,Potato,3,700,1100,1000
Uttrakhand,Haridwar,Roorkee,Other,Potato,4,750,1100,900
Uttrakhand,Haridwar,Roorkee,Other,Potato,4,800,1200,1000
Uttrakhand,Haridwar,Roorkee,Other,Potato,4,800,1200,900
Uttrakhand,Haridwar,Roorkee,Other,Potato,5,800,1300,1000
Uttrakhand,Haridwar,Roorkee,Other,Potato,7,750,1200,900
Uttrakhand,Haridwar,Roorkee,Other,Potato,21,850,1200,1000
Uttrakhand,Haridwar,Roorkee,Other,Potato,32,800,1000,900
Uttrakhand,Haridwar,Roorkee,Other,Potato,2,800,1200,1000
Uttrakhand,Haridwar,Roorkee,Other,Potato,2,800,1200,1000
Uttrakhand,Haridwar,Roorkee,Other,Potato,2,800,1200,1000
Uttrakhand,Haridwar,Roorkee,Other,Potato,2,700,1200,900
Uttrakhand,Haridwar,Roorkee,Other,Potato,2,800,1200,1000
Uttrakhand,Haridwar,Roorkee,Other,Potato,3,700,1100,900
Uttrakhand,Haridwar,Roorkee,Other,Potato,3,700,1109,900
Uttrakhand,Haridwar,Roorkee,Other,Potato,3,800,1000,900
Uttrakhand,Haridwar,Roorkee,Other,Potato,3,700,1100,900
Uttrakhand,Haridwar,Roorkee,Other,Potato,3,800,1200,1000
Uttrakhand,Haridwar,Roorkee,Other,Potato,4,800,1200,1000
Uttrakhand,Haridwar,Roorkee,Other,Potato,4,800,1200,1000
Uttrakhand,Haridwar,Roorkee,Other,Potato,4,800,1200,1000
Uttrakhand,Haridwar,Roorkee,Other,Potato,4,800,1300,1000
Uttrakhand,Haridwar,Roorkee,Other,Potato,5,800,1200,900
Uttrakhand,Haridwar,Roorkee,Other,Potato,5,800,1200,1000
Uttrakhand,Haridwar,Roorkee,Other,Potato,6,800,1200,1050
Uttrakhand,Haridwar,Roorkee,Other,Potato,10,800,1200,1000
Uttrakhand,Haridwar,Roorkee,Other,Potato,15,800,1000,900
Uttrakhand,Haridwar,Roorkee,Other,Potato,21,800,1100,900
Uttrakhand,Haridwar,Roorkee,Other,Potato,2,800,1200,1000
Uttrakhand,Haridwar,Roorkee,Other,Potato,2,800,1200,1000
Uttrakhand,Haridwar,Roorkee,Other,Potato,2,700,1200,900
Uttrakhand,Haridwar,Roorkee,Other,Potato,2,800,1200,1000
Uttrakhand,Haridwar,Roorkee,Other,Potato,2,800,1200,1000
Uttrakhand,Haridwar,Roorkee,Other,Potato,2,800,1200,1000
Uttrakhand,Haridwar,Roorkee,Other,Potato,2,700,1200,900
Uttrakhand,Haridwar,Roorkee,Other,Potato,2,700,1200,900
Uttrakhand,Haridwar,Roorkee,Other,Potato,3,700,1100,900
Uttrakhand,Haridwar,Roorkee,Other,Potato,4,700,1100,900
Uttrakhand,Haridwar,Roorkee,Other,Potato,4,800,1000,900
Uttrakhand,Haridwar,Roorkee,Other,Potato,4,800,1350,1000
Uttrakhand,Haridwar,Roorkee,Other,Potato,5,800,1350,1000
Uttrakhand,Haridwar,Roorkee,Other,Potato,5,800,1200,1000
Uttrakhand,Haridwar,Roorkee,Other,Potato,21,800,1100,900
Uttrakhand,Haridwar,Roorkee,Other,Potato,1,800,1200,1000
Uttrakhand,Haridwar,Roorkee,Other,Potato,2,700,1200,900
Uttrakhand,Haridwar,Roorkee,Other,Potato,2,750,1200,900
Uttrakhand,Haridwar,Roorkee,Other,Potato,2,700,1100,900
Uttrakhand,Haridwar,Roorkee,Other,Potato,3,700,1000,900
Uttrakhand,Haridwar,Roorkee,Other,Potato,3,700,1100,900
Uttrakhand,Haridwar,Roorkee,Other,Potato,3,800,1100,900
Uttrakhand,Haridwar,Roorkee,Other,Potato,3,800,1200,900
Uttrakhand,Haridwar,Roorkee,Other,Potato,3,700,1100,900
Uttrakhand,Haridwar,Roorkee,Other,Potato,3,800,1200,1000
Uttrakhand,Haridwar,Roorkee,Other,Potato,4,800,1200,1000
Uttrakhand,Haridwar,Roorkee,Other,Potato,4,750,1100,900
Uttrakhand,Haridwar,Roorkee,Other,Potato,5,800,1000,900
Uttrakhand,Haridwar,Roorkee,Other,Potato,5,800,1200,1000
Uttrakhand,Haridwar,Roorkee,Other,Potato,5,800,1200,1000
Uttrakhand,Haridwar,Roorkee,Other,Potato,5,800,1300,1100
Uttrakhand,Haridwar,Roorkee,Other,Potato,5,750,1100,900
Uttrakhand,Haridwar,Roorkee,Other,Potato,6,800,1200,900
Uttrakhand,Haridwar,Roorkee,Other,Potato,6,750,1100,900
Uttrakhand,Haridwar,Roorkee,Other,Potato,8,800,1000,900
Uttrakhand,Haridwar,Roorkee,Other,Potato,11,800,1200,1000
Uttrakhand,Haridwar,Roorkee,Other,Potato,11,800,1200,1000
Uttrakhand,Haridwar,Roorkee,Other,Potato,1,800,1200,1000
Uttrakhand,Haridwar,Roorkee,Other,Potato,2,700,1200,900
Uttrakhand,Haridwar,Roorkee,Other,Potato,2,800,1150,1000
Uttrakhand,Haridwar,Roorkee,Other,Potato,2,800,1200,1000
Uttrakhand,Haridwar,Roorkee,Other,Potato,3,700,1000,900
Uttrakhand,Haridwar,Roorkee,Other,Potato,3,700,1200,900
Uttrakhand,Haridwar,Roorkee,Other,Potato,3,800,1200,1000
Uttrakhand,Haridwar,Roorkee,Other,Potato,4,800,1200,1000
Uttrakhand,Haridwar,Roorkee,Other,Potato,4,800,1200,1000
Uttrakhand,Haridwar,Roorkee,Other,Potato,4,800,1100,900
Uttrakhand,Haridwar,Roorkee,Other,Potato,5,800,1100,900
Uttrakhand,Haridwar,Roorkee,Other,Potato,5,800,1200,1000
Uttrakhand,Haridwar,Roorkee,Other,Potato,5,800,1200,1000
Uttrakhand,Haridwar,Roorkee,Other,Potato,5,800,1100,900
Uttrakhand,Haridwar,Roorkee,Other,Potato,7,800,1200,1000
Uttrakhand,Haridwar,Roorkee,Other,Potato,18,800,1100,900
Uttrakhand,Haridwar,Roorkee,Other,Potato,23,800,1000,900
Uttrakhand,Haridwar,Roorkee,Other,Potato,25,800,1000,900
Uttrakhand,Haridwar,Lakshar,Other,Tomato,1,775,800,790
Uttrakhand,Haridwar,Lakshar,Other,Tomato,1,950,1000,975
Uttrakhand,Haridwar,Lakshar,Other,Tomato,2,1000,1200,1100
Uttrakhand,Haridwar,Lakshar,Other,Tomato,4,1600,1800,1700
Uttrakhand,Haridwar,Lakshar,Other,Tomato,11,475,500,490
Uttrakhand,Haridwar,Lakshar,Other,Tomato,23,500,510,505
Punjab,Amritsar,Amritsar,Other,Wheat,183,2430,2430,2430
Punjab,Amritsar,Amritsar,Other,Wheat,465,2430,2430,2430
Punjab,Amritsar,Amritsar,Other,Wheat,18,2425,2430,2425
Punjab,Amritsar,Amritsar,Other,Wheat,468,2425,2430,2425
Punjab,Amritsar,Amritsar,Other,Wheat,18,2425,2430,2425
Punjab,Amritsar,Amritsar,Other,Wheat,18,2425,2430,2425
Punjab,Amritsar,Amritsar,Other,Wheat,18,2425,2430,2425
Punjab,Amritsar,Amritsar,Other,Wheat,311,2425,2430,2425
Punjab,Amritsar,Amritsar,Other,Wheat,569,2425,2430,2425
Punjab,Amritsar,Amritsar,Other,Wheat,18,2425,2430,2425
Punjab,Amritsar,Amritsar,Other,Wheat,826,2425,2430,2425
Punjab,Amritsar,Amritsar,Other,Wheat,18,2425,2430,2425
Punjab,Amritsar,Amritsar,Other,Wheat,112,2430,2430,2430
Punjab,Amritsar,Amritsar,Other,Wheat,576,2425,2430,2425
Punjab,Amritsar,Amritsar,Other,Wheat,18,2425,2425,2425
Punjab,Amritsar,Amritsar,Other,Wheat,18,2425,2430,2425
Punjab,Amritsar,Amritsar,Other,Wheat,18,2424,2425,2425
Punjab,Amritsar,Amritsar,Other,Wheat,457,2430,2430,2430
Punjab,Amritsar,Amritsar,Other,Wheat,18,2425,2430,2425
Punjab,Amritsar,Amritsar,Other,Wheat,18,2425,2430,2425
Punjab,Amritsar,Amritsar,Other,Wheat,18,2425,2430,2425
Punjab,Amritsar,Amritsar,Other,Wheat,700,2425,2430,2425
Punjab,Amritsar,Amritsar,Other,Wheat,18,2430,2430,2430
Punjab,Amritsar,Amritsar,Other,Wheat,18,2430,2430,2430
Haryana,Gurgaon,Farukh Nagar,Other,Wheat,17,2426,2426,2426
Haryana,Gurgaon,Farukh Nagar,Other,Wheat,30,2426,2426,2426
Haryana,Gurgaon,Farukh Nagar,Other,Wheat,40,2426,2426,2426
Haryana,Gurgaon,Farukh Nagar,Other,Wheat,47,2426,2426,2426
Haryana,Gurgaon,Farukh Nagar,Other,Wheat,58,2426,2426,2426
Haryana,Gurgaon,Farukh Nagar,Other,Wheat,74,2426,2426,2426
Haryana,Gurgaon,Farukh Nagar,Other,Wheat,230,2426,2426,2426
Haryana,Gurgaon,Farukh Nagar,Other,Wheat,234,2426,2450,2426
Haryana,Gurgaon,Farukh Nagar,Other,Wheat,687,2425,2430,2425
Haryana,Gurgaon,Farukh Nagar,Other,Wheat,766,2426,2450,2426
Haryana,Gurgaon,Farukh Nagar,Other,Wheat,943,2425,2450,2425
Haryana,Gurgaon,Farukh Nagar,Other,Wheat,980,2425,2450,2425
Haryana,Gurgaon,Farukh Nagar,Other,Wheat,1340,2425,2430,2425
Punjab,Amritsar,Mehta,Other,Wheat,212,2425,2425,2425
Punjab,Amritsar,Mehta,Other,Wheat,223,2425,2425,2425
Punjab,Amritsar,Mehta,Other,Wheat,368,2425,2425,2425
Punjab,Amritsar,Mehta,Other,Wheat,658,2425,2425,2425
Punjab,Amritsar,Mehta,Other,Wheat,1007,2425,2425,2425
Punjab,Amritsar,Mehta,Other,Wheat,1026,2425,2425,2425
Punjab,Amritsar,Mehta,Other,Wheat,2723,2425,2425,2425
Punjab,Amritsar,Mehta,Other,Wheat,3012,2425,2425,2425
Punjab,Amritsar,Mehta,Other,Wheat,3913,2425,2425,2425
Punjab,Amritsar,Mehta,Other,Wheat,4002,2425,2425,2425
Punjab,Amritsar,Mehta,Other,Wheat,4285,2425,2425,2425
Punjab,Amritsar,Mehta,Other,Wheat,4550,2425,2425,2425
Punjab,Amritsar,Mehta,Other,Wheat,5441,2425,2425,2425
Punjab,Ludhiana,Ludhiana,Other,Tomato,21,1800,3000,2200
Punjab,Ludhiana,Ludhiana,Other,Tomato,22,1200,2800,2100
Punjab,Ludhiana,Ludhiana,Other,Tomato,22,2500,4000,3500
Punjab,Ludhiana,Ludhiana,Other,Tomato,22,2500,4000,3500
Punjab,Ludhiana,Ludhiana,Other,Tomato,24,3500,4000,3800
Punjab,Ludhiana,Ludhiana,Other,Tomato,26,1800,5000,3500
Punjab,Ludhiana,Ludhiana,Other,Tomato,28,2200,3800,3000
Punjab,Ludhiana,Ludhiana,Other,Tomato,30,500,1200,900
Punjab,Ludhiana,Ludhiana,Other,Tomato,30,800,2100,1300
Punjab,Ludhiana,Ludhiana,Other,Tomato,31,1200,3300,2100
Punjab,Ludhiana,Ludhiana,Other,Tomato,31,1300,2800,2000
Punjab,Ludhiana,Ludhiana,Other,Tomato,31,1300,2800,2000
Punjab,Ludhiana,Ludhiana,Other,Tomato,31,1300,2800,2000
Punjab,Ludhiana,Ludhiana,Other,Tomato,31,1400,3500,2200
Punjab,Ludhiana,Ludhiana,Other,Tomato,31,2000,3000,2500
Punjab,Ludhiana,Ludhiana,Other,Tomato,31,2200,3800,3000
Punjab,Ludhiana,Ludhiana,Other,Tomato,32,1300,2800,2000
Punjab,Ludhiana,Ludhiana,Other,Tomato,32,1300,3500,2000
Punjab,Ludhiana,Ludhiana,Other,Tomato,32,2000,3000,2500
Punjab,Ludhiana,Ludhiana,Other,Tomato,32,2200,3800,3000
Punjab,Ludhiana,Ludhiana,Other,Tomato,32,2200,3800,3000
Punjab,Ludhiana,Ludhiana,Other,Tomato,32,2200,3800,3000
Punjab,Ludhiana,Ludhiana,Other,Tomato,32,2200,3800,3000
Punjab,Ludhiana,Ludhiana,Other,Tomato,33,500,800,600
Punjab,Ludhiana,Ludhiana,Other,Tomato,33,800,2100,1300
Punjab,Ludhiana,Ludhiana,Other,Tomato,33,1300,2800,2000
Punjab,Ludhiana,Ludhiana,Other,Tomato,33,1300,2800,2000
Punjab,Ludhiana,Ludhiana,Other,Tomato,33,1800,3000,2200
Punjab,Ludhiana,Ludhiana,Other,Tomato,33,1800,3000,2200
Punjab,Ludhiana,Ludhiana,Other,Tomato,33,2000,4400,3300
Punjab,Ludhiana,Ludhiana,Other,Tomato,33,2200,3800,3000
Punjab,Ludhiana,Ludhiana,Other,Tomato,33,2200,3800,3000
Punjab,Ludhiana,Ludhiana,Other,Tomato,33,2600,6500,3700
Punjab,Ludhiana,Ludhiana,Other,Tomato,34,1300,2800,2000
Punjab,Ludhiana,Ludhiana,Other,Tomato,34,1300,2800,2000
Punjab,Ludhiana,Ludhiana,Other,Tomato,35,800,2000,1200
Punjab,Ludhiana,Ludhiana,Other,Tomato,35,1100,2700,1900
Punjab,Ludhiana,Ludhiana,Other,Tomato,35,2000,4400,3300
Punjab,Ludhiana,Ludhiana,Other,Tomato,35,2000,4400,3300
Punjab,Ludhiana,Ludhiana,Other,Tomato,35,2200,3800,3000
Punjab,Ludhiana,Ludhiana,Other,Tomato,35,2200,3800,3000
Punjab,Ludhiana,Ludhiana,Other,Tomato,35,3500,6300,4800
Punjab,Ludhiana,Ludhiana,Other,Tomato,36,1200,3300,2100
Punjab,Ludhiana,Ludhiana,Other,Tomato,36,2000,3000,2500
Punjab,Ludhiana,Ludhiana,Other,Tomato,36,2200,3700,3000
Punjab,Ludhiana,Ludhiana,Other,Tomato,36,2500,4000,3000
Punjab,Ludhiana,Ludhiana,Other,Tomato,37,800,2100,1300
Punjab,Ludhiana,Ludhiana,Other,Tomato,37,1400,3500,2200
Punjab,Ludhiana,Ludhiana,Other,Tomato,37,2000,3000,2500
Punjab,Ludhiana,Ludhiana,Other,Tomato,37,2200,4800,3200
Punjab,Ludhiana,Ludhiana,Other,Tomato,38,200,800,500
Punjab,Ludhiana,Ludhiana,Other,Tomato,38,300,800,500
Punjab,Ludhiana,Ludhiana,Other,Tomato,38,1200,3300,2100
Punjab,Ludhiana,Ludhiana,Other,Tomato,38,1200,3300,2100
Punjab,Ludhiana,Ludhiana,Other,Tomato,38,2200,3800,3000
Punjab,Ludhiana,Ludhiana,Other,Tomato,38,2200,3800,3000
Punjab,Ludhiana,Ludhiana,Other,Tomato,38,2200,3800,3000
Punjab,Ludhiana,Ludhiana,Other,Tomato,38,2200,3800,3000
Punjab,Ludhiana,Ludhiana,Other,Tomato,39,500,1200,900
Punjab,Ludhiana,Ludhiana,Other,Tomato,39,1100,2700,1900
Punjab,Ludhiana,Ludhiana,Other,Tomato,39,1400,5000,3000
Punjab,Ludhiana,Ludhiana,Other,Tomato,39,2200,4800,3200
Punjab,Ludhiana,Ludhiana,Other,Tomato,40,300,800,500
Punjab,Ludhiana,Ludhiana,Other,Tomato,40,800,2200,1300
Punjab,Ludhiana,Ludhiana,Other,Tomato,40,800,2200,1300
Punjab,Ludhiana,Ludhiana,Other,Tomato,40,1200,2800,2100
Punjab,Ludhiana,Ludhiana,Other,Tomato,40,1400,3500,2200
Punjab,Ludhiana,Ludhiana,Other,Tomato,40,1400,3600,2300
Punjab,Ludhiana,Ludhiana,Other,Tomato,40,1400,5000,3500
Punjab,Ludhiana,Ludhiana,Other,Tomato,40,2200,3700,3000
Punjab,Ludhiana,Ludhiana,Other,Tomato,40,2200,4400,3000
Punjab,Ludhiana,Ludhiana,Other,Tomato,40,2200,4400,3000
Punjab,Ludhiana,Ludhiana,Other,Tomato,40,2200,4800,3200
Punjab,Ludhiana,Ludhiana,Other,Tomato,40,2600,4500,3700
Punjab,Ludhiana,Ludhiana,Other,Tomato,41,300,800,500
Punjab,Ludhiana,Ludhiana,Other,Tomato,41,1200,2800,2100
Punjab,Ludhiana,Ludhiana,Other,Tomato,41,1200,3300,2100
Punjab,Ludhiana,Ludhiana,Other,Tomato,41,2000,4500,3300
Punjab,Ludhiana,Ludhiana,Other,Tomato,41,2200,3800,3000
Punjab,Ludhiana,Ludhiana,Other,Tomato,41,2200,4800,3200
Punjab,Ludhiana,Ludhiana,Other,Tomato,41,2200,4800,3200
Punjab,Ludhiana,Ludhiana,Other,Tomato,41,2400,5000,3400
Punjab,Ludhiana,Ludhiana,Other,Tomato,42,1200,2800,2100
Punjab,Ludhiana,Ludhiana,Other,Tomato,43,300,800,500
Punjab,Ludhiana,Ludhiana,Other,Tomato,43,300,1200,800
Punjab,Ludhiana,Ludhiana,Other,Tomato,43,500,800,600
Punjab,Ludhiana,Ludhiana,Other,Tomato,43,700,1500,1100
Punjab,Ludhiana,Ludhiana,Other,Tomato,43,1100,2700,1900
Punjab,Ludhiana,Ludhiana,Other,Tomato,44,800,2000,1200
Punjab,Ludhiana,Ludhiana,Other,Tomato,45,300,1200,800
Punjab,Ludhiana,Ludhiana,Other,Tomato,45,400,1200,900
Punjab,Ludhiana,Ludhiana,Other,Tomato,45,800,2200,1300
Punjab,Ludhiana,Ludhiana,Other,Tomato,45,2200,3700,3000
Punjab,Ludhiana,Ludhiana,Other,Tomato,45,3500,8000,5600
Punjab,Ludhiana,Ludhiana,Other,Tomato,46,3500,8000,5600
Punjab,Ludhiana,Ludhiana,Other,Tomato,47,300,700,500
Punjab,Ludhiana,Ludhiana,Other,Tomato,47,800,2000,1200
Punjab,Ludhiana,Ludhiana,Other,Tomato,47,1100,3000,2300
Punjab,Ludhiana,Ludhiana,Other,Tomato,47,1200,2800,2100
Punjab,Ludhiana,Ludhiana,Other,Tomato,47,1500,3500,3000
Punjab,Ludhiana,Ludhiana,Other,Tomato,48,300,800,500
Punjab,Ludhiana,Ludhiana,Other,Tomato,48,1400,3500,2200
Punjab,Ludhiana,Ludhiana,Other,Tomato,48,1500,3500,2300
Punjab,Ludhiana,Ludhiana,Other,Tomato,49,200,700,400
Punjab,Ludhiana,Ludhiana,Other,Tomato,49,300,700,500
Punjab,Ludhiana,Ludhiana,Other,Tomato,49,300,700,500
Punjab,Ludhiana,Ludhiana,Other,Tomato,49,300,800,500
Punjab,Ludhiana,Ludhiana,Other,Tomato,49,500,1200,900
Punjab,Ludhiana,Ludhiana,Other,Tomato,49,800,2000,1200
Punjab,Ludhiana,Ludhiana,Other,Tomato,49,1200,2800,2100
Punjab,Ludhiana,Ludhiana,Other,Tomato,49,1400,3600,2300
Punjab,Ludhiana,Ludhiana,Other,Tomato,49,3500,5000,4000
Punjab,Ludhiana,Ludhiana,Other,Tomato,50,300,800,500
Punjab,Ludhiana,Ludhiana,Other,Tomato,50,700,1500,1100
Punjab,Ludhiana,Ludhiana,Other,Tomato,50,700,1500,1100
Punjab,Ludhiana,Ludhiana,Other,Tomato,50,800,2200,1300
Punjab,Ludhiana,Ludhiana,Other,Tomato,50,800,2200,1300
Punjab,Ludhiana,Ludhiana,Other,Tomato,50,1400,3500,2200
Punjab,Ludhiana,Ludhiana,Other,Tomato,50,2000,4000,3000
Punjab,Ludhiana,Ludhiana,Other,Tomato,51,300,800,500
Punjab,Ludhiana,Ludhiana,Other,Tomato,51,300,800,500
Punjab,Ludhiana,Ludhiana,Other,Tomato,51,300,800,500
Punjab,Ludhiana,Ludhiana,Other,Tomato,51,400,1000,700
Punjab,Ludhiana,Ludhiana,Other,Tomato,51,600,1400,1000
Punjab,Ludhiana,Ludhiana,Other,Tomato,51,800,2200,1300
Punjab,Ludhiana,Ludhiana,Other,Tomato,51,1600,3800,2500
Punjab,Ludhiana,Ludhiana,Other,Tomato,52,200,800,500
Punjab,Ludhiana,Ludhiana,Other,Tomato,52,300,800,500
Punjab,Ludhiana,Ludhiana,Other,Tomato,53,200,600,400
Punjab,Ludhiana,Ludhiana,Other,Tomato,53,200,600,400
Punjab,Ludhiana,Ludhiana,Other,Tomato,53,300,800,500
Punjab,Ludhiana,Ludhiana,Other,Tomato,53,300,800,500
Punjab,Ludhiana,Ludhiana,Other,Tomato,53,500,1200,900
Punjab,Ludhiana,Ludhiana,Other,Tomato,53,700,1500,1100
Punjab,Ludhiana,Ludhiana,Other,Tomato,53,800,2200,1300
Punjab,Ludhiana,Ludhiana,Other,Tomato,53,1400,3500,2200
Punjab,Ludhiana,Ludhiana,Other,Tomato,53,1400,3600,2300
Punjab,Ludhiana,Ludhiana,Other,Tomato,53,1500,3000,2300
Punjab,Ludhiana,Ludhiana,Other,Tomato,54,300,700,500
Punjab,Ludhiana,Ludhiana,Other,Tomato,54,300,800,500
Punjab,Ludhiana,Ludhiana,Other,Tomato,54,700,1500,1100
Punjab,Ludhiana,Ludhiana,Other,Tomato,55,400,1000,700
Punjab,Ludhiana,Ludhiana,Other,Tomato,55,800,2200,1300
Punjab,Ludhiana,Ludhiana,Other,Tomato,55,1500,3700,2600
Punjab,Ludhiana,Ludhiana,Other,Tomato,56,100,600,400
Punjab,Ludhiana,Ludhiana,Other,Tomato,56,200,700,400
Punjab,Ludhiana,Ludhiana,Other,Tomato,56,300,800,500
Punjab,Ludhiana,Ludhiana,Other,Tomato,56,300,800,500
Punjab,Ludhiana,Ludhiana,Other,Tomato,56,300,800,500
Punjab,Ludhiana,Ludhiana,Other,Tomato,56,2000,4000,3000
Punjab,Ludhiana,Ludhiana,Other,Tomato,57,100,600,400
Punjab,Ludhiana,Ludhiana,Other,Tomato,57,300,800,500
Punjab,Ludhiana,Ludhiana,Other,Tomato,57,300,800,500
Punjab,Ludhiana,Ludhiana,Other,Tomato,57,300,800,500
Punjab,Ludhiana,Ludhiana,Other,Tomato,57,700,1500,1100
Punjab,Ludhiana,Ludhiana,Other,Tomato,58,200,600,400
Punjab,Ludhiana,Ludhiana,Other,Tomato,58,200,800,500
Punjab,Ludhiana,Ludhiana,Other,Tomato,58,300,800,500
Punjab,Ludhiana,Ludhiana,Other,Tomato,58,300,800,500
Punjab,Ludhiana,Ludhiana,Other,Tomato,58,300,800,500
Punjab,Ludhiana,Ludhiana,Other,Tomato,58,400,800,600
Punjab,Ludhiana,Ludhiana,Other,Tomato,58,1400,3600,2300
Punjab,Ludhiana,Ludhiana,Other,Tomato,59,300,800,500
Punjab,Ludhiana,Ludhiana,Other,Tomato,59,300,800,500
Punjab,Ludhiana,Ludhiana,Other,Tomato,59,300,800,500
Punjab,Ludhiana,Ludhiana,Other,Tomato,59,500,800,600
Punjab,Ludhiana,Ludhiana,Other,Tomato,59,700,1500,1200
Punjab,Ludhiana,Ludhiana,Other,Tomato,59,1100,2800,2000
Punjab,Ludhiana,Ludhiana,Other,Tomato,59,1400,3600,2300
Punjab,Ludhiana,Ludhiana,Other,Tomato,60,300,800,500
Punjab,Ludhiana,Ludhiana,Other,Tomato,60,300,800,500
Punjab,Ludhiana,Ludhiana,Other,Tomato,60,300,800,500
Punjab,Ludhiana,Ludhiana,Other,Tomato,60,700,1500,1100
Punjab,Ludhiana,Ludhiana,Other,Tomato,60,1500,3600,2600
Punjab,Ludhiana,Ludhiana,Other,Tomato,60,1500,3800,2600
Punjab,Ludhiana,Ludhiana,Other,Tomato,60,2000,4000,3000
Punjab,Ludhiana,Ludhiana,Other,Tomato,61,200,500,300
Punjab,Ludhiana,Ludhiana,Other,Tomato,61,200,500,300
Punjab,Ludhiana,Ludhiana,Other,Tomato,61,200,600,400
Punjab,Ludhiana,Ludhiana,Other,Tomato,61,200,800,500
Punjab,Ludhiana,Ludhiana,Other,Tomato,61,300,800,500
Punjab,Ludhiana,Ludhiana,Other,Tomato,61,300,800,500
Punjab,Ludhiana,Ludhiana,Other,Tomato,61,300,800,500
Punjab,Ludhiana,Ludhiana,Other,Tomato,61,1400,3600,2300
Punjab,Ludhiana,Ludhiana,Other,Tomato,61,1400,3600,2300
Punjab,Ludhiana,Ludhiana,Other,Tomato,62,300,800,500
Punjab,Ludhiana,Ludhiana,Other,Tomato,62,300,800,500
Punjab,Ludhiana,Ludhiana,Other,Tomato,62,300,800,500
Punjab,Ludhiana,Ludhiana,Other,Tomato,62,1600,3800,2500
Punjab,Ludhiana,Ludhiana,Other,Tomato,63,100,600,400
Punjab,Ludhiana,Ludhiana,Other,Tomato,63,200,800,500
Punjab,Ludhiana,Ludhiana,Other,Tomato,63,1100,2700,1900
Punjab,Ludhiana,Ludhiana,Other,Tomato,63,1300,3300,2300
Punjab,Ludhiana,Ludhiana,Other,Tomato,64,200,500,300
Punjab,Ludhiana,Ludhiana,Other,Tomato,64,200,800,500
Punjab,Ludhiana,Ludhiana,Other,Tomato,64,1500,3600,2600
Punjab,Ludhiana,Ludhiana,Other,Tomato,65,200,800,500
Punjab,Ludhiana,Ludhiana,Other,Tomato,65,200,800,500
Punjab,Ludhiana,Ludhiana,Other,Tomato,65,300,800,500
Punjab,Ludhiana,Ludhiana,Other,Tomato,65,300,800,500
Punjab,Ludhiana,Ludhiana,Other,Tomato,65,1600,3800,2500
Punjab,Ludhiana,Ludhiana,Other,Tomato,66,400,1000,700
Punjab,Ludhiana,Ludhiana,Other,Tomato,66,1300,3300,2300
Punjab,Ludhiana,Ludhiana,Other,Tomato,66,1300,3300,2300
Punjab,Ludhiana,Ludhiana,Other,Tomato,66,1500,3600,2600
Punjab,Ludhiana,Ludhiana,Other,Tomato,67,100,600,400
Punjab,Ludhiana,Ludhiana,Other,Tomato,67,200,800,500
Punjab,Ludhiana,Ludhiana,Other,Tomato,67,300,800,500
Punjab,Ludhiana,Ludhiana,Other,Tomato,67,500,1200,800
Punjab,Ludhiana,Ludhiana,Other,Tomato,67,1100,2700,1900
Punjab,Ludhiana,Ludhiana,Other,Tomato,67,1100,2700,1900
Punjab,Ludhiana,Ludhiana,Other,Tomato,67,1500,3600,2600
Punjab,Ludhiana,Ludhiana,Other,Tomato,67,1500,4000,2500
Punjab,Ludhiana,Ludhiana,Other,Tomato,68,200,500,300
Punjab,Ludhiana,Ludhiana,Other,Tomato,69,300,800,500
Punjab,Ludhiana,Ludhiana,Other,Tomato,69,1500,3800,2600
Punjab,Ludhiana,Ludhiana,Other,Tomato,70,200,700,400
Punjab,Ludhiana,Ludhiana,Other,Tomato,71,200,800,500
Punjab,Ludhiana,Ludhiana,Other,Tomato,72,200,800,500
Punjab,Ludhiana,Ludhiana,Other,Tomato,72,500,1200,800
Punjab,Ludhiana,Ludhiana,Other,Tomato,74,200,800,500
Punjab,Ludhiana,Ludhiana,Other,Tomato,74,500,1100,800
Punjab,Ludhiana,Ludhiana,Other,Tomato,74,500,1500,1000
Punjab,Ludhiana,Ludhiana,Other,Tomato,74,1300,3300,2300
Punjab,Ludhiana,Ludhiana,Other,Tomato,75,200,800,500
Punjab,Ludhiana,Ludhiana,Other,Tomato,75,200,800,500
Punjab,Ludhiana,Ludhiana,Other,Tomato,75,200,800,500
Punjab,Ludhiana,Ludhiana,Other,Tomato,75,200,800,500
Punjab,Ludhiana,Ludhiana,Other,Tomato,75,200,800,500
Punjab,Ludhiana,Ludhiana,Other,Tomato,76,200,800,500
Punjab,Ludhiana,Ludhiana,Other,Tomato,76,500,1200,800
Punjab,Ludhiana,Ludhiana,Other,Tomato,78,200,800,500
Punjab,Ludhiana,Ludhiana,Other,Tomato,79,500,1100,800
Punjab,Ludhiana,Ludhiana,Other,Tomato,79,500,1200,800
Punjab,Ludhiana,Ludhiana,Other,Tomato,80,1600,3000,2600
Punjab,Ludhiana,Ludhiana,Other,Tomato,81,200,800,500
Punjab,Ludhiana,Ludhiana,Other,Tomato,81,500,1100,800
Punjab,Ludhiana,Ludhiana,Other,Tomato,81,1600,3000,2600
Punjab,Ludhiana,Ludhiana,Other,Tomato,82,500,1200,800
Punjab,Ludhiana,Ludhiana,Other,Tomato,83,200,800,500
Punjab,Ludhiana,Ludhiana,Other,Tomato,83,500,1500,1000
Punjab,Ludhiana,Ludhiana,Other,Tomato,84,200,800,500
Punjab,Ludhiana,Ludhiana,Other,Tomato,86,500,1200,800
Punjab,Ludhiana,Ludhiana,Other,Tomato,89,200,800,500
Punjab,Ludhiana,Ludhiana,Other,Tomato,89,200,800,500
Punjab,Ludhiana,Ludhiana,Other,Tomato,89,500,1200,800
Punjab,Ludhiana,Ludhiana,Other,Tomato,91,200,800,500
Punjab,Ludhiana,Ludhiana,Other,Tomato,97,400,800,600
Punjab,Ludhiana,Ludhiana,Other,Tomato,108,400,800,600
Haryana,Gurgaon,Gurgaon,Other,Potato,163,1000,2000,1500
Haryana,Gurgaon,Gurgaon,Other,Potato,167,1000,2000,1500
Haryana,Gurgaon,Gurgaon,Other,Potato,175,1000,2000,1500
Haryana,Gurgaon,Gurgaon,Other,Potato,178,1000,2000,1500
Haryana,Gurgaon,Gurgaon,Other,Potato,178,1000,3000,1500
Haryana,Gurgaon,Gurgaon,Other,Potato,185,700,900,800
Haryana,Gurgaon,Gurgaon,Other,Potato,185,800,1000,900
Haryana,Gurgaon,Gurgaon,Other,Potato,185,800,1000,900
Haryana,Gurgaon,Gurgaon,Other,Potato,185,800,1200,1000
Haryana,Gurgaon,Gurgaon,Other,Potato,185,1000,1200,1100
Haryana,Gurgaon,Gurgaon,Other,Potato,185,1000,1200,1100
Haryana,Gurgaon,Gurgaon,Other,Potato,185,1000,2000,1500
Haryana,Gurgaon,Gurgaon,Other,Potato,185,800,1000,900
Haryana,Gurgaon,Gurgaon,Other,Potato,185,1000,1400,1200
Haryana,Gurgaon,Gurgaon,Other,Potato,186,800,1000,900
Haryana,Gurgaon,Gurgaon,Other,Potato,187,800,1000,900
Haryana,Gurgaon,Gurgaon,Other,Potato,190,800,1200,1000
Haryana,Gurgaon,Gurgaon,Other,Potato,191,1000,2000,1500
Haryana,Gurgaon,Gurgaon,Other,Potato,195,1000,2000,1500
Haryana,Gurgaon,Gurgaon,Other,Potato,198,1000,1200,1100
Haryana,Gurgaon,Gurgaon,Other,Potato,198,700,900,800
Haryana,Gurgaon,Gurgaon,Other,Potato,209,1000,2000,1500
Haryana,Gurgaon,Gurgaon,Other,Potato,210,1000,2000,1500
Haryana,Gurgaon,Gurgaon,Other,Potato,212,800,1000,900
Haryana,Gurgaon,Gurgaon,Other,Potato,212,800,1000,900
Haryana,Gurgaon,Gurgaon,Other,Potato,212,1000,2000,1500
Haryana,Gurgaon,Gurgaon,Other,Potato,215,800,1000,900
Haryana,Gurgaon,Gurgaon,Other,Potato,232,800,1000,900
Haryana,Gurgaon,Gurgaon,Other,Potato,174,800,1000,900
Haryana,Gurgaon,Gurgaon,Other,Potato,185,1000,1200,1100
Haryana,Gurgaon,Gurgaon,Other,Potato,186,1000,1400,1200
Haryana,Gurgaon,Gurgaon,Other,Potato,186,1000,2000,1500
Haryana,Gurgaon,Gurgaon,Other,Potato,186,1000,2000,1500
Haryana,Gurgaon,Gurgaon,Other,Potato,187,1000,1500,1250
Haryana,Gurgaon,Gurgaon,Other,Potato,198,1000,1200,1100
Haryana,Gurgaon,Gurgaon,Other,Potato,212,1000,1200,1100
Haryana,Gurgaon,Gurgaon,Other,Potato,214,1000,2000,1500
Haryana,Gurgaon,Gurgaon,Other,Potato,216,1000,1200,1100
Haryana,Gurgaon,Gurgaon,Other,Potato,174,1000,1400,1200
Haryana,Gurgaon,Gurgaon,Other,Potato,174,1000,2000,1500
Haryana,Gurgaon,Gurgaon,Other,Potato,179,1000,2000,1500
Haryana,Gurgaon,Gurgaon,Other,Potato,185,1000,1400,1200
Haryana,Gurgaon,Gurgaon,Other,Potato,187,800,1000,900
Haryana,Gurgaon,Gurgaon,Other,Potato,189,800,1000,900
Haryana,Gurgaon,Gurgaon,Other,Potato,18,1000,1400,1200
Haryana,Gurgaon,Gurgaon,Other,Potato,190,1000,1400,1200
Haryana,Gurgaon,Gurgaon,Other,Potato,190,1000,2000,1500
Haryana,Gurgaon,Gurgaon,Other,Potato,193,800,1000,900
Haryana,Gurgaon,Gurgaon,Other,Potato,196,800,1200,1000
Haryana,Gurgaon,Gurgaon,Other,Potato,197,1000,2000,1500
Haryana,Gurgaon,Gurgaon,Other,Potato,198,1000,2000,1500
Haryana,Gurgaon,Gurgaon,Other,Potato,202,800,1000,900
Haryana,Gurgaon,Gurgaon,Other,Potato,202,1000,2000,1500
Haryana,Gurgaon,Gurgaon,Other,Potato,202,1000,2000,1500
Haryana,Gurgaon,Gurgaon,Other,Potato,212,1000,2500,1750
Haryana,Gurgaon,Gurgaon,Other,Potato,213,800,1000,900
Haryana,Gurgaon,Gurgaon,Other,Potato,215,1200,1800,1400
Haryana,Gurgaon,Gurgaon,Other,Potato,221,700,900,800
Haryana,Gurgaon,Gurgaon,Other,Potato,156,1000,2000,1500
Haryana,Gurgaon,Gurgaon,Other,Potato,174,1000,2000,1500
Haryana,Gurgaon,Gurgaon,Other,Potato,175,700,900,800
Haryana,Gurgaon,Gurgaon,Other,Potato,177,1000,2000,1500
Haryana,Gurgaon,Gurgaon,Other,Potato,184,1000,1200,1100
Haryana,Gurgaon,Gurgaon,Other,Potato,185,1000,1200,1100
Haryana,Gurgaon,Gurgaon,Other,Potato,186,600,800,700
Haryana,Gurgaon,Gurgaon,Other,Potato,189,855,950,900
Haryana,Gurgaon,Gurgaon,Other,Potato,189,1000,1200,1100
Haryana,Gurgaon,Gurgaon,Other,Potato,189,1000,2000,1500
Haryana,Gurgaon,Gurgaon,Other,Potato,189,1000,2000,1500
Haryana,Gurgaon,Gurgaon,Other,Potato,190,1000,2000,1500
Haryana,Gurgaon,Gurgaon,Other,Potato,195,1000,1100,1050
Haryana,Gurgaon,Gurgaon,Other,Potato,196,800,1000,900
Haryana,Gurgaon,Gurgaon,Other,Potato,196,1000,1500,1250
Haryana,Gurgaon,Gurgaon,Other,Potato,197,1000,2000,1500
Haryana,Gurgaon,Gurgaon,Other,Potato,198,1000,1400,1200
Haryana,Gurgaon,Gurgaon,Other,Potato,198,800,1200,1000
Haryana,Gurgaon,Gurgaon,Other,Potato,200,1000,2000,1500
Haryana,Gurgaon,Gurgaon,Other,Potato,212,1000,1200,1100
Haryana,Gurgaon,Gurgaon,Other,Potato,213,1000,2000,1500
Haryana,Gurgaon,Gurgaon,Other,Potato,215,800,1200,1000
Haryana,Gurgaon,Gurgaon,Other,Potato,252,800,1200,1000
Haryana,Gurgaon,Gurgaon,Other,Potato,178,1000,1200,1100
Haryana,Gurgaon,Gurgaon,Other,Potato,179,1000,2000,1500
Haryana,Gurgaon,Gurgaon,Other,Potato,183,1000,1200,1100
Haryana,Gurgaon,Gurgaon,Other,Potato,184,800,1000,900
Haryana,Gurgaon,Gurgaon,Other,Potato,185,700,900,800
Haryana,Gurgaon,Gurgaon,Other,Potato,185,800,1000,900
Haryana,Gurgaon,Gurgaon,Other,Potato,185,1000,1200,1100
Haryana,Gurgaon,Gurgaon,Other,Potato,189,1000,2000,1500
Haryana,Gurgaon,Gurgaon,Other,Potato,198,1000,2000,1500
Haryana,Gurgaon,Gurgaon,Other,Potato,212,700,900,800
Haryana,Gurgaon,Gurgaon,Other,Potato,216,1000,1200,1100
Haryana,Gurgaon,Gurgaon,Other,Potato,223,800,1000,900
Haryana,Gurgaon,Gurgaon,Other,Potato,227,1000,2000,1500
Haryana,Gurgaon,Gurgaon,Other,Potato,52,1000,1200,1100
Haryana,Gurgaon,Gurgaon,Other,Potato,108,1000,2000,1500
Haryana,Gurgaon,Gurgaon,Other,Potato,168,1000,2000,1500
Haryana,Gurgaon,Gurgaon,Other,Potato,175,1000,2000,1500
Haryana,Gurgaon,Gurgaon,Other,Potato,176,1000,2000,1500
Haryana,Gurgaon,Gurgaon,Other,Potato,178,800,1000,900
Haryana,Gurgaon,Gurgaon,Other,Potato,178,1000,1400,1200
Haryana,Gurgaon,Gurgaon,Other,Potato,178,1000,2000,1500
Haryana,Gurgaon,Gurgaon,Other,Potato,179,1000,2000,1500
Haryana,Gurgaon,Gurgaon,Other,Potato,185,800,1200,1000
Haryana,Gurgaon,Gurgaon,Other,Potato,185,1000,2000,1500
Haryana,Gurgaon,Gurgaon,Other,Potato,187,1000,1200,1100
Haryana,Gurgaon,Gurgaon,Other,Potato,187,1000,1200,1100
Haryana,Gurgaon,Gurgaon,Other,Potato,189,1000,2000,1500
Haryana,Gurgaon,Gurgaon,Other,Potato,189,800,1000,900
Haryana,Gurgaon,Gurgaon,Other,Potato,190,1000,2000,1500
Haryana,Gurgaon,Gurgaon,Other,Potato,196,800,1000,900
Haryana,Gurgaon,Gurgaon,Other,Potato,196,1000,1400,1200
Haryana,Gurgaon,Gurgaon,Other,Potato,197,800,1000,900
Haryana,Gurgaon,Gurgaon,Other,Potato,198,800,1200,1000
Haryana,Gurgaon,Gurgaon,Other,Potato,232,800,1200,1000
Haryana,Gurgaon,Gurgaon,Other,Potato,167,1000,2000,1500
Haryana,Gurgaon,Gurgaon,Other,Potato,168,1000,2000,1500
Haryana,Gurgaon,Gurgaon,Other,Potato,168,1000,2000,1500
Haryana,Gurgaon,Gurgaon,Other,Potato,168,1000,2000,1500
Haryana,Gurgaon,Gurgaon,Other,Potato,172,1000,2000,1500
Haryana,Gurgaon,Gurgaon,Other,Potato,175,800,1200,1000
Haryana,Gurgaon,Gurgaon,Other,Potato,178,800,1000,900
Haryana,Gurgaon,Gurgaon,Other,Potato,185,700,900,800
Haryana,Gurgaon,Gurgaon,Other,Potato,186,800,1000,900
Haryana,Gurgaon,Gurgaon,Other,Potato,186,1000,2000,1500
Haryana,Gurgaon,Gurgaon,Other,Potato,186,1000,2000,1500
Haryana,Gurgaon,Gurgaon,Other,Potato,186,1500,2000,1750
Haryana,Gurgaon,Gurgaon,Other,Potato,187,1500,2000,1750
Haryana,Gurgaon,Gurgaon,Other,Potato,189,1000,2000,1500
Haryana,Gurgaon,Gurgaon,Other,Potato,190,1000,2000,1500
Haryana,Gurgaon,Gurgaon,Other,Potato,190,2000,2800,2400
Haryana,Gurgaon,Gurgaon,Other,Potato,196,800,1200,1000
Haryana,Gurgaon,Gurgaon,Other,Potato,196,1000,1200,1100
Haryana,Gurgaon,Gurgaon,Other,Potato,196,1000,1400,1200
Haryana,Gurgaon,Gurgaon,Other,Potato,197,1000,2000,1500
Haryana,Gurgaon,Gurgaon,Other,Potato,197,800,1000,900
Haryana,Gurgaon,Gurgaon,Other,Potato,225,1000,1200,1100
Haryana,Gurgaon,Gurgaon,Other,Potato,167,1000,2000,1500
Haryana,Gurgaon,Gurgaon,Other,Potato,168,1000,2000,1500
Haryana,Gurgaon,Gurgaon,Other,Potato,185,800,1000,900
Haryana,Gurgaon,Gurgaon,Other,Potato,18,1000,1400,1200
Haryana,Gurgaon,Gurgaon,Other,Potato,185,800,1000,900
Haryana,Gurgaon,Gurgaon,Other,Potato,186,1000,2000,1500
Haryana,Gurgaon,Gurgaon,Other,Potato,189,1000,2000,1500
Haryana,Gurgaon,Gurgaon,Other,Potato,192,1000,1100,1050
Haryana,Gurgaon,Gurgaon,Other,Potato,192,800,1000,900
Haryana,Gurgaon,Gurgaon,Other,Potato,195,800,1000,900
Haryana,Gurgaon,Gurgaon,Other,Potato,18,1000,1200,1100
Haryana,Gurgaon,Gurgaon,Other,Potato,195,700,900,800
Haryana,Gurgaon,Gurgaon,Other,Potato,196,700,900,800
Haryana,Gurgaon,Gurgaon,Other,Potato,210,1000,2000,1500
Haryana,Gurgaon,Gurgaon,Other,Potato,215,800,1000,900
Haryana,Gurgaon,Gurgaon,Other,Potato,221,1000,2000,1500
Haryana,Gurgaon,Gurgaon,Other,Potato,221,1000,1200,1100
Haryana,Gurgaon,Gurgaon,Other,Potato,124,1000,1400,1200
Haryana,Gurgaon,Gurgaon,Other,Potato,157,1000,2000,1500
Haryana,Gurgaon,Gurgaon,Other,Potato,167,800,1200,1000
Haryana,Gurgaon,Gurgaon,Other,Potato,174,1000,1200,1100
Haryana,Gurgaon,Gurgaon,Other,Potato,178,800,1000,900
Haryana,Gurgaon,Gurgaon,Other,Potato,185,1000,1200,1100
Haryana,Gurgaon,Gurgaon,Other,Potato,185,800,1000,900
Haryana,Gurgaon,Gurgaon,Other,Potato,185,800,1000,900
Haryana,Gurgaon,Gurgaon,Other,Potato,186,1000,2000,1500
Haryana,Gurgaon,Gurgaon,Other,Potato,187,1500,2500,2000
Haryana,Gurgaon,Gurgaon,Other,Potato,187,1000,2000,1500
Haryana,Gurgaon,Gurgaon,Other,Potato,188,1000,2000,1500
Haryana,Gurgaon,Gurgaon,Other,Potato,189,800,1000,900
Haryana,Gurgaon,Gurgaon,Other,Potato,190,1000,2000,1500
Haryana,Gurgaon,Gurgaon,Other,Potato,190,1000,2000,1500
Haryana,Gurgaon,Gurgaon,Other,Potato,195,1000,1500,1250
Haryana,Gurgaon,Gurgaon,Other,Potato,197,1000,2000,1500
Haryana,Gurgaon,Gurgaon,Other,Potato,198,800,1000,900
Haryana,Gurgaon,Gurgaon,Other,Potato,232,800,1200,1000
Haryana,Gurgaon,Gurgaon,Other,Potato,259,1000,2000,1500
Haryana,Gurgaon,Gurgaon,Other,Potato,174,1000,1200,1100
Haryana,Gurgaon,Gurgaon,Other,Potato,178,1000,2000,1500
Haryana,Gurgaon,Gurgaon,Other,Potato,181,1000,2000,1500
Haryana,Gurgaon,Gurgaon,Other,Potato,185,1000,2000,1500
Haryana,Gurgaon,Gurgaon,Other,Potato,185,700,900,800
Haryana,Gurgaon,Gurgaon,Other,Potato,185,800,1000,900
Haryana,Gurgaon,Gurgaon,Other,Potato,185,1000,1400,1200
Haryana,Gurgaon,Gurgaon,Other,Potato,185,1000,1400,1200
Haryana,Gurgaon,Gurgaon,Other,Potato,185,1000,2000,1500
Haryana,Gurgaon,Gurgaon,Other,Potato,185,1000,1200,1100
Haryana,Gurgaon,Gurgaon,Other,Potato,190,1000,2000,1500
Haryana,Gurgaon,Gurgaon,Other,Potato,192,1000,2000,1500
Haryana,Gurgaon,Gurgaon,Other,Potato,192,700,900,800
Haryana,Gurgaon,Gurgaon,Other,Potato,193,700,900,800
Haryana,Gurgaon,Gurgaon,Other,Potato,195,1000,2000,1500
Haryana,Gurgaon,Gurgaon,Other,Potato,196,1000,1200,1100
Haryana,Gurgaon,Gurgaon,Other,Potato,198,1000,1400,1200
Haryana,Gurgaon,Gurgaon,Other,Potato,200,1000,2000,1500
Haryana,Gurgaon,Gurgaon,Other,Potato,202,700,900,800
Haryana,Gurgaon,Gurgaon,Other,Potato,218,1000,2000,1500
Haryana,Gurgaon,Gurgaon,Other,Potato,225,800,1200,1000
Haryana,Gurgaon,Gurgaon,Other,Potato,132,700,900,800
Haryana,Gurgaon,Gurgaon,Other,Potato,156,1000,2000,1500
Haryana,Gurgaon,Gurgaon,Other,Potato,166,1200,1600,1400
Haryana,Gurgaon,Gurgaon,Other,Potato,167,1000,2000,1500
Haryana,Gurgaon,Gurgaon,Other,Potato,167,1000,2000,1500
Haryana,Gurgaon,Gurgaon,Other,Potato,167,1000,2000,1500
Haryana,Gurgaon,Gurgaon,Other,Potato,175,800,1000,900
Haryana,Gurgaon,Gurgaon,Other,Potato,178,1000,2000,1500
Haryana,Gurgaon,Gurgaon,Other,Potato,185,800,1000,900
Haryana,Gurgaon,Gurgaon,Other,Potato,185,1000,1200,1100
Haryana,Gurgaon,Gurgaon,Other,Potato,185,1000,1200,1100
Haryana,Gurgaon,Gurgaon,Other,Potato,185,1000,1200,1100
Haryana,Gurgaon,Gurgaon,Other,Potato,186,1000,2000,1500
Haryana,Gurgaon,Gurgaon,Other,Potato,189,800,1000,900
Haryana,Gurgaon,Gurgaon,Other,Potato,190,1000,2000,1500
Haryana,Gurgaon,Gurgaon,Other,Potato,192,1000,1200,1100
Haryana,Gurgaon,Gurgaon,Other,Potato,195,800,1000,900
Haryana,Gurgaon,Gurgaon,Other,Potato,196,700,900,800
Haryana,Gurgaon,Gurgaon,Other,Potato,196,800,1000,900
Haryana,Gurgaon,Gurgaon,Other,Potato,198,700,900,800
Haryana,Gurgaon,Gurgaon,Other,Potato,198,1000,2000,1500
Haryana,Gurgaon,Gurgaon,Other,Potato,210,800,1000,900
Haryana,Gurgaon,Gurgaon,Other,Potato,225,800,1200,1000
Haryana,Gurgaon,Gurgaon,Other,Potato,157,1000,2000,1500
Haryana,Gurgaon,Gurgaon,Other,Potato,157,1000,2000,1500
Haryana,Gurgaon,Gurgaon,Other,Potato,167,1000,2000,1500
Haryana,Gurgaon,Gurgaon,Other,Potato,175,1000,2000,1500
Haryana,Gurgaon,Gurgaon,Other,Potato,175,800,1000,900
Haryana,Gurgaon,Gurgaon,Other,Potato,176,1000,1400,1200
Haryana,Gurgaon,Gurgaon,Other,Potato,178,1000,2000,1500
Haryana,Gurgaon,Gurgaon,Other,Potato,185,1000,1200,1100
Haryana,Gurgaon,Gurgaon,Other,Potato,185,1000,1200,1100
Haryana,Gurgaon,Gurgaon,Other,Potato,186,800,1200,1000
Haryana,Gurgaon,Gurgaon,Other,Potato,186,800,1000,900
Haryana,Gurgaon,Gurgaon,Other,Potato,186,1000,1200,1100
Haryana,Gurgaon,Gurgaon,Other,Potato,189,1000,1200,1100
Haryana,Gurgaon,Gurgaon,Other,Potato,189,1000,2000,1500
Haryana,Gurgaon,Gurgaon,Other,Potato,190,1000,2000,1500
Haryana,Gurgaon,Gurgaon,Other,Potato,196,700,900,800
Haryana,Gurgaon,Gurgaon,Other,Potato,197,1000,2000,1500
Haryana,Gurgaon,Gurgaon,Other,Potato,198,800,1000,900
Haryana,Gurgaon,Gurgaon,Other,Potato,198,1000,1500,1250
Haryana,Gurgaon,Gurgaon,Other,Potato,198,1000,2000,1500
Haryana,Gurgaon,Gurgaon,Other,Potato,212,1000,2000,1500
Haryana,Gurgaon,Gurgaon,Other,Potato,216,1000,2000,1500
Haryana,Gurgaon,Gurgaon,Other,Potato,167,800,1000,900
Haryana,Gurgaon,Gurgaon,Other,Potato,172,1000,2000,1500
Haryana,Gurgaon,Gurgaon,Other,Potato,175,1000,2000,1500
Haryana,Gurgaon,Gurgaon,Other,Potato,178,1000,2000,1500
Haryana,Gurgaon,Gurgaon,Other,Potato,179,1000,2000,1500
Haryana,Gurgaon,Gurgaon,Other,Potato,184,1000,1200,1100
Haryana,Gurgaon,Gurgaon,Other,Potato,186,1000,2000,1500
Haryana,Gurgaon,Gurgaon,Other,Potato,188,1000,2000,1500
Haryana,Gurgaon,Gurgaon,Other,Potato,192,1000,1400,1200
Haryana,Gurgaon,Gurgaon,Other,Potato,192,1000,2000,1500
Haryana,Gurgaon,Gurgaon,Other,Potato,195,1000,1400,1200
Haryana,Gurgaon,Gurgaon,Other,Potato,195,1000,1200,1100
Haryana,Gurgaon,Gurgaon,Other,Potato,195,1000,2000,1500
Haryana,Gurgaon,Gurgaon,Other,Potato,196,800,1000,900
Haryana,Gurgaon,Gurgaon,Other,Potato,196,1000,1200,1100
Haryana,Gurgaon,Gurgaon,Other,Potato,198,1000,1200,1100
Haryana,Gurgaon,Gurgaon,Other,Potato,212,1000,2000,1500
Haryana,Gurgaon,Gurgaon,Other,Potato,213,800,1000,900
Haryana,Gurgaon,Gurgaon,Other,Potato,215,1000,1200,1100
Haryana,Gurgaon,Gurgaon,Other,Potato,216,1000,2000,1500
Haryana,Gurgaon,Gurgaon,Other,Potato,176,1000,2000,1500
Haryana,Gurgaon,Gurgaon,Other,Potato,176,1000,2000,1500
Haryana,Gurgaon,Gurgaon,Other,Potato,176,1000,2000,1500
Haryana,Gurgaon,Gurgaon,Other,Potato,178,1000,2000,1500
Haryana,Gurgaon,Gurgaon,Other,Potato,178,1000,1200,1100
Haryana,Gurgaon,Gurgaon,Other,Potato,178,1000,2000,1500
Haryana,Gurgaon,Gurgaon,Other,Potato,178,1000,2000,1500
Haryana,Gurgaon,Gurgaon,Other,Potato,185,800,1000,900
Haryana,Gurgaon,Gurgaon,Other,Potato,185,1000,1200,1100
Haryana,Gurgaon,Gurgaon,Other,Potato,185,1000,1200,1100
Haryana,Gurgaon,Gurgaon,Other,Potato,185,1000,1200,1100
Haryana,Gurgaon,Gurgaon,Other,Potato,185,1000,1200,1100
Haryana,Gurgaon,Gurgaon,Other,Potato,185,1000,1200,1100
Haryana,Gurgaon,Gurgaon,Other,Potato,186,800,1000,900
Haryana,Gurgaon,Gurgaon,Other,Potato,186,1000,2000,1500
Haryana,Gurgaon,Gurgaon,Other,Potato,186,1000,2000,1500
Haryana,Gurgaon,Gurgaon,Other,Potato,190,800,1000,900
Haryana,Gurgaon,Gurgaon,Other,Potato,195,800,1000,900
Haryana,Gurgaon,Gurgaon,Other,Potato,18,1000,1200,1100
Haryana,Gurgaon,Gurgaon,Other,Potato,196,1000,1200,1100
Haryana,Gurgaon,Gurgaon,Other,Potato,196,800,1000,900
Haryana,Gurgaon,Gurgaon,Other,Potato,197,1000,2000,1500
Haryana,Gurgaon,Gurgaon,Other,Potato,198,1000,2000,1500
Haryana,Gurgaon,Gurgaon,Other,Potato,198,1000,2000,1500
Haryana,Gurgaon,Gurgaon,Other,Potato,210,800,1000,900
Haryana,Gurgaon,Gurgaon,Other,Potato,214,800,1000,900
Haryana,Gurgaon,Gurgaon,Other,Potato,215,800,1000,900
Haryana,Gurgaon,Gurgaon,Other,Potato,225,1000,1200,1100
Haryana,Gurgaon,Gurgaon,Other,Potato,178,1000,2000,1500
Haryana,Gurgaon,Gurgaon,Other,Potato,185,1000,2000,1500
Haryana,Gurgaon,Gurgaon,Other,Potato,185,800,1000,900
Haryana,Gurgaon,Gurgaon,Other,Potato,186,1000,1200,1100
Haryana,Gurgaon,Gurgaon,Other,Potato,190,1000,2000,1500
Haryana,Gurgaon,Gurgaon,Other,Potato,195,1000,1200,1100
Haryana,Gurgaon,Gurgaon,Other,Potato,196,1000,2000,1500
Haryana,Gurgaon,Gurgaon,Other,Potato,202,1000,2000,1500
Haryana,Gurgaon,Gurgaon,Other,Potato,209,1000,2000,1500
Haryana,Gurgaon,Gurgaon,Other,Potato,212,1000,2000,1500
Haryana,Gurgaon,Gurgaon,Other,Potato,215,1000,1400,1200
Haryana,Gurgaon,Gurgaon,Other,Potato,252,1000,2000,1500
Haryana,Gurgaon,Gurgaon,Other,Potato,162,1000,2000,1500
Haryana,Gurgaon,Gurgaon,Other,Potato,176,1000,2000,1500
Haryana,Gurgaon,Gurgaon,Other,Potato,178,1000,2000,1500
Haryana,Gurgaon,Gurgaon,Other,Potato,178,1000,2000,1500
Haryana,Gurgaon,Gurgaon,Other,Potato,178,1000,2000,1500
Haryana,Gurgaon,Gurgaon,Other,Potato,178,1000,2000,1500
Haryana,Gurgaon,Gurgaon,Other,Potato,182,1000,1200,1100
Haryana,Gurgaon,Gurgaon,Other,Potato,185,1000,1200,1100
Haryana,Gurgaon,Gurgaon,Other,Potato,185,800,1000,900
Haryana,Gurgaon,Gurgaon,Other,Potato,185,800,1000,900
Haryana,Gurgaon,Gurgaon,Other,Potato,186,1000,1200,1100
Haryana,Gurgaon,Gurgaon,Other,Potato,187,1000,2000,1500
Haryana,Gurgaon,Gurgaon,Other,Potato,189,1000,2000,1500
Haryana,Gurgaon,Gurgaon,Other,Potato,190,1000,2000,1500
Haryana,Gurgaon,Gurgaon,Other,Potato,192,1000,1200,1100
Haryana,Gurgaon,Gurgaon,Other,Potato,196,700,900,800
Haryana,Gurgaon,Gurgaon,Other,Potato,196,1000,1200,1100
Haryana,Gurgaon,Gurgaon,Other,Potato,198,1000,2000,1500
Haryana,Gurgaon,Gurgaon,Other,Potato,212,1000,2000,1500
Haryana,Gurgaon,Gurgaon,Other,Potato,212,800,1000,900
Uttar Pradesh,Meerut,Mawana,Desi,Potato,14,1000,1200,1070
Uttar Pradesh,Meerut,Mawana,Desi,Potato,35,1740,1850,1800
Uttar Pradesh,Meerut,Mawana,Desi,Potato,300,2050,2150,2100
Uttar Pradesh,Meerut,Mawana,Desi,Potato,1200,2300,2400,2350
Uttar Pradesh,Meerut,Mawana,Desi,Potato,1500,1750,1850,1800
Uttar Pradesh,Meerut,Mawana,Desi,Potato,1800,2150,2250,2190
Uttar Pradesh,Meerut,Meerut,Desi,Potato,12,750,850,800
Uttar Pradesh,Meerut,Meerut,Desi,Potato,18,820,990,900
Uttar Pradesh,Meerut,Meerut,Desi,Potato,20,760,950,850
Uttar Pradesh,Meerut,Meerut,Desi,Potato,18,840,1020,930
Uttar Pradesh,Meerut,Meerut,Desi,Potato,22,2330,2440,2380
Uttar Pradesh,Meerut,Meerut,Desi,Potato,40,2300,2430,2380
Uttar Pradesh,Meerut,Meerut,Desi,Potato,55,1870,1950,1910
Uttar Pradesh,Meerut,Meerut,Desi,Potato,57,1820,1920,1870
Uttar Pradesh,Meerut,Meerut,Desi,Potato,60,1820,1920,1860
Uttar Pradesh,Meerut,Meerut,Desi,Potato,60,1850,1950,1900
Uttar Pradesh,Meerut,Meerut,Desi,Potato,60,1880,1980,1930
Uttar Pradesh,Meerut,Meerut,Desi,Potato,65,1567,1777,1670
Uttar Pradesh,Meerut,Meerut,Desi,Potato,65,1770,1870,1825
Uttar Pradesh,Meerut,Meerut,Desi,Potato,65,1800,1870,1830
Uttar Pradesh,Meerut,Meerut,Desi,Potato,70,1564,1775,1670
Uttar Pradesh,Meerut,Meerut,Desi,Potato,70,1820,1900,1855
Uttar Pradesh,Meerut,Meerut,Desi,Potato,71,1800,1900,1850
Uttar Pradesh,Meerut,Meerut,Desi,Potato,75,1770,1880,1820
Uttar Pradesh,Meerut,Meerut,Desi,Potato,75,1850,1940,1890
Uttar Pradesh,Meerut,Meerut,Desi,Potato,76,1770,1860,1820
Uttar Pradesh,Meerut,Meerut,Desi,Potato,78,1810,1885,1855
Uttar Pradesh,Meerut,Meerut,Desi,Potato,80,1800,1880,1840
Uttar Pradesh,Meerut,Meerut,Desi,Potato,80,1820,1950,1880
Uttar Pradesh,Meerut,Meerut,Desi,Potato,80,2330,2420,2380
Uttar Pradesh,Meerut,Meerut,Desi,Potato,80,900,1080,990
Uttar Pradesh,Meerut,Meerut,Desi,Potato,81,1800,1875,1835
Uttar Pradesh,Meerut,Meerut,Desi,Potato,82,1770,1850,1810
Uttar Pradesh,Meerut,Meerut,Desi,Potato,83,1800,1900,1855
Uttar Pradesh,Meerut,Meerut,Desi,Potato,88,1770,1870,1820
Uttar Pradesh,Meerut,Meerut,Desi,Potato,88,1900,2000,1950
Uttar Pradesh,Meerut,Meerut,Desi,Potato,89,1880,1980,1930
Uttar Pradesh,Meerut,Meerut,Desi,Potato,90,1770,1870,1810
Uttar Pradesh,Meerut,Meerut,Desi,Potato,90,1800,1950,1880
Uttar Pradesh,Meerut,Meerut,Desi,Potato,95,970,1100,1020
Uttar Pradesh,Meerut,Meerut,Desi,Potato,99,940,1100,1020
Uttar Pradesh,Meerut,Meerut,Desi,Potato,99,1750,1850,1795
Uttar Pradesh,Meerut,Meerut,Desi,Potato,100,1010,1180,1090
Uttar Pradesh,Meerut,Meerut,Desi,Potato,100,1750,1900,1810
Uttar Pradesh,Meerut,Meerut,Desi,Potato,101,820,980,900
Uttar Pradesh,Meerut,Meerut,Desi,Potato,102,1568,1777,1670
Uttar Pradesh,Meerut,Meerut,Desi,Potato,105,1750,1850,1800
Uttar Pradesh,Meerut,Meerut,Desi,Potato,106,920,1080,1000
Uttar Pradesh,Meerut,Meerut,Desi,Potato,106,900,1120,1010
Uttar Pradesh,Meerut,Meerut,Desi,Potato,107,700,910,780
Uttar Pradesh,Meerut,Meerut,Desi,Potato,18,820,1000,910
Uttar Pradesh,Meerut,Meerut,Desi,Potato,110,1050,1200,1120
Uttar Pradesh,Meerut,Meerut,Desi,Potato,110,1548,1755,1650
Uttar Pradesh,Meerut,Meerut,Desi,Potato,110,1840,1920,1880
Uttar Pradesh,Meerut,Meerut,Desi,Potato,115,1150,1250,1200
Uttar Pradesh,Meerut,Meerut,Desi,Potato,116,1100,1280,1190
Uttar Pradesh,Meerut,Meerut,Desi,Potato,117,920,1080,1000
Uttar Pradesh,Meerut,Meerut,Desi,Potato,120,1100,1280,1190
Uttar Pradesh,Meerut,Meerut,Desi,Potato,120,1150,1300,1220
Uttar Pradesh,Meerut,Meerut,Desi,Potato,120,2250,2380,2330
Uttar Pradesh,Meerut,Meerut,Desi,Potato,122,950,1100,1020
Uttar Pradesh,Meerut,Meerut,Desi,Potato,122,1555,1745,1650
Uttar Pradesh,Meerut,Meerut,Desi,Potato,125,920,1100,1010
Uttar Pradesh,Meerut,Meerut,Desi,Potato,125,1050,1200,1120
Uttar Pradesh,Meerut,Meerut,Desi,Potato,125,1730,1850,1800
Uttar Pradesh,Meerut,Meerut,Desi,Potato,127,1545,1735,1640
Uttar Pradesh,Meerut,Meerut,Desi,Potato,128,880,1040,960
Uttar Pradesh,Meerut,Meerut,Desi,Potato,130,800,980,890
Uttar Pradesh,Meerut,Meerut,Desi,Potato,130,1170,1320,1240
Uttar Pradesh,Meerut,Meerut,Desi,Potato,135,1390,1596,1495
Uttar Pradesh,Meerut,Meerut,Desi,Potato,135,2250,2350,2300
Uttar Pradesh,Meerut,Meerut,Desi,Potato,139,940,1100,1020
Uttar Pradesh,Meerut,Meerut,Desi,Potato,140,1535,1745,1640
Uttar Pradesh,Meerut,Meerut,Desi,Potato,140,2050,2150,2100
Uttar Pradesh,Meerut,Meerut,Desi,Potato,140,2120,2230,2170
Uttar Pradesh,Meerut,Meerut,Desi,Potato,145,1700,1800,1755
Uttar Pradesh,Meerut,Meerut,Desi,Potato,147,2000,2100,2050
Uttar Pradesh,Meerut,Meerut,Desi,Potato,147,800,990,880
Uttar Pradesh,Meerut,Meerut,Desi,Potato,150,1100,1250,1170
Uttar Pradesh,Meerut,Meerut,Desi,Potato,150,1130,1280,1200
Uttar Pradesh,Meerut,Meerut,Desi,Potato,150,1400,1580,1490
Uttar Pradesh,Meerut,Meerut,Desi,Potato,150,1700,1850,1770
Uttar Pradesh,Meerut,Meerut,Desi,Potato,150,1750,1850,1800
Uttar Pradesh,Meerut,Meerut,Desi,Potato,150,2000,2100,2040
Uttar Pradesh,Meerut,Meerut,Desi,Potato,150,2060,2200,2130
Uttar Pradesh,Meerut,Meerut,Desi,Potato,150,2100,2270,2180
Uttar Pradesh,Meerut,Meerut,Desi,Potato,150,2150,2250,2200
Uttar Pradesh,Meerut,Meerut,Desi,Potato,150,2150,2250,2200
Uttar Pradesh,Meerut,Meerut,Desi,Potato,150,2400,2500,2440
Uttar Pradesh,Meerut,Meerut,Desi,Potato,155,1545,1745,1640
Uttar Pradesh,Meerut,Meerut,Desi,Potato,155,2000,2120,2080
Uttar Pradesh,Meerut,Meerut,Desi,Potato,157,1700,1800,1760
Uttar Pradesh,Meerut,Meerut,Desi,Potato,160,1100,1200,1150
Uttar Pradesh,Meerut,Meerut,Desi,Potato,160,1700,1800,1745
Uttar Pradesh,Meerut,Meerut,Desi,Potato,160,1700,1820,1750
Uttar Pradesh,Meerut,Meerut,Desi,Potato,160,2150,2300,2230
Uttar Pradesh,Meerut,Meerut,Desi,Potato,160,2250,2350,2300
Uttar Pradesh,Meerut,Meerut,Desi,Potato,163,1950,2100,2020
Uttar Pradesh,Meerut,Meerut,Desi,Potato,165,1680,1770,1730
Uttar Pradesh,Meerut,Meerut,Desi,Potato,165,2300,2400,2350
Uttar Pradesh,Meerut,Meerut,Desi,Potato,168,2330,2450,2400
Uttar Pradesh,Meerut,Meerut,Desi,Potato,170,1050,1200,1130
Uttar Pradesh,Meerut,Meerut,Desi,Potato,170,2100,2210,2165
Uttar Pradesh,Meerut,Meerut,Desi,Potato,170,2240,2360,2300
Uttar Pradesh,Meerut,Meerut,Desi,Potato,170,2290,2430,2360
Uttar Pradesh,Meerut,Meerut,Desi,Potato,180,1530,1710,1620
Uttar Pradesh,Meerut,Meerut,Desi,Potato,180,1740,1850,1790
Uttar Pradesh,Meerut,Meerut,Desi,Potato,180,2000,2100,2050
Uttar Pradesh,Meerut,Meerut,Desi,Potato,180,2120,2260,2190
Uttar Pradesh,Meerut,Meerut,Desi,Potato,180,2200,2300,2240
Uttar Pradesh,Meerut,Meerut,Desi,Potato,180,2200,2320,2260
Uttar Pradesh,Meerut,Meerut,Desi,Potato,180,2200,2350,2280
Uttar Pradesh,Meerut,Meerut,Desi,Potato,180,2300,2400,2350
Uttar Pradesh,Meerut,Meerut,Desi,Potato,180,2380,2450,2420
Uttar Pradesh,Meerut,Meerut,Desi,Potato,185,800,960,870
Uttar Pradesh,Meerut,Meerut,Desi,Potato,185,800,990,885
Uttar Pradesh,Meerut,Meerut,Desi,Potato,186,2150,2270,2200
Uttar Pradesh,Meerut,Meerut,Desi,Potato,186,2200,2300,2250
Uttar Pradesh,Meerut,Meerut,Desi,Potato,190,2050,2150,2100
Uttar Pradesh,Meerut,Meerut,Desi,Potato,190,2100,2220,2150
Uttar Pradesh,Meerut,Meerut,Desi,Potato,190,2110,2270,2190
Uttar Pradesh,Meerut,Meerut,Desi,Potato,190,2150,2300,2220
Uttar Pradesh,Meerut,Meerut,Desi,Potato,190,2200,2300,2250
Uttar Pradesh,Meerut,Meerut,Desi,Potato,190,2340,2410,2370
Uttar Pradesh,Meerut,Meerut,Desi,Potato,193,2100,2220,2180
Uttar Pradesh,Meerut,Meerut,Desi,Potato,195,1530,1740,1635
Uttar Pradesh,Meerut,Meerut,Desi,Potato,195,2100,2220,2170
Uttar Pradesh,Meerut,Meerut,Desi,Potato,195,2350,2450,2400
Uttar Pradesh,Meerut,Meerut,Desi,Potato,195,2380,2480,2430
Uttar Pradesh,Meerut,Meerut,Desi,Potato,197,2040,2125,2080
Uttar Pradesh,Meerut,Meerut,Desi,Potato,198,1535,1720,1630
Uttar Pradesh,Meerut,Meerut,Desi,Potato,200,900,1080,980
Uttar Pradesh,Meerut,Meerut,Desi,Potato,200,2050,2200,2130
Uttar Pradesh,Meerut,Meerut,Desi,Potato,200,2050,2200,2130
Uttar Pradesh,Meerut,Meerut,Desi,Potato,200,2100,2250,2180
Uttar Pradesh,Meerut,Meerut,Desi,Potato,200,2100,2280,2190
Uttar Pradesh,Meerut,Meerut,Desi,Potato,200,2150,2250,2200
Uttar Pradesh,Meerut,Meerut,Desi,Potato,200,2150,2250,2200
Uttar Pradesh,Meerut,Meerut,Desi,Potato,200,2150,2280,2210
Uttar Pradesh,Meerut,Meerut,Desi,Potato,200,2150,2300,2220
Uttar Pradesh,Meerut,Meerut,Desi,Potato,200,2250,2400,2320
Uttar Pradesh,Meerut,Meerut,Desi,Potato,200,2270,2380,2320
Uttar Pradesh,Meerut,Meerut,Desi,Potato,200,2300,2410,2350
Uttar Pradesh,Meerut,Meerut,Desi,Potato,200,2320,2420,2370
Uttar Pradesh,Meerut,Meerut,Desi,Potato,200,2350,2460,2400
Uttar Pradesh,Meerut,Meerut,Desi,Potato,200,2360,2450,2410
Uttar Pradesh,Meerut,Meerut,Desi,Potato,205,840,1050,950
Uttar Pradesh,Meerut,Meerut,Desi,Potato,205,1515,1705,1610
Uttar Pradesh,Meerut,Meerut,Desi,Potato,205,2100,2270,2190
Uttar Pradesh,Meerut,Meerut,Desi,Potato,205,2300,2400,2350
Uttar Pradesh,Meerut,Meerut,Desi,Potato,207,2380,2520,2440
Uttar Pradesh,Meerut,Meerut,Desi,Potato,208,2250,2350,2300
Uttar Pradesh,Meerut,Meerut,Desi,Potato,210,1510,1690,1600
Uttar Pradesh,Meerut,Meerut,Desi,Potato,210,1900,2000,1950
Uttar Pradesh,Meerut,Meerut,Desi,Potato,210,2050,2200,2130
Uttar Pradesh,Meerut,Meerut,Desi,Potato,210,2100,2260,2185
Uttar Pradesh,Meerut,Meerut,Desi,Potato,210,2150,2250,2200
Uttar Pradesh,Meerut,Meerut,Desi,Potato,210,2170,2290,2230
Uttar Pradesh,Meerut,Meerut,Desi,Potato,210,2200,2300,2250
Uttar Pradesh,Meerut,Meerut,Desi,Potato,210,2200,2300,2250
Uttar Pradesh,Meerut,Meerut,Desi,Potato,210,2280,2400,2340
Uttar Pradesh,Meerut,Meerut,Desi,Potato,210,2300,2380,2340
Uttar Pradesh,Meerut,Meerut,Desi,Potato,215,1900,2020,1960
Uttar Pradesh,Meerut,Meerut,Desi,Potato,215,2300,2470,2400
Uttar Pradesh,Meerut,Meerut,Desi,Potato,215,2300,2500,2400
Uttar Pradesh,Meerut,Meerut,Desi,Potato,215,2350,2450,2400
Uttar Pradesh,Meerut,Meerut,Desi,Potato,217,2150,2300,2220
Uttar Pradesh,Meerut,Meerut,Desi,Potato,217,2380,2480,2430
Uttar Pradesh,Meerut,Meerut,Desi,Potato,220,1530,1710,1620
Uttar Pradesh,Meerut,Meerut,Desi,Potato,220,1900,2000,1950
Uttar Pradesh,Meerut,Meerut,Desi,Potato,220,2180,2290,2240
Uttar Pradesh,Meerut,Meerut,Desi,Potato,220,2180,2300,2240
Uttar Pradesh,Meerut,Meerut,Desi,Potato,220,2200,2300,2240
Uttar Pradesh,Meerut,Meerut,Desi,Potato,220,2300,2400,2350
Uttar Pradesh,Meerut,Meerut,Desi,Potato,220,2320,2420,2370
Uttar Pradesh,Meerut,Meerut,Desi,Potato,220,2350,2450,2410
Uttar Pradesh,Meerut,Meerut,Desi,Potato,220,2400,2500,2450
Uttar Pradesh,Meerut,Meerut,Desi,Potato,222,2300,2450,2380
Uttar Pradesh,Meerut,Meerut,Desi,Potato,223,700,900,800
Uttar Pradesh,Meerut,Meerut,Desi,Potato,18,800,1000,900
Uttar Pradesh,Meerut,Meerut,Desi,Potato,223,2340,2420,2380
Uttar Pradesh,Meerut,Meerut,Desi,Potato,224,2350,2450,2410
Uttar Pradesh,Meerut,Meerut,Desi,Potato,225,1860,2020,1940
Uttar Pradesh,Meerut,Meerut,Desi,Potato,229,2340,2420,2380
Uttar Pradesh,Meerut,Meerut,Desi,Potato,229,2350,2450,2400
Uttar Pradesh,Meerut,Meerut,Desi,Potato,230,1400,1530,1460
Uttar Pradesh,Meerut,Meerut,Desi,Potato,230,1850,2000,1930
Uttar Pradesh,Meerut,Meerut,Desi,Potato,230,2100,2200,2150
Uttar Pradesh,Meerut,Meerut,Desi,Potato,230,2120,2240,2180
Uttar Pradesh,Meerut,Meerut,Desi,Potato,230,2150,2270,2210
Uttar Pradesh,Meerut,Meerut,Desi,Potato,230,2200,2300,2250
Uttar Pradesh,Meerut,Meerut,Desi,Potato,230,2200,2350,2270
Uttar Pradesh,Meerut,Meerut,Desi,Potato,230,2280,2370,2320
Uttar Pradesh,Meerut,Meerut,Desi,Potato,230,2320,2440,2380
Uttar Pradesh,Meerut,Meerut,Desi,Potato,230,2320,2450,2370
Uttar Pradesh,Meerut,Meerut,Desi,Potato,230,2340,2450,2390
Uttar Pradesh,Meerut,Meerut,Desi,Potato,235,1515,1705,1610
Uttar Pradesh,Meerut,Meerut,Desi,Potato,235,2250,2350,2300
Uttar Pradesh,Meerut,Meerut,Desi,Potato,238,2350,2450,2400
Uttar Pradesh,Meerut,Meerut,Desi,Potato,240,2130,2250,2190
Uttar Pradesh,Meerut,Meerut,Desi,Potato,240,2150,2250,2200
Uttar Pradesh,Meerut,Meerut,Desi,Potato,240,2170,2300,2240
Uttar Pradesh,Meerut,Meerut,Desi,Potato,240,2200,2300,2250
Uttar Pradesh,Meerut,Meerut,Desi,Potato,240,2250,2350,2300
Uttar Pradesh,Meerut,Meerut,Desi,Potato,244,2300,2400,2360
Uttar Pradesh,Meerut,Meerut,Desi,Potato,245,2110,2250,2185
Uttar Pradesh,Meerut,Meerut,Desi,Potato,247,1510,1685,1600
Uttar Pradesh,Meerut,Meerut,Desi,Potato,250,1200,1300,1250
Uttar Pradesh,Meerut,Meerut,Desi,Potato,250,1200,1300,1250
Uttar Pradesh,Meerut,Meerut,Desi,Potato,250,1350,1500,1420
Uttar Pradesh,Meerut,Meerut,Desi,Potato,250,1400,1500,1450
Uttar Pradesh,Meerut,Meerut,Desi,Potato,250,1850,2000,1920
Uttar Pradesh,Meerut,Meerut,Desi,Potato,250,2140,2250,2190
Uttar Pradesh,Meerut,Meerut,Desi,Potato,250,2150,2250,2200
Uttar Pradesh,Meerut,Meerut,Desi,Potato,250,2150,2250,2200
Uttar Pradesh,Meerut,Meerut,Desi,Potato,250,2150,2250,2200
Uttar Pradesh,Meerut,Meerut,Desi,Potato,250,2180,2300,2240
Uttar Pradesh,Meerut,Meerut,Desi,Potato,250,2300,2400,2330
Uttar Pradesh,Meerut,Meerut,Desi,Potato,250,2300,2400,2350
Uttar Pradesh,Meerut,Meerut,Desi,Potato,255,1360,1520,1440
Uttar Pradesh,Meerut,Meerut,Desi,Potato,255,2170,2300,2230
Uttar Pradesh,Meerut,Meerut,Desi,Potato,255,2300,2385,2340
Uttar Pradesh,Meerut,Meerut,Desi,Potato,260,1500,1600,1550
Uttar Pradesh,Meerut,Meerut,Desi,Potato,260,1515,1715,1620
Uttar Pradesh,Meerut,Meerut,Desi,Potato,260,1850,1950,1900
Uttar Pradesh,Meerut,Meerut,Desi,Potato,260,2100,2280,2190
Uttar Pradesh,Meerut,Meerut,Desi,Potato,260,2150,2250,2200
Uttar Pradesh,Meerut,Meerut,Desi,Potato,260,2180,2300,2240
Uttar Pradesh,Meerut,Meerut,Desi,Potato,260,2230,2320,2280
Uttar Pradesh,Meerut,Meerut,Desi,Potato,260,2250,2370,2320
Uttar Pradesh,Meerut,Meerut,Desi,Potato,260,2250,2400,2330
Uttar Pradesh,Meerut,Meerut,Desi,Potato,260,2350,2460,2400
Uttar Pradesh,Meerut,Meerut,Desi,Potato,269,860,1060,940
Uttar Pradesh,Meerut,Meerut,Desi,Potato,270,1220,1400,1310
Uttar Pradesh,Meerut,Meerut,Desi,Potato,270,1450,1600,1510
Uttar Pradesh,Meerut,Meerut,Desi,Potato,270,2100,2240,2160
Uttar Pradesh,Meerut,Meerut,Desi,Potato,275,1455,1665,1560
Uttar Pradesh,Meerut,Meerut,Desi,Potato,278,1460,1640,1550
Uttar Pradesh,Meerut,Meerut,Desi,Potato,280,1400,1590,1495
Uttar Pradesh,Meerut,Meerut,Desi,Potato,280,1700,1800,1750
Uttar Pradesh,Meerut,Meerut,Desi,Potato,280,1700,1800,1750
Uttar Pradesh,Meerut,Meerut,Desi,Potato,280,1750,1900,1820
Uttar Pradesh,Meerut,Meerut,Desi,Potato,280,2100,2210,2160
Uttar Pradesh,Meerut,Meerut,Desi,Potato,280,2140,2260,2190
Uttar Pradesh,Meerut,Meerut,Desi,Potato,280,2250,2350,2300
Uttar Pradesh,Meerut,Meerut,Desi,Potato,285,1700,1880,1790
Uttar Pradesh,Meerut,Meerut,Desi,Potato,285,2100,2200,2150
Uttar Pradesh,Meerut,Meerut,Desi,Potato,285,2130,2260,2180
Uttar Pradesh,Meerut,Meerut,Desi,Potato,290,1570,1700,1640
Uttar Pradesh,Meerut,Meerut,Desi,Potato,290,1650,1750,1700
Uttar Pradesh,Meerut,Meerut,Desi,Potato,293,690,750,710
Uttar Pradesh,Meerut,Meerut,Desi,Potato,18,900,1100,1050
Uttar Pradesh,Meerut,Meerut,Desi,Potato,300,1300,1460,1380
Uttar Pradesh,Meerut,Meerut,Desi,Potato,300,1350,1450,1400
Uttar Pradesh,Meerut,Meerut,Desi,Potato,300,1600,1720,1660
Uttar Pradesh,Meerut,Meerut,Desi,Potato,300,2150,2270,2210
Uttar Pradesh,Meerut,Meerut,Desi,Potato,300,2300,2400,2350
Uttar Pradesh,Meerut,Meerut,Desi,Potato,300,2300,2420,2360
Uttar Pradesh,Meerut,Meerut,Desi,Potato,310,1300,1430,1360
Uttar Pradesh,Meerut,Meerut,Desi,Potato,310,1550,1650,1600
Uttar Pradesh,Meerut,Meerut,Desi,Potato,310,2300,2400,2350
Uttar Pradesh,Meerut,Meerut,Desi,Potato,315,1500,1650,1580
Uttar Pradesh,Meerut,Meerut,Desi,Potato,320,2250,2370,2310
Uttar Pradesh,Meerut,Meerut,Desi,Potato,320,2350,2450,2400
Uttar Pradesh,Meerut,Meerut,Desi,Potato,330,2250,2350,2300
Uttar Pradesh,Meerut,Meerut,Desi,Potato,360,2280,2390,2330
Uttar Pradesh,Meerut,Meerut,Desi,Potato,550,1050,1170,1120
Uttar Pradesh,Meerut,Meerut,Desi,Potato,700,1200,1300,1250
Uttar Pradesh,Meerut,Meerut,Desi,Potato,750,1100,1220,1160
Uttar Pradesh,Meerut,Meerut,Desi,Potato,750,1210,1320,1280
Uttar Pradesh,Meerut,Meerut,Desi,Potato,800,980,1100,1030
Uttar Pradesh,Meerut,Meerut,Desi,Potato,800,1050,1140,1100
Uttar Pradesh,Meerut,Meerut,Desi,Potato,820,1080,1175,1120
Uttar Pradesh,Meerut,Meerut,Desi,Potato,850,1050,1200,1100
Uttar Pradesh,Meerut,Meerut,Desi,Potato,850,1200,1300,1260
Uttar Pradesh,Meerut,Meerut,Desi,Potato,880,950,1100,980
Uttar Pradesh,Meerut,Meerut,Desi,Potato,950,1180,1310,1250
Uttar Pradesh,Meerut,Meerut,Desi,Potato,950,1250,1350,1300
Uttar Pradesh,Meerut,Meerut,Desi,Potato,960,1000,1100,1050
Uttar Pradesh,Meerut,Meerut,Desi,Potato,1100,950,1100,1000
Uttar Pradesh,Meerut,Meerut,Desi,Potato,1100,1150,1250,1200
Uttar Pradesh,Meerut,Meerut,Desi,Potato,1100,1220,1360,1300
Uttar Pradesh,Meerut,Meerut,Desi,Potato,1400,1200,1350,1280
Uttar Pradesh,Meerut,Meerut,Desi,Potato,1500,1150,1250,1200
Uttar Pradesh,Meerut,Meerut,Desi,Potato,1500,1200,1300,1260
Uttar Pradesh,Meerut,Meerut,Desi,Potato,1600,1200,1300,1240
Uttar Pradesh,Meerut,Meerut,Desi,Potato,1800,1150,1280,1230
Uttar Pradesh,Meerut,Sardhana,Desi,Potato,2,600,610,600
Uttar Pradesh,Meerut,Sardhana,Desi,Potato,2,1200,1300,1250
Uttar Pradesh,Meerut,Sardhana,Desi,Potato,2,1400,1500,1450
Uttar Pradesh,Meerut,Sardhana,Desi,Potato,2,1500,1600,1550
Uttar Pradesh,Meerut,Sardhana,Desi,Potato,2,1500,1650,1600
Uttar Pradesh,Meerut,Sardhana,Desi,Potato,2,1500,1700,1600
Uttar Pradesh,Meerut,Sardhana,Desi,Potato,3,1100,1200,1150
Uttar Pradesh,Meerut,Sardhana,Desi,Potato,3,1300,1400,1350
Uttar Pradesh,Meerut,Sardhana,Desi,Potato,3,1300,1500,1400
Uttar Pradesh,Meerut,Sardhana,Desi,Potato,3,1400,1500,1450
Uttar Pradesh,Meerut,Sardhana,Desi,Potato,3,1400,1500,1450
Uttar Pradesh,Meerut,Sardhana,Desi,Potato,3,1400,1500,1450
Uttar Pradesh,Meerut,Sardhana,Desi,Potato,3,1400,1500,1450
Uttar Pradesh,Meerut,Sardhana,Desi,Potato,3,1400,1550,1500
Uttar Pradesh,Meerut,Sardhana,Desi,Potato,3,1450,1600,1500
Uttar Pradesh,Meerut,Sardhana,Desi,Potato,3,1500,1600,1550
Uttar Pradesh,Meerut,Sardhana,Desi,Potato,3,1500,1600,1550
Uttar Pradesh,Meerut,Sardhana,Desi,Potato,3,1500,1600,1550
Uttar Pradesh,Meerut,Sardhana,Desi,Potato,3,1500,1600,1550
Uttar Pradesh,Meerut,Sardhana,Desi,Potato,3,1500,1600,1550
Uttar Pradesh,Meerut,Sardhana,Desi,Potato,3,1500,1600,1550
Uttar Pradesh,Meerut,Sardhana,Desi,Potato,3,1500,1600,1550
Uttar Pradesh,Meerut,Sardhana,Desi,Potato,3,1500,1700,1600
Uttar Pradesh,Meerut,Sardhana,Desi,Potato,3,1500,1700,1600
Uttar Pradesh,Meerut,Sardhana,Desi,Potato,3,1600,1700,1650
Uttar Pradesh,Meerut,Sardhana,Desi,Potato,3,1600,1700,1650
Uttar Pradesh,Meerut,Sardhana,Desi,Potato,3,1600,1700,1650
Uttar Pradesh,Meerut,Sardhana,Desi,Potato,3,1600,1700,1650
Uttar Pradesh,Meerut,Sardhana,Desi,Potato,3,1600,1700,1650
Uttar Pradesh,Meerut,Sardhana,Desi,Potato,3,1600,1700,1650
Uttar Pradesh,Meerut,Sardhana,Desi,Potato,3,1600,1800,1700
Uttar Pradesh,Meerut,Sardhana,Desi,Potato,3,1600,1800,1700
Uttar Pradesh,Meerut,Sardhana,Desi,Potato,3,1700,1750,1750
Uttar Pradesh,Meerut,Sardhana,Desi,Potato,3,1700,1800,1750
Uttar Pradesh,Meerut,Sardhana,Desi,Potato,3,1700,1850,1800
Uttar Pradesh,Meerut,Sardhana,Desi,Potato,3,1800,1900,1850
Uttar Pradesh,Meerut,Sardhana,Desi,Potato,3,1800,2000,1900
Uttar Pradesh,Meerut,Sardhana,Desi,Potato,4,650,725,700
Uttar Pradesh,Meerut,Sardhana,Desi,Potato,18,659,725,700
Uttar Pradesh,Meerut,Sardhana,Desi,Potato,4,800,900,850
Uttar Pradesh,Meerut,Sardhana,Desi,Potato,4,1200,1300,1250
Uttar Pradesh,Meerut,Sardhana,Desi,Potato,4,1300,1400,1350
Uttar Pradesh,Meerut,Sardhana,Desi,Potato,4,1400,1500,1450
Uttar Pradesh,Meerut,Sardhana,Desi,Potato,4,1400,1500,1450
Uttar Pradesh,Meerut,Sardhana,Desi,Potato,4,1500,1600,1550
Uttar Pradesh,Meerut,Sardhana,Desi,Potato,4,1500,1600,1550
Uttar Pradesh,Meerut,Sardhana,Desi,Potato,4,1600,1700,1650
Uttar Pradesh,Meerut,Sardhana,Desi,Potato,4,1600,1800,1700
Uttar Pradesh,Meerut,Sardhana,Desi,Potato,4,1700,1900,1800
Uttar Pradesh,Meerut,Sardhana,Desi,Potato,4,1800,1900,1850
Uttar Pradesh,Meerut,Sardhana,Desi,Potato,5,600,650,625
Uttar Pradesh,Meerut,Sardhana,Desi,Potato,5,600,700,650
Uttar Pradesh,Meerut,Sardhana,Desi,Potato,5,700,800,750
Uttar Pradesh,Meerut,Sardhana,Desi,Potato,7,1600,1700,1650
Uttar Pradesh,Muzaffarnagar,Khatauli,Desi,Potato,0,600,800,700
Uttar Pradesh,Muzaffarnagar,Khatauli,Desi,Potato,0,600,1200,800
Uttar Pradesh,Muzaffarnagar,Khatauli,Desi,Potato,0,700,1000,800
Uttar Pradesh,Muzaffarnagar,Khatauli,Desi,Potato,0,850,1050,950
Uttar Pradesh,Muzaffarnagar,Khatauli,Desi,Potato,0,1000,1800,1400
Uttar Pradesh,Muzaffarnagar,Khatauli,Desi,Potato,0,800,1200,900
Uttar Pradesh,Muzaffarnagar,Khatauli,Desi,Potato,0,800,1200,1000
Uttar Pradesh,Muzaffarnagar,Khatauli,Desi,Potato,0,1200,1800,1500
Uttar Pradesh,Muzaffarnagar,Khatauli,Desi,Potato,0,1500,2400,2000
Uttar Pradesh,Muzaffarnagar,Khatauli,Desi,Potato,0,1600,2400,2000
Uttar Pradesh,Muzaffarnagar,Khatauli,Desi,Potato,0,1600,2400,2000
Uttar Pradesh,Muzaffarnagar,Khatauli,Desi,Potato,0,1600,2200,1800
Uttar Pradesh,Muzaffarnagar,Khatauli,Desi,Potato,0,1600,2400,2000
Uttar Pradesh,Muzaffarnagar,Khatauli,Desi,Potato,0,1200,1600,1400
Uttar Pradesh,Muzaffarnagar,Khatauli,Desi,Potato,0,1400,2200,1800
Uttar Pradesh,Muzaffarnagar,Khatauli,Desi,Potato,0,1400,2200,2000
Uttar Pradesh,Muzaffarnagar,Khatauli,Desi,Potato,0,1600,1800,1700
Uttar Pradesh,Muzaffarnagar,Khatauli,Desi,Potato,0,1600,2800,2200
Uttar Pradesh,Muzaffarnagar,Khatauli,Desi,Potato,0,1800,2200,2000
Uttar Pradesh,Muzaffarnagar,Khatauli,Desi,Potato,0,1800,2400,2000
Uttar Pradesh,Muzaffarnagar,Khatauli,Desi,Potato,1,1200,2000,1500
Uttar Pradesh,Muzaffarnagar,Khatauli,Desi,Potato,1,1400,2400,2000
Uttar Pradesh,Muzaffarnagar,Khatauli,Desi,Potato,1,1400,2400,2000
Uttar Pradesh,Muzaffarnagar,Khatauli,Desi,Potato,1,1600,2600,2000
Uttar Pradesh,Muzaffarnagar,Khatauli,Desi,Potato,1,1600,2800,2400
Uttar Pradesh,Muzaffarnagar,Khatauli,Desi,Potato,2,2400,2800,2600
Uttar Pradesh,Muzaffarnagar,Khatauli,Desi,Potato,10,1000,2000,1500
Uttar Pradesh,Muzaffarnagar,Khatauli,Desi,Potato,10,1200,1800,1400
Uttar Pradesh,Muzaffarnagar,Khatauli,Desi,Potato,10,1200,2000,1500
Uttar Pradesh,Muzaffarnagar,Khatauli,Desi,Potato,10,1200,2400,1400
Uttar Pradesh,Muzaffarnagar,Khatauli,Desi,Potato,10,1400,2100,1600
Uttar Pradesh,Muzaffarnagar,Khatauli,Desi,Potato,10,1400,2200,1800
Uttar Pradesh,Muzaffarnagar,Khatauli,Desi,Potato,10,1600,2400,2000
Uttar Pradesh,Muzaffarnagar,Muzzafarnagar,Desi,Potato,14,1250,1450,1320
Uttar Pradesh,Muzaffarnagar,Muzzafarnagar,Desi,Potato,20,500,700,600
Uttar Pradesh,Muzaffarnagar,Muzzafarnagar,Desi,Potato,20,600,800,700
Uttar Pradesh,Muzaffarnagar,Muzzafarnagar,Desi,Potato,20,650,900,800
Uttar Pradesh,Muzaffarnagar,Muzzafarnagar,Desi,Potato,20,800,1200,1000
Uttar Pradesh,Muzaffarnagar,Muzzafarnagar,Desi,Potato,20,900,1100,1000
Uttar Pradesh,Muzaffarnagar,Muzzafarnagar,Desi,Potato,20,950,1150,1050
Uttar Pradesh,Muzaffarnagar,Muzzafarnagar,Desi,Potato,25,600,800,700
Uttar Pradesh,Muzaffarnagar,Muzzafarnagar,Desi,Potato,25,600,800,700
Uttar Pradesh,Muzaffarnagar,Muzzafarnagar,Desi,Potato,25,700,850,800
Uttar Pradesh,Muzaffarnagar,Muzzafarnagar,Desi,Potato,18,900,1100,1000
Uttar Pradesh,Muzaffarnagar,Muzzafarnagar,Desi,Potato,18,900,1100,1000
Uttar Pradesh,Muzaffarnagar,Muzzafarnagar,Desi,Potato,18,900,1100,1000
Uttar Pradesh,Muzaffarnagar,Muzzafarnagar,Desi,Potato,25,900,1150,1000
Uttar Pradesh,Muzaffarnagar,Muzzafarnagar,Desi,Potato,25,900,1200,1000
Uttar Pradesh,Muzaffarnagar,Muzzafarnagar,Desi,Potato,25,950,1200,1050
Uttar Pradesh,Muzaffarnagar,Muzzafarnagar,Desi,Potato,25,1050,1200,1100
Uttar Pradesh,Muzaffarnagar,Muzzafarnagar,Desi,Potato,30,600,800,700
Uttar Pradesh,Muzaffarnagar,Muzzafarnagar,Desi,Potato,30,600,800,700
Uttar Pradesh,Muzaffarnagar,Muzzafarnagar,Desi,Potato,30,600,800,700
Uttar Pradesh,Muzaffarnagar,Muzzafarnagar,Desi,Potato,30,600,800,700
Uttar Pradesh,Muzaffarnagar,Muzzafarnagar,Desi,Potato,30,600,800,700
Uttar Pradesh,Muzaffarnagar,Muzzafarnagar,Desi,Potato,30,900,1100,1000
Uttar Pradesh,Muzaffarnagar,Muzzafarnagar,Desi,Potato,30,900,1100,1000
Uttar Pradesh,Muzaffarnagar,Muzzafarnagar,Desi,Potato,30,900,1100,1000
Uttar Pradesh,Muzaffarnagar,Muzzafarnagar,Desi,Potato,30,900,1200,1000
Uttar Pradesh,Muzaffarnagar,Muzzafarnagar,Desi,Potato,30,900,1200,1000
Uttar Pradesh,Muzaffarnagar,Muzzafarnagar,Desi,Potato,30,900,1200,1000
Uttar Pradesh,Muzaffarnagar,Muzzafarnagar,Desi,Potato,30,900,1200,1000
Uttar Pradesh,Muzaffarnagar,Muzzafarnagar,Desi,Potato,30,1000,1200,1100
Uttar Pradesh,Muzaffarnagar,Muzzafarnagar,Desi,Potato,30,1050,1200,1100
Uttar Pradesh,Muzaffarnagar,Muzzafarnagar,Desi,Potato,30,1050,1200,1100
Uttar Pradesh,Muzaffarnagar,Muzzafarnagar,Desi,Potato,30,1800,2000,1900
Uttar Pradesh,Muzaffarnagar,Muzzafarnagar,Desi,Potato,30,1900,2100,2000
Uttar Pradesh,Muzaffarnagar,Muzzafarnagar,Desi,Potato,30,2100,2300,2180
Uttar Pradesh,Muzaffarnagar,Muzzafarnagar,Desi,Potato,30,2100,2400,2250
Uttar Pradesh,Muzaffarnagar,Muzzafarnagar,Desi,Potato,30,2200,2400,2250
Uttar Pradesh,Muzaffarnagar,Muzzafarnagar,Desi,Potato,30,2200,2400,2250
Uttar Pradesh,Muzaffarnagar,Muzzafarnagar,Desi,Potato,30,2300,2500,2380
Uttar Pradesh,Muzaffarnagar,Muzzafarnagar,Desi,Potato,30,2300,2500,2400
Uttar Pradesh,Muzaffarnagar,Muzzafarnagar,Desi,Potato,30,2300,2500,2400
Uttar Pradesh,Muzaffarnagar,Muzzafarnagar,Desi,Potato,30,2300,2500,2400
Uttar Pradesh,Muzaffarnagar,Muzzafarnagar,Desi,Potato,33,2100,2300,2200
Uttar Pradesh,Muzaffarnagar,Muzzafarnagar,Desi,Potato,35,500,700,600
Uttar Pradesh,Muzaffarnagar,Muzzafarnagar,Desi,Potato,35,600,800,700
Uttar Pradesh,Muzaffarnagar,Muzzafarnagar,Desi,Potato,35,650,800,700
Uttar Pradesh,Muzaffarnagar,Muzzafarnagar,Desi,Potato,35,800,1150,1000
Uttar Pradesh,Muzaffarnagar,Muzzafarnagar,Desi,Potato,35,900,1100,1000
Uttar Pradesh,Muzaffarnagar,Muzzafarnagar,Desi,Potato,35,900,1150,1000
Uttar Pradesh,Muzaffarnagar,Muzzafarnagar,Desi,Potato,37,650,800,700
Uttar Pradesh,Muzaffarnagar,Muzzafarnagar,Desi,Potato,18,900,1150,1000
Uttar Pradesh,Muzaffarnagar,Muzzafarnagar,Desi,Potato,40,600,800,700
Uttar Pradesh,Muzaffarnagar,Muzzafarnagar,Desi,Potato,40,600,800,700
Uttar Pradesh,Muzaffarnagar,Muzzafarnagar,Desi,Potato,40,900,1150,1000
Uttar Pradesh,Muzaffarnagar,Muzzafarnagar,Desi,Potato,40,1000,1200,1100
Uttar Pradesh,Muzaffarnagar,Muzzafarnagar,Desi,Potato,40,1600,1900,1700
Uttar Pradesh,Muzaffarnagar,Muzzafarnagar,Desi,Potato,40,1700,2000,1800
Uttar Pradesh,Muzaffarnagar,Muzzafarnagar,Desi,Potato,40,1750,1950,1850
Uttar Pradesh,Muzaffarnagar,Muzzafarnagar,Desi,Potato,40,1750,2000,1850
Uttar Pradesh,Muzaffarnagar,Muzzafarnagar,Desi,Potato,40,1800,2100,1900
Uttar Pradesh,Muzaffarnagar,Muzzafarnagar,Desi,Potato,40,1900,2100,2000
Uttar Pradesh,Muzaffarnagar,Muzzafarnagar,Desi,Potato,40,2100,2300,2200
Uttar Pradesh,Muzaffarnagar,Muzzafarnagar,Desi,Potato,40,2100,2350,2200
Uttar Pradesh,Muzaffarnagar,Muzzafarnagar,Desi,Potato,40,2100,2400,2180
Uttar Pradesh,Muzaffarnagar,Muzzafarnagar,Desi,Potato,40,2100,2400,2200
Uttar Pradesh,Muzaffarnagar,Muzzafarnagar,Desi,Potato,40,2100,2400,2200
Uttar Pradesh,Muzaffarnagar,Muzzafarnagar,Desi,Potato,40,2150,2400,2200
Uttar Pradesh,Muzaffarnagar,Muzzafarnagar,Desi,Potato,40,2200,2350,2250
Uttar Pradesh,Muzaffarnagar,Muzzafarnagar,Desi,Potato,40,2200,2400,2250
Uttar Pradesh,Muzaffarnagar,Muzzafarnagar,Desi,Potato,40,2200,2400,2260
Uttar Pradesh,Muzaffarnagar,Muzzafarnagar,Desi,Potato,40,2200,2500,2250
Uttar Pradesh,Muzaffarnagar,Muzzafarnagar,Desi,Potato,40,2200,2500,2300
Uttar Pradesh,Muzaffarnagar,Muzzafarnagar,Desi,Potato,40,2200,2500,2300
Uttar Pradesh,Muzaffarnagar,Muzzafarnagar,Desi,Potato,40,2250,2600,2350
Uttar Pradesh,Muzaffarnagar,Muzzafarnagar,Desi,Potato,40,2300,2450,2350
Uttar Pradesh,Muzaffarnagar,Muzzafarnagar,Desi,Potato,40,2300,2500,2350
Uttar Pradesh,Muzaffarnagar,Muzzafarnagar,Desi,Potato,40,2300,2500,2350
Uttar Pradesh,Muzaffarnagar,Muzzafarnagar,Desi,Potato,40,2300,2500,2350
Uttar Pradesh,Muzaffarnagar,Muzzafarnagar,Desi,Potato,40,2300,2500,2350
Uttar Pradesh,Muzaffarnagar,Muzzafarnagar,Desi,Potato,40,2300,2500,2400
Uttar Pradesh,Muzaffarnagar,Muzzafarnagar,Desi,Potato,40,2300,2500,2400
Uttar Pradesh,Muzaffarnagar,Muzzafarnagar,Desi,Potato,40,2300,2500,2400
Uttar Pradesh,Muzaffarnagar,Muzzafarnagar,Desi,Potato,40,2300,2500,2400
Uttar Pradesh,Muzaffarnagar,Muzzafarnagar,Desi,Potato,40,2300,2500,2400
Uttar Pradesh,Muzaffarnagar,Muzzafarnagar,Desi,Potato,40,2400,2550,2450
Uttar Pradesh,Muzaffarnagar,Muzzafarnagar,Desi,Potato,45,500,700,600
Uttar Pradesh,Muzaffarnagar,Muzzafarnagar,Desi,Potato,18,800,1200,1000
Uttar Pradesh,Muzaffarnagar,Muzzafarnagar,Desi,Potato,45,1050,1200,1100
Uttar Pradesh,Muzaffarnagar,Muzzafarnagar,Desi,Potato,45,1150,1350,1200
Uttar Pradesh,Muzaffarnagar,Muzzafarnagar,Desi,Potato,45,2100,2300,2200
Uttar Pradesh,Muzaffarnagar,Muzzafarnagar,Desi,Potato,45,2100,2300,2200
Uttar Pradesh,Muzaffarnagar,Muzzafarnagar,Desi,Potato,45,2100,2300,2200
Uttar Pradesh,Muzaffarnagar,Muzzafarnagar,Desi,Potato,45,2100,2350,2200
Uttar Pradesh,Muzaffarnagar,Muzzafarnagar,Desi,Potato,45,2100,2400,2200
Uttar Pradesh,Muzaffarnagar,Muzzafarnagar,Desi,Potato,45,2200,2400,2260
Uttar Pradesh,Muzaffarnagar,Muzzafarnagar,Desi,Potato,46,2150,2400,2200
Uttar Pradesh,Muzaffarnagar,Muzzafarnagar,Desi,Potato,47,2150,2400,2200
Uttar Pradesh,Muzaffarnagar,Muzzafarnagar,Desi,Potato,50,600,800,700
Uttar Pradesh,Muzaffarnagar,Muzzafarnagar,Desi,Potato,50,600,800,750
Uttar Pradesh,Muzaffarnagar,Muzzafarnagar,Desi,Potato,18,900,1100,980
Uttar Pradesh,Muzaffarnagar,Muzzafarnagar,Desi,Potato,50,900,1100,1000
Uttar Pradesh,Muzaffarnagar,Muzzafarnagar,Desi,Potato,50,1150,1300,1180
Uttar Pradesh,Muzaffarnagar,Muzzafarnagar,Desi,Potato,50,1150,1300,1180
Uttar Pradesh,Muzaffarnagar,Muzzafarnagar,Desi,Potato,50,1200,1450,1300
Uttar Pradesh,Muzaffarnagar,Muzzafarnagar,Desi,Potato,50,1250,1450,1300
Uttar Pradesh,Muzaffarnagar,Muzzafarnagar,Desi,Potato,50,1300,1600,1400
Uttar Pradesh,Muzaffarnagar,Muzzafarnagar,Desi,Potato,50,1400,1600,1400
Uttar Pradesh,Muzaffarnagar,Muzzafarnagar,Desi,Potato,50,1400,1700,1500
Uttar Pradesh,Muzaffarnagar,Muzzafarnagar,Desi,Potato,50,1450,1700,1500
Uttar Pradesh,Muzaffarnagar,Muzzafarnagar,Desi,Potato,50,1450,1700,1500
Uttar Pradesh,Muzaffarnagar,Muzzafarnagar,Desi,Potato,50,1450,1700,1500
Uttar Pradesh,Muzaffarnagar,Muzzafarnagar,Desi,Potato,50,1500,1700,1550
Uttar Pradesh,Muzaffarnagar,Muzzafarnagar,Desi,Potato,50,1500,1700,1550
Uttar Pradesh,Muzaffarnagar,Muzzafarnagar,Desi,Potato,50,1550,1700,1600
Uttar Pradesh,Muzaffarnagar,Muzzafarnagar,Desi,Potato,50,1550,1750,1600
Uttar Pradesh,Muzaffarnagar,Muzzafarnagar,Desi,Potato,50,1600,1750,1620
Uttar Pradesh,Muzaffarnagar,Muzzafarnagar,Desi,Potato,50,1600,1750,1620
Uttar Pradesh,Muzaffarnagar,Muzzafarnagar,Desi,Potato,50,1650,1900,1700
Uttar Pradesh,Muzaffarnagar,Muzzafarnagar,Desi,Potato,50,1700,1900,1750
Uttar Pradesh,Muzaffarnagar,Muzzafarnagar,Desi,Potato,50,1700,1900,1800
Uttar Pradesh,Muzaffarnagar,Muzzafarnagar,Desi,Potato,50,1700,1950,1800
Uttar Pradesh,Muzaffarnagar,Muzzafarnagar,Desi,Potato,50,1750,1950,1800
Uttar Pradesh,Muzaffarnagar,Muzzafarnagar,Desi,Potato,50,1750,2000,1850
Uttar Pradesh,Muzaffarnagar,Muzzafarnagar,Desi,Potato,50,1800,2000,1850
Uttar Pradesh,Muzaffarnagar,Muzzafarnagar,Desi,Potato,50,1800,2000,1850
Uttar Pradesh,Muzaffarnagar,Muzzafarnagar,Desi,Potato,50,1800,2000,1850
Uttar Pradesh,Muzaffarnagar,Muzzafarnagar,Desi,Potato,50,1800,2000,1900
Uttar Pradesh,Muzaffarnagar,Muzzafarnagar,Desi,Potato,50,1800,2000,1900
Uttar Pradesh,Muzaffarnagar,Muzzafarnagar,Desi,Potato,50,1800,2050,1900
Uttar Pradesh,Muzaffarnagar,Muzzafarnagar,Desi,Potato,50,1800,2100,1900
Uttar Pradesh,Muzaffarnagar,Muzzafarnagar,Desi,Potato,50,1900,2100,1950
Uttar Pradesh,Muzaffarnagar,Muzzafarnagar,Desi,Potato,50,1900,2100,1950
Uttar Pradesh,Muzaffarnagar,Muzzafarnagar,Desi,Potato,50,1900,2100,2000
Uttar Pradesh,Muzaffarnagar,Muzzafarnagar,Desi,Potato,50,1900,2150,2000
Uttar Pradesh,Muzaffarnagar,Muzzafarnagar,Desi,Potato,50,2000,2200,2050
Uttar Pradesh,Muzaffarnagar,Muzzafarnagar,Desi,Potato,50,2050,2300,2150
Uttar Pradesh,Muzaffarnagar,Muzzafarnagar,Desi,Potato,50,2050,2300,2150
Uttar Pradesh,Muzaffarnagar,Muzzafarnagar,Desi,Potato,50,2050,2300,2150
Uttar Pradesh,Muzaffarnagar,Muzzafarnagar,Desi,Potato,50,2100,2300,2200
Uttar Pradesh,Muzaffarnagar,Muzzafarnagar,Desi,Potato,50,2100,2300,2200
Uttar Pradesh,Muzaffarnagar,Muzzafarnagar,Desi,Potato,50,2100,2300,2200
Uttar Pradesh,Muzaffarnagar,Muzzafarnagar,Desi,Potato,50,2100,2350,2200
Uttar Pradesh,Muzaffarnagar,Muzzafarnagar,Desi,Potato,50,2100,2350,2200
Uttar Pradesh,Muzaffarnagar,Muzzafarnagar,Desi,Potato,50,2100,2350,2200
Uttar Pradesh,Muzaffarnagar,Muzzafarnagar,Desi,Potato,50,2100,2350,2200
Uttar Pradesh,Muzaffarnagar,Muzzafarnagar,Desi,Potato,50,2100,2350,2200
Uttar Pradesh,Muzaffarnagar,Muzzafarnagar,Desi,Potato,50,2100,2370,2200
Uttar Pradesh,Muzaffarnagar,Muzzafarnagar,Desi,Potato,50,2100,2400,2150
Uttar Pradesh,Muzaffarnagar,Muzzafarnagar,Desi,Potato,50,2100,2400,2150
Uttar Pradesh,Muzaffarnagar,Muzzafarnagar,Desi,Potato,50,2100,2400,2200
Uttar Pradesh,Muzaffarnagar,Muzzafarnagar,Desi,Potato,50,2100,2400,2200
Uttar Pradesh,Muzaffarnagar,Muzzafarnagar,Desi,Potato,50,2100,2400,2200
Uttar Pradesh,Muzaffarnagar,Muzzafarnagar,Desi,Potato,50,2100,2400,2200
Uttar Pradesh,Muzaffarnagar,Muzzafarnagar,Desi,Potato,50,2100,2400,2200
Uttar Pradesh,Muzaffarnagar,Muzzafarnagar,Desi,Potato,50,2100,2400,2200
Uttar Pradesh,Muzaffarnagar,Muzzafarnagar,Desi,Potato,50,2100,2400,2200
Uttar Pradesh,Muzaffarnagar,Muzzafarnagar,Desi,Potato,50,2100,2400,2200
Uttar Pradesh,Muzaffarnagar,Muzzafarnagar,Desi,Potato,50,2100,2400,2200
Uttar Pradesh,Muzaffarnagar,Muzzafarnagar,Desi,Potato,50,2100,2400,2200
Uttar Pradesh,Muzaffarnagar,Muzzafarnagar,Desi,Potato,50,2100,2400,2200
Uttar Pradesh,Muzaffarnagar,Muzzafarnagar,Desi,Potato,50,2120,2400,2200
Uttar Pradesh,Muzaffarnagar,Muzzafarnagar,Desi,Potato,50,2150,2400,2250
Uttar Pradesh,Muzaffarnagar,Muzzafarnagar,Desi,Potato,50,2150,2450,2250
Uttar Pradesh,Muzaffarnagar,Muzzafarnagar,Desi,Potato,50,2200,2350,2250
Uttar Pradesh,Muzaffarnagar,Muzzafarnagar,Desi,Potato,50,2200,2400,2220
Uttar Pradesh,Muzaffarnagar,Muzzafarnagar,Desi,Potato,50,2200,2400,2250
Uttar Pradesh,Muzaffarnagar,Muzzafarnagar,Desi,Potato,50,2200,2400,2250
Uttar Pradesh,Muzaffarnagar,Muzzafarnagar,Desi,Potato,50,2200,2400,2250
Uttar Pradesh,Muzaffarnagar,Muzzafarnagar,Desi,Potato,50,2200,2400,2265
Uttar Pradesh,Muzaffarnagar,Muzzafarnagar,Desi,Potato,50,2200,2450,2250
Uttar Pradesh,Muzaffarnagar,Muzzafarnagar,Desi,Potato,50,2200,2500,2250
Uttar Pradesh,Muzaffarnagar,Muzzafarnagar,Desi,Potato,50,2200,2500,2250
Uttar Pradesh,Muzaffarnagar,Muzzafarnagar,Desi,Potato,50,2200,2500,2300
Uttar Pradesh,Muzaffarnagar,Muzzafarnagar,Desi,Potato,50,2250,2450,2300
Uttar Pradesh,Muzaffarnagar,Muzzafarnagar,Desi,Potato,50,2250,2500,2300
Uttar Pradesh,Muzaffarnagar,Muzzafarnagar,Desi,Potato,50,2250,2500,2300
Uttar Pradesh,Muzaffarnagar,Muzzafarnagar,Desi,Potato,50,2270,2500,2300
Uttar Pradesh,Muzaffarnagar,Muzzafarnagar,Desi,Potato,50,2300,2500,2300
Uttar Pradesh,Muzaffarnagar,Muzzafarnagar,Desi,Potato,50,2300,2500,2350
Uttar Pradesh,Muzaffarnagar,Muzzafarnagar,Desi,Potato,50,2300,2500,2350
Uttar Pradesh,Muzaffarnagar,Muzzafarnagar,Desi,Potato,50,2300,2500,2350
Uttar Pradesh,Muzaffarnagar,Muzzafarnagar,Desi,Potato,50,2300,2500,2350
Uttar Pradesh,Muzaffarnagar,Muzzafarnagar,Desi,Potato,50,2300,2500,2350
Uttar Pradesh,Muzaffarnagar,Muzzafarnagar,Desi,Potato,50,2300,2500,2350
Uttar Pradesh,Muzaffarnagar,Muzzafarnagar,Desi,Potato,50,2300,2500,2350
Uttar Pradesh,Muzaffarnagar,Muzzafarnagar,Desi,Potato,50,2300,2500,2350
Uttar Pradesh,Muzaffarnagar,Muzzafarnagar,Desi,Potato,50,2300,2500,2350
Uttar Pradesh,Muzaffarnagar,Muzzafarnagar,Desi,Potato,50,2300,2500,2350
Uttar Pradesh,Muzaffarnagar,Muzzafarnagar,Desi,Potato,50,2300,2500,2350
Uttar Pradesh,Muzaffarnagar,Muzzafarnagar,Desi,Potato,50,2300,2500,2350
Uttar Pradesh,Muzaffarnagar,Muzzafarnagar,Desi,Potato,50,2300,2500,2350
Uttar Pradesh,Muzaffarnagar,Muzzafarnagar,Desi,Potato,50,2300,2500,2400
Uttar Pradesh,Muzaffarnagar,Muzzafarnagar,Desi,Potato,50,2300,2500,2400
Uttar Pradesh,Muzaffarnagar,Muzzafarnagar,Desi,Potato,50,2300,2500,2400
Uttar Pradesh,Muzaffarnagar,Muzzafarnagar,Desi,Potato,50,2300,2500,2400
Uttar Pradesh,Muzaffarnagar,Muzzafarnagar,Desi,Potato,50,2300,2500,2400
Uttar Pradesh,Muzaffarnagar,Muzzafarnagar,Desi,Potato,50,2300,2500,2400
Uttar Pradesh,Muzaffarnagar,Muzzafarnagar,Desi,Potato,50,2300,2550,2370
Uttar Pradesh,Muzaffarnagar,Muzzafarnagar,Desi,Potato,50,2300,2550,2400
Uttar Pradesh,Muzaffarnagar,Muzzafarnagar,Desi,Potato,50,2300,2550,2400
Uttar Pradesh,Muzaffarnagar,Muzzafarnagar,Desi,Potato,50,2150,2400,2250
Uttar Pradesh,Muzaffarnagar,Muzzafarnagar,Desi,Potato,52,2000,2400,2200
Uttar Pradesh,Muzaffarnagar,Muzzafarnagar,Desi,Potato,53,2150,2400,2200
Uttar Pradesh,Muzaffarnagar,Muzzafarnagar,Desi,Potato,55,1100,1300,1100
Uttar Pradesh,Muzaffarnagar,Muzzafarnagar,Desi,Potato,55,1300,1500,1400
Uttar Pradesh,Muzaffarnagar,Muzzafarnagar,Desi,Potato,55,1550,1800,1600
Uttar Pradesh,Muzaffarnagar,Muzzafarnagar,Desi,Potato,55,1700,1950,1800
Uttar Pradesh,Muzaffarnagar,Muzzafarnagar,Desi,Potato,55,2100,2400,2200
Uttar Pradesh,Muzaffarnagar,Muzzafarnagar,Desi,Potato,55,2100,2400,2200
Uttar Pradesh,Muzaffarnagar,Muzzafarnagar,Desi,Potato,55,2100,2400,2200
Uttar Pradesh,Muzaffarnagar,Muzzafarnagar,Desi,Potato,55,2100,2400,2220
Uttar Pradesh,Muzaffarnagar,Muzzafarnagar,Desi,Potato,55,2150,2400,2200
Uttar Pradesh,Muzaffarnagar,Muzzafarnagar,Desi,Potato,55,2150,2450,2200
Uttar Pradesh,Muzaffarnagar,Muzzafarnagar,Desi,Potato,57,1750,1950,1800
Uttar Pradesh,Muzaffarnagar,Muzzafarnagar,Desi,Potato,58,700,850,750
Uttar Pradesh,Muzaffarnagar,Muzzafarnagar,Desi,Potato,58,2100,2400,2200
Uttar Pradesh,Muzaffarnagar,Muzzafarnagar,Desi,Potato,60,500,700,600
Uttar Pradesh,Muzaffarnagar,Muzzafarnagar,Desi,Potato,60,500,700,600
Uttar Pradesh,Muzaffarnagar,Muzzafarnagar,Desi,Potato,60,600,800,700
Uttar Pradesh,Muzaffarnagar,Muzzafarnagar,Desi,Potato,60,600,800,700
Uttar Pradesh,Muzaffarnagar,Muzzafarnagar,Desi,Potato,60,800,1150,1000
Uttar Pradesh,Muzaffarnagar,Muzzafarnagar,Desi,Potato,60,850,1150,1000
Uttar Pradesh,Muzaffarnagar,Muzzafarnagar,Desi,Potato,60,900,1100,1000
Uttar Pradesh,Muzaffarnagar,Muzzafarnagar,Desi,Potato,60,1050,1200,1100
Uttar Pradesh,Muzaffarnagar,Muzzafarnagar,Desi,Potato,60,1050,1200,1100
Uttar Pradesh,Muzaffarnagar,Muzzafarnagar,Desi,Potato,60,1050,1200,1100
Uttar Pradesh,Muzaffarnagar,Muzzafarnagar,Desi,Potato,60,1100,1300,1150
Uttar Pradesh,Muzaffarnagar,Muzzafarnagar,Desi,Potato,60,1100,1300,1150
Uttar Pradesh,Muzaffarnagar,Muzzafarnagar,Desi,Potato,60,1200,1450,1300
Uttar Pradesh,Muzaffarnagar,Muzzafarnagar,Desi,Potato,60,1200,1450,1300
Uttar Pradesh,Muzaffarnagar,Muzzafarnagar,Desi,Potato,60,1350,1550,1400
Uttar Pradesh,Muzaffarnagar,Muzzafarnagar,Desi,Potato,60,1350,1600,1400
Uttar Pradesh,Muzaffarnagar,Muzzafarnagar,Desi,Potato,60,1450,1700,1500
Uttar Pradesh,Muzaffarnagar,Muzzafarnagar,Desi,Potato,60,1550,1700,1600
Uttar Pradesh,Muzaffarnagar,Muzzafarnagar,Desi,Potato,60,1600,1850,1700
Uttar Pradesh,Muzaffarnagar,Muzzafarnagar,Desi,Potato,60,1600,1900,1700
Uttar Pradesh,Muzaffarnagar,Muzzafarnagar,Desi,Potato,60,1650,1850,1700
Uttar Pradesh,Muzaffarnagar,Muzzafarnagar,Desi,Potato,60,1680,1900,1700
Uttar Pradesh,Muzaffarnagar,Muzzafarnagar,Desi,Potato,60,1700,1900,1750
Uttar Pradesh,Muzaffarnagar,Muzzafarnagar,Desi,Potato,60,1700,1950,1800
Uttar Pradesh,Muzaffarnagar,Muzzafarnagar,Desi,Potato,60,1700,1950,1800
Uttar Pradesh,Muzaffarnagar,Muzzafarnagar,Desi,Potato,60,1700,1950,1800
Uttar Pradesh,Muzaffarnagar,Muzzafarnagar,Desi,Potato,60,1700,1950,1800
Uttar Pradesh,Muzaffarnagar,Muzzafarnagar,Desi,Potato,60,1700,1950,1800
Uttar Pradesh,Muzaffarnagar,Muzzafarnagar,Desi,Potato,60,1700,1950,1800
Uttar Pradesh,Muzaffarnagar,Muzzafarnagar,Desi,Potato,60,1700,1950,1800
Uttar Pradesh,Muzaffarnagar,Muzzafarnagar,Desi,Potato,60,1700,1950,1800
Uttar Pradesh,Muzaffarnagar,Muzzafarnagar,Desi,Potato,60,1700,1950,1800
Uttar Pradesh,Muzaffarnagar,Muzzafarnagar,Desi,Potato,60,1750,1950,1800
Uttar Pradesh,Muzaffarnagar,Muzzafarnagar,Desi,Potato,60,1750,1950,1800
Uttar Pradesh,Muzaffarnagar,Muzzafarnagar,Desi,Potato,60,1750,1950,1800
Uttar Pradesh,Muzaffarnagar,Muzzafarnagar,Desi,Potato,60,1800,2000,1900
Uttar Pradesh,Muzaffarnagar,Muzzafarnagar,Desi,Potato,60,2000,2350,2200
Uttar Pradesh,Muzaffarnagar,Muzzafarnagar,Desi,Potato,60,2100,2400,2200
Uttar Pradesh,Muzaffarnagar,Muzzafarnagar,Desi,Potato,60,2100,2400,2200
Uttar Pradesh,Muzaffarnagar,Muzzafarnagar,Desi,Potato,60,2100,2400,2200
Uttar Pradesh,Muzaffarnagar,Muzzafarnagar,Desi,Potato,60,2100,2400,2200
Uttar Pradesh,Muzaffarnagar,Muzzafarnagar,Desi,Potato,60,2100,2400,2200
Uttar Pradesh,Muzaffarnagar,Muzzafarnagar,Desi,Potato,60,2100,2400,2200
Uttar Pradesh,Muzaffarnagar,Muzzafarnagar,Desi,Potato,60,2100,2400,2200
Uttar Pradesh,Muzaffarnagar,Muzzafarnagar,Desi,Potato,60,2100,2400,2200
Uttar Pradesh,Muzaffarnagar,Muzzafarnagar,Desi,Potato,60,2100,2400,2200
Uttar Pradesh,Muzaffarnagar,Muzzafarnagar,Desi,Potato,60,2100,2400,2200
Uttar Pradesh,Muzaffarnagar,Muzzafarnagar,Desi,Potato,60,2100,2400,2200
Uttar Pradesh,Muzaffarnagar,Muzzafarnagar,Desi,Potato,60,2100,2400,2200
Uttar Pradesh,Muzaffarnagar,Muzzafarnagar,Desi,Potato,60,2100,2400,2200
Uttar Pradesh,Muzaffarnagar,Muzzafarnagar,Desi,Potato,60,2150,2400,2220
Uttar Pradesh,Muzaffarnagar,Muzzafarnagar,Desi,Potato,60,2200,2450,2250
Uttar Pradesh,Muzaffarnagar,Muzzafarnagar,Desi,Potato,60,2200,2450,2250
Uttar Pradesh,Muzaffarnagar,Muzzafarnagar,Desi,Potato,60,2200,2450,2250
Uttar Pradesh,Muzaffarnagar,Muzzafarnagar,Desi,Potato,60,2200,2500,2250
Uttar Pradesh,Muzaffarnagar,Muzzafarnagar,Desi,Potato,60,2200,2500,2270
Uttar Pradesh,Muzaffarnagar,Muzzafarnagar,Desi,Potato,60,2200,2500,2300
Uttar Pradesh,Muzaffarnagar,Muzzafarnagar,Desi,Potato,60,2200,2500,2300
Uttar Pradesh,Muzaffarnagar,Muzzafarnagar,Desi,Potato,60,2250,2450,2300
Uttar Pradesh,Muzaffarnagar,Muzzafarnagar,Desi,Potato,60,2250,2500,2300
Uttar Pradesh,Muzaffarnagar,Muzzafarnagar,Desi,Potato,60,2250,2500,2300
Uttar Pradesh,Muzaffarnagar,Muzzafarnagar,Desi,Potato,60,2300,2500,2350
Uttar Pradesh,Muzaffarnagar,Muzzafarnagar,Desi,Potato,60,2300,2500,2350
Uttar Pradesh,Muzaffarnagar,Muzzafarnagar,Desi,Potato,60,2300,2500,2350
Uttar Pradesh,Muzaffarnagar,Muzzafarnagar,Desi,Potato,60,2300,2500,2350
Uttar Pradesh,Muzaffarnagar,Muzzafarnagar,Desi,Potato,60,2300,2500,2350
Uttar Pradesh,Muzaffarnagar,Muzzafarnagar,Desi,Potato,60,2300,2500,2350
Uttar Pradesh,Muzaffarnagar,Muzzafarnagar,Desi,Potato,60,2300,2500,2350
Uttar Pradesh,Muzaffarnagar,Muzzafarnagar,Desi,Potato,60,2300,2500,2350
Uttar Pradesh,Muzaffarnagar,Muzzafarnagar,Desi,Potato,60,2300,2500,2350
Uttar Pradesh,Muzaffarnagar,Muzzafarnagar,Desi,Potato,60,2300,2500,2400
Uttar Pradesh,Muzaffarnagar,Muzzafarnagar,Desi,Potato,60,2300,2550,2350
Uttar Pradesh,Muzaffarnagar,Muzzafarnagar,Desi,Potato,60,2300,2550,2350
Uttar Pradesh,Muzaffarnagar,Muzzafarnagar,Desi,Potato,60,2300,2550,2400
Uttar Pradesh,Muzaffarnagar,Muzzafarnagar,Desi,Potato,60,2300,2550,2400
Uttar Pradesh,Muzaffarnagar,Muzzafarnagar,Desi,Potato,60,2300,2550,2400
Uttar Pradesh,Muzaffarnagar,Muzzafarnagar,Desi,Potato,60,2300,2600,2400
Uttar Pradesh,Muzaffarnagar,Muzzafarnagar,Desi,Potato,62,1700,1950,1800
Uttar Pradesh,Muzaffarnagar,Muzzafarnagar,Desi,Potato,65,1750,1950,1800
Uttar Pradesh,Muzaffarnagar,Muzzafarnagar,Desi,Potato,65,2200,2400,2250
Uttar Pradesh,Muzaffarnagar,Muzzafarnagar,Desi,Potato,66,1700,1950,1800
Uttar Pradesh,Muzaffarnagar,Muzzafarnagar,Desi,Potato,70,1000,1100,1030
Uttar Pradesh,Muzaffarnagar,Muzzafarnagar,Desi,Potato,70,1150,1300,1200
Uttar Pradesh,Muzaffarnagar,Muzzafarnagar,Desi,Potato,70,1200,1400,1300
Uttar Pradesh,Muzaffarnagar,Muzzafarnagar,Desi,Potato,70,1200,1450,1300
Uttar Pradesh,Muzaffarnagar,Muzzafarnagar,Desi,Potato,70,1200,1500,1300
Uttar Pradesh,Muzaffarnagar,Muzzafarnagar,Desi,Potato,70,1250,1400,1300
Uttar Pradesh,Muzaffarnagar,Muzzafarnagar,Desi,Potato,70,1250,1450,1300
Uttar Pradesh,Muzaffarnagar,Muzzafarnagar,Desi,Potato,70,1250,1450,1300
Uttar Pradesh,Muzaffarnagar,Muzzafarnagar,Desi,Potato,70,1350,1550,1400
Uttar Pradesh,Muzaffarnagar,Muzzafarnagar,Desi,Potato,70,1350,1550,1400
Uttar Pradesh,Muzaffarnagar,Muzzafarnagar,Desi,Potato,70,1400,1700,1500
Uttar Pradesh,Muzaffarnagar,Muzzafarnagar,Desi,Potato,70,1500,1800,1550
Uttar Pradesh,Muzaffarnagar,Muzzafarnagar,Desi,Potato,70,1600,1900,1700
Uttar Pradesh,Muzaffarnagar,Muzzafarnagar,Desi,Potato,70,1600,1950,1700
Uttar Pradesh,Muzaffarnagar,Muzzafarnagar,Desi,Potato,70,1650,1850,1700
Uttar Pradesh,Muzaffarnagar,Muzzafarnagar,Desi,Potato,70,1650,1900,1700
Uttar Pradesh,Muzaffarnagar,Muzzafarnagar,Desi,Potato,70,1700,1850,1750
Uttar Pradesh,Muzaffarnagar,Muzzafarnagar,Desi,Potato,70,1700,1850,1750
Uttar Pradesh,Muzaffarnagar,Muzzafarnagar,Desi,Potato,70,1700,1900,1750
Uttar Pradesh,Muzaffarnagar,Muzzafarnagar,Desi,Potato,70,1700,1900,1750
Uttar Pradesh,Muzaffarnagar,Muzzafarnagar,Desi,Potato,70,1700,1900,1750
Uttar Pradesh,Muzaffarnagar,Muzzafarnagar,Desi,Potato,70,1700,1950,1750
Uttar Pradesh,Muzaffarnagar,Muzzafarnagar,Desi,Potato,70,1700,1950,1800
Uttar Pradesh,Muzaffarnagar,Muzzafarnagar,Desi,Potato,70,1700,1950,1800
Uttar Pradesh,Muzaffarnagar,Muzzafarnagar,Desi,Potato,70,1700,2000,1800
Uttar Pradesh,Muzaffarnagar,Muzzafarnagar,Desi,Potato,70,1750,1950,1800
Uttar Pradesh,Muzaffarnagar,Muzzafarnagar,Desi,Potato,70,1750,1950,1800
Uttar Pradesh,Muzaffarnagar,Muzzafarnagar,Desi,Potato,70,1750,2000,1800
Uttar Pradesh,Muzaffarnagar,Muzzafarnagar,Desi,Potato,70,1750,2200,1800
Uttar Pradesh,Muzaffarnagar,Muzzafarnagar,Desi,Potato,70,1800,2100,1900
Uttar Pradesh,Muzaffarnagar,Muzzafarnagar,Desi,Potato,70,1800,2100,1900
Uttar Pradesh,Muzaffarnagar,Muzzafarnagar,Desi,Potato,70,1800,2300,1900
Uttar Pradesh,Muzaffarnagar,Muzzafarnagar,Desi,Potato,70,2300,2500,2350
Uttar Pradesh,Muzaffarnagar,Muzzafarnagar,Desi,Potato,70,2300,2550,2400
Uttar Pradesh,Muzaffarnagar,Muzzafarnagar,Desi,Potato,75,1250,1450,1300
Uttar Pradesh,Muzaffarnagar,Muzzafarnagar,Desi,Potato,80,1200,1400,1250
Uttar Pradesh,Muzaffarnagar,Muzzafarnagar,Desi,Potato,80,1250,1450,1300
Uttar Pradesh,Muzaffarnagar,Muzzafarnagar,Desi,Potato,80,1400,1550,1450
Uttar Pradesh,Muzaffarnagar,Muzzafarnagar,Desi,Potato,80,1450,1650,1500
Uttar Pradesh,Muzaffarnagar,Muzzafarnagar,Desi,Potato,80,1500,1650,1550
Uttar Pradesh,Muzaffarnagar,Muzzafarnagar,Desi,Potato,80,1500,1650,1550
Uttar Pradesh,Muzaffarnagar,Muzzafarnagar,Desi,Potato,80,1500,1700,1520
Uttar Pradesh,Muzaffarnagar,Muzzafarnagar,Desi,Potato,80,1500,1700,1550
Uttar Pradesh,Muzaffarnagar,Muzzafarnagar,Desi,Potato,80,1550,1750,1620
Uttar Pradesh,Muzaffarnagar,Muzzafarnagar,Desi,Potato,80,1650,1900,1700
Uttar Pradesh,Muzaffarnagar,Muzzafarnagar,Desi,Potato,80,1700,1900,1750
Uttar Pradesh,Muzaffarnagar,Muzzafarnagar,Desi,Potato,80,1700,2000,1800
Uttar Pradesh,Muzaffarnagar,Muzzafarnagar,Desi,Potato,80,1700,2000,1800
Uttar Pradesh,Muzaffarnagar,Muzzafarnagar,Desi,Potato,80,1700,2200,1800
Uttar Pradesh,Muzaffarnagar,Muzzafarnagar,Desi,Potato,80,1750,2200,1800
Uttar Pradesh,Muzaffarnagar,Muzzafarnagar,Desi,Potato,90,950,1100,1000
Uttar Pradesh,Muzaffarnagar,Muzzafarnagar,Desi,Potato,90,950,1100,1000
Uttar Pradesh,Muzaffarnagar,Muzzafarnagar,Desi,Potato,90,1250,1450,1300
Uttar Pradesh,Muzaffarnagar,Muzzafarnagar,Desi,Potato,90,1400,1600,1450
Uttar Pradesh,Muzaffarnagar,Muzzafarnagar,Desi,Potato,90,1450,1650,1500
Uttar Pradesh,Muzaffarnagar,Muzzafarnagar,Desi,Potato,90,1500,1700,1570
Uttar Pradesh,Muzaffarnagar,Muzzafarnagar,Desi,Potato,90,1500,1700,1600
Uttar Pradesh,Muzaffarnagar,Muzzafarnagar,Desi,Potato,92,1550,1700,1600
Uttar Pradesh,Muzaffarnagar,Muzzafarnagar,Desi,Potato,100,1180,1400,1200
Uttar Pradesh,Muzaffarnagar,Muzzafarnagar,Desi,Potato,100,1300,1450,1330
Uttar Pradesh,Muzaffarnagar,Muzzafarnagar,Desi,Potato,100,1800,2200,1900
Uttar Pradesh,Muzaffarnagar,Muzzafarnagar,Desi,Potato,120,1200,1500,1300
Uttar Pradesh,Muzaffarnagar,Muzzafarnagar,Desi,Potato,120,1450,1600,1500
Uttar Pradesh,Muzaffarnagar,Muzzafarnagar,Desi,Potato,140,1200,1450,1300
Uttar Pradesh,Muzaffarnagar,Muzzafarnagar,Desi,Potato,140,1250,1450,1300
Uttar Pradesh,Muzaffarnagar,Muzzafarnagar,Desi,Potato,140,1250,1450,1300
Uttar Pradesh,Muzaffarnagar,Muzzafarnagar,Desi,Potato,140,1300,1500,1320
Uttar Pradesh,Muzaffarnagar,Muzzafarnagar,Desi,Potato,160,500,700,600
Uttar Pradesh,Muzaffarnagar,Muzzafarnagar,Desi,Potato,18,800,1150,1000
Uttar Pradesh,Muzaffarnagar,Shahpur,Desi,Potato,3,980,1015,1000
Uttar Pradesh,Muzaffarnagar,Shahpur,Desi,Potato,4,920,945,930
Uttar Pradesh,Muzaffarnagar,Shahpur,Desi,Potato,5,980,1050,1010
Uttar Pradesh,Muzaffarnagar,Shahpur,Desi,Potato,5,1010,1070,1035
Uttar Pradesh,Muzaffarnagar,Shahpur,Desi,Potato,5,1420,1470,1450
Uttar Pradesh,Muzaffarnagar,Shahpur,Desi,Potato,5,1025,1055,1040
Uttar Pradesh,Muzaffarnagar,Shahpur,Desi,Potato,6,960,1005,980
Uttar Pradesh,Muzaffarnagar,Shahpur,Desi,Potato,8,850,920,890
Uttar Pradesh,Muzaffarnagar,Shahpur,Desi,Potato,8,950,1010,970
Uttar Pradesh,Muzaffarnagar,Shahpur,Desi,Potato,8,1420,1455,1440
Uttar Pradesh,Muzaffarnagar,Shahpur,Desi,Potato,8,1420,1465,1450
Uttar Pradesh,Muzaffarnagar,Shahpur,Desi,Potato,8,910,950,925
Uttar Pradesh,Muzaffarnagar,Shahpur,Desi,Potato,8,1120,1165,1150
Uttar Pradesh,Muzaffarnagar,Shahpur,Desi,Potato,8,1140,1175,1155
Uttar Pradesh,Muzaffarnagar,Shahpur,Desi,Potato,8,1520,1555,1540
Uttar Pradesh,Muzaffarnagar,Shahpur,Desi,Potato,10,860,920,880
Uttar Pradesh,Muzaffarnagar,Shahpur,Desi,Potato,10,870,925,890
Uttar Pradesh,Muzaffarnagar,Shahpur,Desi,Potato,11,1405,1460,1450
Uttar Pradesh,Muzaffarnagar,Shahpur,Desi,Potato,11,1025,1070,1035
Uttar Pradesh,Muzaffarnagar,Shahpur,Desi,Potato,12,910,960,925
Uttar Pradesh,Muzaffarnagar,Shahpur,Desi,Potato,12,955,1025,1000
Uttar Pradesh,Muzaffarnagar,Shahpur,Desi,Potato,12,1120,1145,1125
Uttar Pradesh,Muzaffarnagar,Shahpur,Desi,Potato,12,1240,1320,1280
Uttar Pradesh,Muzaffarnagar,Shahpur,Desi,Potato,12,1140,1170,1155
Uttar Pradesh,Muzaffarnagar,Shahpur,Desi,Potato,12,1250,1340,1300
Uttar Pradesh,Muzaffarnagar,Shahpur,Desi,Potato,12,1520,1560,1540
Uttar Pradesh,Muzaffarnagar,Shahpur,Desi,Potato,12,875,925,910
Uttar Pradesh,Muzaffarnagar,Shahpur,Desi,Potato,12,980,1040,1020
Uttar Pradesh,Muzaffarnagar,Shahpur,Desi,Potato,12,1100,1160,1125
Uttar Pradesh,Muzaffarnagar,Shahpur,Desi,Potato,12,1125,1155,1135
Uttar Pradesh,Muzaffarnagar,Shahpur,Desi,Potato,12,1140,1210,1150
Uttar Pradesh,Muzaffarnagar,Shahpur,Desi,Potato,12,1540,1750,1650
Uttar Pradesh,Muzaffarnagar,Shahpur,Desi,Potato,12,860,910,880
Uttar Pradesh,Muzaffarnagar,Shahpur,Desi,Potato,12,900,970,955
Uttar Pradesh,Muzaffarnagar,Shahpur,Desi,Potato,12,920,955,935
Uttar Pradesh,Muzaffarnagar,Shahpur,Desi,Potato,12,950,1040,1000
Uttar Pradesh,Muzaffarnagar,Shahpur,Desi,Potato,12,1020,1070,1045
Uttar Pradesh,Muzaffarnagar,Shahpur,Desi,Potato,12,1020,1075,1040
Uttar Pradesh,Muzaffarnagar,Shahpur,Desi,Potato,12,1025,1120,1055
Uttar Pradesh,Muzaffarnagar,Shahpur,Desi,Potato,12,1050,1085,1075
Uttar Pradesh,Muzaffarnagar,Shahpur,Desi,Potato,12,1140,1165,1155
Uttar Pradesh,Muzaffarnagar,Shahpur,Desi,Potato,12,1150,1210,1185
Uttar Pradesh,Muzaffarnagar,Shahpur,Desi,Potato,12,1170,1200,1195
Uttar Pradesh,Muzaffarnagar,Shahpur,Desi,Potato,12,1320,1360,1340
Uttar Pradesh,Muzaffarnagar,Shahpur,Desi,Potato,12,1440,1485,1470
Uttar Pradesh,Muzaffarnagar,Shahpur,Desi,Potato,13,960,1010,980
Uttar Pradesh,Muzaffarnagar,Shahpur,Desi,Potato,13,1180,1240,1210
Uttar Pradesh,Muzaffarnagar,Shahpur,Desi,Potato,14,1020,1045,1035
Uttar Pradesh,Muzaffarnagar,Shahpur,Desi,Potato,14,1102,1180,1135
Uttar Pradesh,Muzaffarnagar,Shahpur,Desi,Potato,14,1450,1541,1500
Uttar Pradesh,Muzaffarnagar,Shahpur,Desi,Potato,14,1125,1150,1135
Uttar Pradesh,Muzaffarnagar,Shahpur,Desi,Potato,14,1450,1520,1485
Uttar Pradesh,Muzaffarnagar,Shahpur,Desi,Potato,14,1500,1545,1520
Uttar Pradesh,Muzaffarnagar,Shahpur,Desi,Potato,15,980,1025,1000
Uttar Pradesh,Muzaffarnagar,Shahpur,Desi,Potato,15,870,915,895
Uttar Pradesh,Muzaffarnagar,Shahpur,Desi,Potato,15,980,1040,1010
Uttar Pradesh,Muzaffarnagar,Shahpur,Desi,Potato,15,1420,1455,1435
Uttar Pradesh,Muzaffarnagar,Shahpur,Desi,Potato,15,1500,1586,1565
Uttar Pradesh,Muzaffarnagar,Shahpur,Desi,Potato,17,1245,1420,1280
Uttar Pradesh,Muzaffarnagar,Shahpur,Desi,Potato,17,1340,1365,1350
Uttar Pradesh,Muzaffarnagar,Shahpur,Desi,Potato,17,1420,1475,1450
Uttar Pradesh,Muzaffarnagar,Shahpur,Desi,Potato,18,1140,1190,1155
Uttar Pradesh,Muzaffarnagar,Shahpur,Desi,Potato,18,1240,1320,1255
Uttar Pradesh,Muzaffarnagar,Shahpur,Desi,Potato,18,950,1025,980
Uttar Pradesh,Muzaffarnagar,Shahpur,Desi,Potato,18,1180,1240,1205
Uttar Pradesh,Muzaffarnagar,Shahpur,Desi,Potato,18,1020,1085,1055
Uttar Pradesh,Muzaffarnagar,Shahpur,Desi,Potato,21,1050,1120,1100
Uttar Pradesh,Muzaffarnagar,Shahpur,Desi,Potato,21,1210,1250,1240
Uttar Pradesh,Muzaffarnagar,Shahpur,Desi,Potato,24,1240,1320,1300
Uttar Pradesh,Muzaffarnagar,Shahpur,Desi,Potato,24,870,955,920
Uttar Pradesh,Muzaffarnagar,Shahpur,Desi,Potato,25,1450,1520,1480
Uttar Pradesh,Muzaffarnagar,Shahpur,Desi,Potato,26,1230,1340,1280
Uttar Pradesh,Muzaffarnagar,Shahpur,Desi,Potato,28,1510,1555,1540
Uttar Pradesh,Muzaffarnagar,Shahpur,Desi,Potato,28,1100,1145,1125
Uttar Pradesh,Muzaffarnagar,Shahpur,Desi,Potato,28,1040,1065,1055
Uttar Pradesh,Muzaffarnagar,Shahpur,Desi,Potato,34,1140,1210,1180
Uttar Pradesh,Muzaffarnagar,Shahpur,Desi,Potato,35,1040,1145,1120
Uttar Pradesh,Muzaffarnagar,Shahpur,Desi,Potato,37,800,850,820
Uttar Pradesh,Meerut,Mawana,Local,Tomato,2,1000,1200,1080
Uttar Pradesh,Meerut,Mawana,Local,Tomato,5,800,900,860
Uttar Pradesh,Meerut,Mawana,Local,Tomato,120,800,900,860
Uttar Pradesh,Meerut,Mawana,Local,Tomato,150,1900,2000,1950
Uttar Pradesh,Meerut,Mawana,Local,Tomato,300,3000,3400,3200
Uttar Pradesh,Meerut,Meerut,Local,Tomato,15,850,1000,925
Uttar Pradesh,Meerut,Meerut,Local,Tomato,17,5350,5450,5400
Uttar Pradesh,Meerut,Meerut,Local,Tomato,18,5500,5560,5530
Uttar Pradesh,Meerut,Meerut,Local,Tomato,20,3320,3500,3400
Uttar Pradesh,Meerut,Meerut,Local,Tomato,20,3950,4050,4000
Uttar Pradesh,Meerut,Meerut,Local,Tomato,20,4000,4170,4100
Uttar Pradesh,Meerut,Meerut,Local,Tomato,20,4550,4650,4600
Uttar Pradesh,Meerut,Meerut,Local,Tomato,21,4100,4230,4180
Uttar Pradesh,Meerut,Meerut,Local,Tomato,22,1050,1150,1100
Uttar Pradesh,Meerut,Meerut,Local,Tomato,22,5250,5350,5300
Uttar Pradesh,Meerut,Meerut,Local,Tomato,22,1727,1935,1830
Uttar Pradesh,Meerut,Meerut,Local,Tomato,23,1637,1845,1740
Uttar Pradesh,Meerut,Meerut,Local,Tomato,23,4100,4200,4150
Uttar Pradesh,Meerut,Meerut,Local,Tomato,24,970,1130,1050
Uttar Pradesh,Meerut,Meerut,Local,Tomato,24,1730,1920,1825
Uttar Pradesh,Meerut,Meerut,Local,Tomato,25,750,850,800
Uttar Pradesh,Meerut,Meerut,Local,Tomato,25,870,1040,950
Uttar Pradesh,Meerut,Meerut,Local,Tomato,25,900,1000,950
Uttar Pradesh,Meerut,Meerut,Local,Tomato,25,1717,1925,1820
Uttar Pradesh,Meerut,Meerut,Local,Tomato,25,3950,4050,4000
Uttar Pradesh,Meerut,Meerut,Local,Tomato,25,4040,4160,4100
Uttar Pradesh,Meerut,Meerut,Local,Tomato,25,4530,4640,4580
Uttar Pradesh,Meerut,Meerut,Local,Tomato,25,5160,5300,5230
Uttar Pradesh,Meerut,Meerut,Local,Tomato,27,980,1060,1020
Uttar Pradesh,Meerut,Meerut,Local,Tomato,27,2080,2210,2150
Uttar Pradesh,Meerut,Meerut,Local,Tomato,27,3640,3750,3700
Uttar Pradesh,Meerut,Meerut,Local,Tomato,28,1047,1255,1150
Uttar Pradesh,Meerut,Meerut,Local,Tomato,28,1150,1250,1200
Uttar Pradesh,Meerut,Meerut,Local,Tomato,28,1775,1985,1880
Uttar Pradesh,Meerut,Meerut,Local,Tomato,28,2900,3150,3000
Uttar Pradesh,Meerut,Meerut,Local,Tomato,29,1768,1977,1870
Uttar Pradesh,Meerut,Meerut,Local,Tomato,29,1850,1950,1900
Uttar Pradesh,Meerut,Meerut,Local,Tomato,29,3400,3500,3450
Uttar Pradesh,Meerut,Meerut,Local,Tomato,30,750,850,800
Uttar Pradesh,Meerut,Meerut,Local,Tomato,30,750,850,800
Uttar Pradesh,Meerut,Meerut,Local,Tomato,30,1100,1200,1150
Uttar Pradesh,Meerut,Meerut,Local,Tomato,30,1750,1850,1800
Uttar Pradesh,Meerut,Meerut,Local,Tomato,30,2050,2150,2100
Uttar Pradesh,Meerut,Meerut,Local,Tomato,30,2200,2350,2300
Uttar Pradesh,Meerut,Meerut,Local,Tomato,30,2450,2550,2500
Uttar Pradesh,Meerut,Meerut,Local,Tomato,30,2880,2980,2950
Uttar Pradesh,Meerut,Meerut,Local,Tomato,30,4250,4350,4300
Uttar Pradesh,Meerut,Meerut,Local,Tomato,30,5150,5250,5200
Uttar Pradesh,Meerut,Meerut,Local,Tomato,32,850,1000,930
Uttar Pradesh,Meerut,Meerut,Local,Tomato,32,900,1050,1000
Uttar Pradesh,Meerut,Meerut,Local,Tomato,33,880,980,930
Uttar Pradesh,Meerut,Meerut,Local,Tomato,33,4250,4350,4300
Uttar Pradesh,Meerut,Meerut,Local,Tomato,34,1777,1980,1875
Uttar Pradesh,Meerut,Meerut,Local,Tomato,35,780,880,830
Uttar Pradesh,Meerut,Meerut,Local,Tomato,35,910,1020,970
Uttar Pradesh,Meerut,Meerut,Local,Tomato,35,1650,1770,1700
Uttar Pradesh,Meerut,Meerut,Local,Tomato,35,1746,1955,1850
Uttar Pradesh,Meerut,Meerut,Local,Tomato,35,1900,2000,1934
Uttar Pradesh,Meerut,Meerut,Local,Tomato,35,3800,3950,3900
Uttar Pradesh,Meerut,Meerut,Local,Tomato,35,4950,5050,5000
Uttar Pradesh,Meerut,Meerut,Local,Tomato,35,4150,4250,4200
Uttar Pradesh,Meerut,Meerut,Local,Tomato,35,810,920,870
Uttar Pradesh,Meerut,Meerut,Local,Tomato,36,1550,1670,1600
Uttar Pradesh,Meerut,Meerut,Local,Tomato,37,1900,2050,2000
Uttar Pradesh,Meerut,Meerut,Local,Tomato,37,2000,2130,2080
Uttar Pradesh,Meerut,Meerut,Local,Tomato,37,2530,2600,2570
Uttar Pradesh,Meerut,Meerut,Local,Tomato,38,700,800,760
Uttar Pradesh,Meerut,Meerut,Local,Tomato,38,750,820,785
Uttar Pradesh,Meerut,Meerut,Local,Tomato,38,1550,1650,1600
Uttar Pradesh,Meerut,Meerut,Local,Tomato,38,1850,1950,1900
Uttar Pradesh,Meerut,Meerut,Local,Tomato,38,2850,2930,2880
Uttar Pradesh,Meerut,Meerut,Local,Tomato,38,1500,1620,1575
Uttar Pradesh,Meerut,Meerut,Local,Tomato,39,2500,2600,2550
Uttar Pradesh,Meerut,Meerut,Local,Tomato,40,740,840,790
Uttar Pradesh,Meerut,Meerut,Local,Tomato,40,750,870,830
Uttar Pradesh,Meerut,Meerut,Local,Tomato,40,800,900,850
Uttar Pradesh,Meerut,Meerut,Local,Tomato,40,850,950,890
Uttar Pradesh,Meerut,Meerut,Local,Tomato,40,1300,1400,1360
Uttar Pradesh,Meerut,Meerut,Local,Tomato,40,1470,1600,1550
Uttar Pradesh,Meerut,Meerut,Local,Tomato,40,1705,1895,1800
Uttar Pradesh,Meerut,Meerut,Local,Tomato,40,1940,2060,2000
Uttar Pradesh,Meerut,Meerut,Local,Tomato,40,1950,2050,2000
Uttar Pradesh,Meerut,Meerut,Local,Tomato,40,3900,4050,4000
Uttar Pradesh,Meerut,Meerut,Local,Tomato,40,4060,4180,4110
Uttar Pradesh,Meerut,Meerut,Local,Tomato,40,4100,4200,4150
Uttar Pradesh,Meerut,Meerut,Local,Tomato,40,4950,5070,5010
Uttar Pradesh,Meerut,Meerut,Local,Tomato,41,750,860,820
Uttar Pradesh,Meerut,Meerut,Local,Tomato,41,800,930,870
Uttar Pradesh,Meerut,Meerut,Local,Tomato,41,850,950,900
Uttar Pradesh,Meerut,Meerut,Local,Tomato,41,1850,1950,1910
Uttar Pradesh,Meerut,Meerut,Local,Tomato,42,1450,1550,1500
Uttar Pradesh,Meerut,Meerut,Local,Tomato,42,3820,3950,3890
Uttar Pradesh,Meerut,Meerut,Local,Tomato,42,1350,1450,1400
Uttar Pradesh,Meerut,Meerut,Local,Tomato,43,750,850,800
Uttar Pradesh,Meerut,Meerut,Local,Tomato,43,3050,3150,3100
Uttar Pradesh,Meerut,Meerut,Local,Tomato,44,900,1050,1000
Uttar Pradesh,Meerut,Meerut,Local,Tomato,45,800,970,880
Uttar Pradesh,Meerut,Meerut,Local,Tomato,45,1300,1420,1360
Uttar Pradesh,Meerut,Meerut,Local,Tomato,45,1350,1450,1400
Uttar Pradesh,Meerut,Meerut,Local,Tomato,45,1350,1450,1400
Uttar Pradesh,Meerut,Meerut,Local,Tomato,45,1548,1755,1650
Uttar Pradesh,Meerut,Meerut,Local,Tomato,45,1610,1790,1700
Uttar Pradesh,Meerut,Meerut,Local,Tomato,45,1900,2000,1950
Uttar Pradesh,Meerut,Meerut,Local,Tomato,45,2600,2770,2700
Uttar Pradesh,Meerut,Meerut,Local,Tomato,45,2800,2900,2850
Uttar Pradesh,Meerut,Meerut,Local,Tomato,45,3700,3850,3800
Uttar Pradesh,Meerut,Meerut,Local,Tomato,45,3900,4050,4000
Uttar Pradesh,Meerut,Meerut,Local,Tomato,45,4030,4150,4100
Uttar Pradesh,Meerut,Meerut,Local,Tomato,45,4050,4150,4100
Uttar Pradesh,Meerut,Meerut,Local,Tomato,45,4120,4250,4200
Uttar Pradesh,Meerut,Meerut,Local,Tomato,45,4250,4350,4300
Uttar Pradesh,Meerut,Meerut,Local,Tomato,46,2550,2650,2600
Uttar Pradesh,Meerut,Meerut,Local,Tomato,46,3200,3300,3250
Uttar Pradesh,Meerut,Meerut,Local,Tomato,47,2800,2950,2900
Uttar Pradesh,Meerut,Meerut,Local,Tomato,47,3250,3350,3300
Uttar Pradesh,Meerut,Meerut,Local,Tomato,47,4100,4270,4200
Uttar Pradesh,Meerut,Meerut,Local,Tomato,47,1588,1795,1690
Uttar Pradesh,Meerut,Meerut,Local,Tomato,48,820,980,900
Uttar Pradesh,Meerut,Meerut,Local,Tomato,48,900,1000,950
Uttar Pradesh,Meerut,Meerut,Local,Tomato,48,950,1100,1020
Uttar Pradesh,Meerut,Meerut,Local,Tomato,48,1840,1950,1900
Uttar Pradesh,Meerut,Meerut,Local,Tomato,48,2850,2950,2900
Uttar Pradesh,Meerut,Meerut,Local,Tomato,48,3160,3300,3220
Uttar Pradesh,Meerut,Meerut,Local,Tomato,49,1680,1880,1775
Uttar Pradesh,Meerut,Meerut,Local,Tomato,49,3950,4050,4000
Uttar Pradesh,Meerut,Meerut,Local,Tomato,49,760,950,840
Uttar Pradesh,Meerut,Meerut,Local,Tomato,50,670,800,750
Uttar Pradesh,Meerut,Meerut,Local,Tomato,18,720,890,800
Uttar Pradesh,Meerut,Meerut,Local,Tomato,50,870,1050,960
Uttar Pradesh,Meerut,Meerut,Local,Tomato,50,900,1040,960
Uttar Pradesh,Meerut,Meerut,Local,Tomato,50,950,1050,1000
Uttar Pradesh,Meerut,Meerut,Local,Tomato,50,1300,1400,1340
Uttar Pradesh,Meerut,Meerut,Local,Tomato,50,1300,1400,1350
Uttar Pradesh,Meerut,Meerut,Local,Tomato,50,1300,1400,1350
Uttar Pradesh,Meerut,Meerut,Local,Tomato,50,1750,1850,1800
Uttar Pradesh,Meerut,Meerut,Local,Tomato,50,1750,1850,1800
Uttar Pradesh,Meerut,Meerut,Local,Tomato,50,1850,1950,1900
Uttar Pradesh,Meerut,Meerut,Local,Tomato,50,2250,2350,2300
Uttar Pradesh,Meerut,Meerut,Local,Tomato,50,2350,2450,2400
Uttar Pradesh,Meerut,Meerut,Local,Tomato,50,2750,2850,2800
Uttar Pradesh,Meerut,Meerut,Local,Tomato,50,3050,3200,3120
Uttar Pradesh,Meerut,Meerut,Local,Tomato,50,3120,3280,3200
Uttar Pradesh,Meerut,Meerut,Local,Tomato,50,3650,3750,3700
Uttar Pradesh,Meerut,Meerut,Local,Tomato,50,4000,4170,4100
Uttar Pradesh,Meerut,Meerut,Local,Tomato,51,840,1000,920
Uttar Pradesh,Meerut,Meerut,Local,Tomato,51,1780,1880,1830
Uttar Pradesh,Meerut,Meerut,Local,Tomato,52,3010,3170,3090
Uttar Pradesh,Meerut,Meerut,Local,Tomato,52,3120,3280,3200
Uttar Pradesh,Meerut,Meerut,Local,Tomato,52,4000,4100,4050
Uttar Pradesh,Meerut,Meerut,Local,Tomato,53,700,800,750
Uttar Pradesh,Meerut,Meerut,Local,Tomato,53,3100,3220,3170
Uttar Pradesh,Meerut,Meerut,Local,Tomato,53,3450,3600,3530
Uttar Pradesh,Meerut,Meerut,Local,Tomato,53,4050,4150,4100
Uttar Pradesh,Meerut,Meerut,Local,Tomato,53,800,970,880
Uttar Pradesh,Meerut,Meerut,Local,Tomato,54,1618,1822,1720
Uttar Pradesh,Meerut,Meerut,Local,Tomato,54,4000,4100,4060
Uttar Pradesh,Meerut,Meerut,Local,Tomato,55,940,1070,1010
Uttar Pradesh,Meerut,Meerut,Local,Tomato,55,1060,1200,1120
Uttar Pradesh,Meerut,Meerut,Local,Tomato,55,1600,1700,1650
Uttar Pradesh,Meerut,Meerut,Local,Tomato,55,1700,1820,1750
Uttar Pradesh,Meerut,Meerut,Local,Tomato,55,1700,1820,1770
Uttar Pradesh,Meerut,Meerut,Local,Tomato,55,1700,1850,1780
Uttar Pradesh,Meerut,Meerut,Local,Tomato,55,1800,1900,1850
Uttar Pradesh,Meerut,Meerut,Local,Tomato,55,1900,2020,1990
Uttar Pradesh,Meerut,Meerut,Local,Tomato,55,2300,2400,2350
Uttar Pradesh,Meerut,Meerut,Local,Tomato,55,2350,2450,2400
Uttar Pradesh,Meerut,Meerut,Local,Tomato,55,2450,2550,2500
Uttar Pradesh,Meerut,Meerut,Local,Tomato,55,2700,2860,2780
Uttar Pradesh,Meerut,Meerut,Local,Tomato,55,2950,3050,3000
Uttar Pradesh,Meerut,Meerut,Local,Tomato,55,3050,3150,3100
Uttar Pradesh,Meerut,Meerut,Local,Tomato,55,3550,3650,3600
Uttar Pradesh,Meerut,Meerut,Local,Tomato,55,4300,4400,4350
Uttar Pradesh,Meerut,Meerut,Local,Tomato,55,3950,4050,4000
Uttar Pradesh,Meerut,Meerut,Local,Tomato,56,900,1020,960
Uttar Pradesh,Meerut,Meerut,Local,Tomato,56,1650,1780,1730
Uttar Pradesh,Meerut,Meerut,Local,Tomato,56,3050,3150,3100
Uttar Pradesh,Meerut,Meerut,Local,Tomato,57,860,1040,950
Uttar Pradesh,Meerut,Meerut,Local,Tomato,58,2350,2450,2400
Uttar Pradesh,Meerut,Meerut,Local,Tomato,58,2360,2440,2380
Uttar Pradesh,Meerut,Meerut,Local,Tomato,58,2400,2500,2450
Uttar Pradesh,Meerut,Meerut,Local,Tomato,58,2700,2850,2775
Uttar Pradesh,Meerut,Meerut,Local,Tomato,59,840,1000,910
Uttar Pradesh,Meerut,Meerut,Local,Tomato,60,950,1050,1000
Uttar Pradesh,Meerut,Meerut,Local,Tomato,60,1030,1170,1100
Uttar Pradesh,Meerut,Meerut,Local,Tomato,60,1240,1350,1300
Uttar Pradesh,Meerut,Meerut,Local,Tomato,60,1450,1550,1500
Uttar Pradesh,Meerut,Meerut,Local,Tomato,60,1650,1750,1700
Uttar Pradesh,Meerut,Meerut,Local,Tomato,60,1670,1800,1740
Uttar Pradesh,Meerut,Meerut,Local,Tomato,60,1800,1920,1870
Uttar Pradesh,Meerut,Meerut,Local,Tomato,60,2200,2360,2280
Uttar Pradesh,Meerut,Meerut,Local,Tomato,60,2250,2350,2300
Uttar Pradesh,Meerut,Meerut,Local,Tomato,60,2300,2400,2340
Uttar Pradesh,Meerut,Meerut,Local,Tomato,60,2300,2470,2390
Uttar Pradesh,Meerut,Meerut,Local,Tomato,60,2580,2710,2640
Uttar Pradesh,Meerut,Meerut,Local,Tomato,60,2700,2850,2770
Uttar Pradesh,Meerut,Meerut,Local,Tomato,60,3050,3150,3100
Uttar Pradesh,Meerut,Meerut,Local,Tomato,60,3150,3250,3200
Uttar Pradesh,Meerut,Meerut,Local,Tomato,60,3150,3300,3210
Uttar Pradesh,Meerut,Meerut,Local,Tomato,60,4740,4780,4760
Uttar Pradesh,Meerut,Meerut,Local,Tomato,60,750,950,830
Uttar Pradesh,Meerut,Meerut,Local,Tomato,61,730,910,820
Uttar Pradesh,Meerut,Meerut,Local,Tomato,61,740,910,820
Uttar Pradesh,Meerut,Meerut,Local,Tomato,62,4650,4800,4720
Uttar Pradesh,Meerut,Meerut,Local,Tomato,63,700,790,750
Uttar Pradesh,Meerut,Meerut,Local,Tomato,18,800,950,890
Uttar Pradesh,Meerut,Meerut,Local,Tomato,63,1320,1450,1400
Uttar Pradesh,Meerut,Meerut,Local,Tomato,64,1250,1360,1320
Uttar Pradesh,Meerut,Meerut,Local,Tomato,64,1490,1670,1580
Uttar Pradesh,Meerut,Meerut,Local,Tomato,65,1400,1550,1470
Uttar Pradesh,Meerut,Meerut,Local,Tomato,65,1650,1750,1700
Uttar Pradesh,Meerut,Meerut,Local,Tomato,65,2270,2380,2320
Uttar Pradesh,Meerut,Meerut,Local,Tomato,65,2300,2400,2350
Uttar Pradesh,Meerut,Meerut,Local,Tomato,65,2550,2700,2620
Uttar Pradesh,Meerut,Meerut,Local,Tomato,65,2600,2750,2680
Uttar Pradesh,Meerut,Meerut,Local,Tomato,65,3000,3150,3080
Uttar Pradesh,Meerut,Meerut,Local,Tomato,65,3100,3240,3160
Uttar Pradesh,Meerut,Meerut,Local,Tomato,65,3140,3200,3150
Uttar Pradesh,Meerut,Meerut,Local,Tomato,65,3150,3250,3200
Uttar Pradesh,Meerut,Meerut,Local,Tomato,65,3150,3250,3200
Uttar Pradesh,Meerut,Meerut,Local,Tomato,65,3270,3410,3340
Uttar Pradesh,Meerut,Meerut,Local,Tomato,67,830,1000,910
Uttar Pradesh,Meerut,Meerut,Local,Tomato,67,3000,3150,3070
Uttar Pradesh,Meerut,Meerut,Local,Tomato,68,1585,1795,1690
Uttar Pradesh,Meerut,Meerut,Local,Tomato,68,3150,3250,3200
Uttar Pradesh,Meerut,Meerut,Local,Tomato,68,3150,3250,3200
Uttar Pradesh,Meerut,Meerut,Local,Tomato,68,4600,4700,4650
Uttar Pradesh,Meerut,Meerut,Local,Tomato,69,3000,3120,3065
Uttar Pradesh,Meerut,Meerut,Local,Tomato,70,1050,1200,1130
Uttar Pradesh,Meerut,Meerut,Local,Tomato,70,1200,1300,1250
Uttar Pradesh,Meerut,Meerut,Local,Tomato,70,1460,1640,1550
Uttar Pradesh,Meerut,Meerut,Local,Tomato,70,1980,2140,2040
Uttar Pradesh,Meerut,Meerut,Local,Tomato,70,2550,2650,2600
Uttar Pradesh,Meerut,Meerut,Local,Tomato,70,2650,2750,2700
Uttar Pradesh,Meerut,Meerut,Local,Tomato,70,3000,3100,3050
Uttar Pradesh,Meerut,Meerut,Local,Tomato,70,3000,3140,3070
Uttar Pradesh,Meerut,Meerut,Local,Tomato,70,3000,3160,3080
Uttar Pradesh,Meerut,Meerut,Local,Tomato,70,3060,3200,3130
Uttar Pradesh,Meerut,Meerut,Local,Tomato,71,700,800,750
Uttar Pradesh,Meerut,Meerut,Local,Tomato,18,850,1010,930
Uttar Pradesh,Meerut,Meerut,Local,Tomato,72,1100,1200,1150
Uttar Pradesh,Meerut,Meerut,Local,Tomato,72,1438,1644,1540
Uttar Pradesh,Meerut,Meerut,Local,Tomato,75,1050,1150,1100
Uttar Pradesh,Meerut,Meerut,Local,Tomato,75,1200,1350,1280
Uttar Pradesh,Meerut,Meerut,Local,Tomato,75,1250,1350,1300
Uttar Pradesh,Meerut,Meerut,Local,Tomato,75,1388,1595,1490
Uttar Pradesh,Meerut,Meerut,Local,Tomato,75,1950,2050,2000
Uttar Pradesh,Meerut,Meerut,Local,Tomato,75,1950,2050,2000
Uttar Pradesh,Meerut,Meerut,Local,Tomato,75,2450,2550,2500
Uttar Pradesh,Meerut,Meerut,Local,Tomato,75,3300,3400,3350
Uttar Pradesh,Meerut,Meerut,Local,Tomato,75,3320,3430,3390
Uttar Pradesh,Meerut,Meerut,Local,Tomato,75,4700,4800,4750
Uttar Pradesh,Meerut,Meerut,Local,Tomato,80,600,800,700
Uttar Pradesh,Meerut,Meerut,Local,Tomato,18,730,930,820
Uttar Pradesh,Meerut,Meerut,Local,Tomato,80,1000,1160,1080
Uttar Pradesh,Meerut,Meerut,Local,Tomato,80,1160,1260,1200
Uttar Pradesh,Meerut,Meerut,Local,Tomato,80,1750,1900,1820
Uttar Pradesh,Meerut,Meerut,Local,Tomato,80,1800,1960,1880
Uttar Pradesh,Meerut,Meerut,Local,Tomato,80,2200,2400,2300
Uttar Pradesh,Meerut,Meerut,Local,Tomato,80,2850,2950,2900
Uttar Pradesh,Meerut,Meerut,Local,Tomato,80,3000,3100,3050
Uttar Pradesh,Meerut,Meerut,Local,Tomato,80,3100,3200,3150
Uttar Pradesh,Meerut,Meerut,Local,Tomato,80,3270,3420,3340
Uttar Pradesh,Meerut,Meerut,Local,Tomato,80,3280,3400,3340
Uttar Pradesh,Meerut,Meerut,Local,Tomato,80,4200,4300,4250
Uttar Pradesh,Meerut,Meerut,Local,Tomato,80,4300,4460,4380
Uttar Pradesh,Meerut,Meerut,Local,Tomato,82,1750,1850,1800
Uttar Pradesh,Meerut,Meerut,Local,Tomato,85,1650,1750,1700
Uttar Pradesh,Meerut,Meerut,Local,Tomato,85,2300,2400,2350
Uttar Pradesh,Meerut,Meerut,Local,Tomato,85,3000,3140,3070
Uttar Pradesh,Meerut,Meerut,Local,Tomato,85,4140,4260,4200
Uttar Pradesh,Meerut,Meerut,Local,Tomato,85,4260,4400,4320
Uttar Pradesh,Meerut,Meerut,Local,Tomato,86,750,920,830
Uttar Pradesh,Meerut,Meerut,Local,Tomato,88,3500,3660,3580
Uttar Pradesh,Meerut,Meerut,Local,Tomato,89,600,800,700
Uttar Pradesh,Meerut,Meerut,Local,Tomato,18,700,900,800
Uttar Pradesh,Meerut,Meerut,Local,Tomato,89,1385,1575,1480
Uttar Pradesh,Meerut,Meerut,Local,Tomato,90,3600,3720,3690
Uttar Pradesh,Meerut,Meerut,Local,Tomato,94,1380,1580,1475
Uttar Pradesh,Meerut,Meerut,Local,Tomato,95,3200,3300,3250
Uttar Pradesh,Meerut,Meerut,Local,Tomato,95,3600,3760,3685
Uttar Pradesh,Meerut,Meerut,Local,Tomato,98,2950,3050,3000
Uttar Pradesh,Meerut,Meerut,Local,Tomato,106,650,740,710
Uttar Pradesh,Meerut,Meerut,Local,Tomato,18,850,1000,920
Uttar Pradesh,Meerut,Meerut,Local,Tomato,125,3750,3850,3800
Uttar Pradesh,Meerut,Meerut,Local,Tomato,300,4970,5070,5030
Uttar Pradesh,Meerut,Meerut,Other,Tomato,50,2300,2500,2400
Uttar Pradesh,Meerut,Sardhana,Deshi,Tomato,2,1500,1700,1600
Uttar Pradesh,Meerut,Sardhana,Deshi,Tomato,2,2000,2200,2100
Uttar Pradesh,Meerut,Sardhana,Deshi,Tomato,2,2000,2200,2100
Uttar Pradesh,Meerut,Sardhana,Deshi,Tomato,2,2100,2300,2200
Uttar Pradesh,Meerut,Sardhana,Deshi,Tomato,2,2300,2400,2350
Uttar Pradesh,Meerut,Sardhana,Deshi,Tomato,2,2400,2600,2500
Uttar Pradesh,Meerut,Sardhana,Deshi,Tomato,2,2500,2700,2600
Uttar Pradesh,Meerut,Sardhana,Deshi,Tomato,2,3000,3200,3100
Uttar Pradesh,Meerut,Sardhana,Deshi,Tomato,2,3100,3300,3200
Uttar Pradesh,Meerut,Sardhana,Deshi,Tomato,3,1200,1300,1250
Uttar Pradesh,Meerut,Sardhana,Deshi,Tomato,3,1300,1450,1400
Uttar Pradesh,Meerut,Sardhana,Deshi,Tomato,3,1400,1600,1500
Uttar Pradesh,Meerut,Sardhana,Deshi,Tomato,3,1600,1800,1700
Uttar Pradesh,Meerut,Sardhana,Deshi,Tomato,3,1700,1800,1750
Uttar Pradesh,Meerut,Sardhana,Deshi,Tomato,3,1800,1900,1850
Uttar Pradesh,Meerut,Sardhana,Deshi,Tomato,3,1800,2000,1900
Uttar Pradesh,Meerut,Sardhana,Deshi,Tomato,3,1800,2000,1900
Uttar Pradesh,Meerut,Sardhana,Deshi,Tomato,3,2000,2100,2000
Uttar Pradesh,Meerut,Sardhana,Deshi,Tomato,3,2000,2200,2100
Uttar Pradesh,Meerut,Sardhana,Deshi,Tomato,3,2000,2200,2100
Uttar Pradesh,Meerut,Sardhana,Deshi,Tomato,3,2000,2200,2100
Uttar Pradesh,Meerut,Sardhana,Deshi,Tomato,3,2000,2200,2100
Uttar Pradesh,Meerut,Sardhana,Deshi,Tomato,3,2100,2300,2200
Uttar Pradesh,Meerut,Sardhana,Deshi,Tomato,3,2200,2300,2250
Uttar Pradesh,Meerut,Sardhana,Deshi,Tomato,3,2200,2350,2300
Uttar Pradesh,Meerut,Sardhana,Deshi,Tomato,3,2200,2400,2300
Uttar Pradesh,Meerut,Sardhana,Deshi,Tomato,3,2200,2400,2300
Uttar Pradesh,Meerut,Sardhana,Deshi,Tomato,3,2200,2400,2350
Uttar Pradesh,Meerut,Sardhana,Deshi,Tomato,3,2300,2300,2300
Uttar Pradesh,Meerut,Sardhana,Deshi,Tomato,3,2300,2400,2300
Uttar Pradesh,Meerut,Sardhana,Deshi,Tomato,3,2300,2400,2350
Uttar Pradesh,Meerut,Sardhana,Deshi,Tomato,3,2300,2400,2350
Uttar Pradesh,Meerut,Sardhana,Deshi,Tomato,3,2400,2600,2500
Uttar Pradesh,Meerut,Sardhana,Deshi,Tomato,3,2500,2600,2550
Uttar Pradesh,Meerut,Sardhana,Deshi,Tomato,3,2500,2700,2600
Uttar Pradesh,Meerut,Sardhana,Deshi,Tomato,3,3000,3200,3100
Uttar Pradesh,Meerut,Sardhana,Deshi,Tomato,3,3000,3200,3100
Uttar Pradesh,Meerut,Sardhana,Deshi,Tomato,3,3000,3200,3100
Uttar Pradesh,Meerut,Sardhana,Deshi,Tomato,3,3000,3200,3100
Uttar Pradesh,Meerut,Sardhana,Deshi,Tomato,3,3000,3200,3100
Uttar Pradesh,Meerut,Sardhana,Deshi,Tomato,3,3000,3300,3200
Uttar Pradesh,Meerut,Sardhana,Deshi,Tomato,3,3200,3400,3300
Uttar Pradesh,Meerut,Sardhana,Deshi,Tomato,3,3300,3500,3400
Uttar Pradesh,Meerut,Sardhana,Deshi,Tomato,4,1900,2100,2000
Uttar Pradesh,Meerut,Sardhana,Deshi,Tomato,4,2000,2100,2100
Uttar Pradesh,Meerut,Sardhana,Deshi,Tomato,4,2500,0,2600
Uttar Pradesh,Meerut,Sardhana,Deshi,Tomato,5,1100,1200,1150
Uttar Pradesh,Meerut,Sardhana,Deshi,Tomato,5,1500,1700,1600
Uttar Pradesh,Meerut,Sardhana,Deshi,Tomato,5,3000,3200,3100
Uttar Pradesh,Meerut,Sardhana,Hybrid,Tomato,2,1500,1700,1600
Uttar Pradesh,Meerut,Sardhana,Hybrid,Tomato,2,2000,2200,2100
Uttar Pradesh,Meerut,Sardhana,Hybrid,Tomato,2,2000,2200,2100
Uttar Pradesh,Meerut,Sardhana,Hybrid,Tomato,2,2100,2300,2200
Uttar Pradesh,Meerut,Sardhana,Hybrid,Tomato,2,2300,2400,2350
Uttar Pradesh,Meerut,Sardhana,Hybrid,Tomato,2,2400,2600,2500
Uttar Pradesh,Meerut,Sardhana,Hybrid,Tomato,2,2500,2700,2600
Uttar Pradesh,Meerut,Sardhana,Hybrid,Tomato,2,3000,3200,3100
Uttar Pradesh,Meerut,Sardhana,Hybrid,Tomato,2,3100,3300,3200
Uttar Pradesh,Meerut,Sardhana,Hybrid,Tomato,3,1200,1300,1250
Uttar Pradesh,Meerut,Sardhana,Hybrid,Tomato,3,1300,1450,1400
Uttar Pradesh,Meerut,Sardhana,Hybrid,Tomato,3,1400,1600,1500
Uttar Pradesh,Meerut,Sardhana,Hybrid,Tomato,3,1700,1800,1700
Uttar Pradesh,Meerut,Sardhana,Hybrid,Tomato,3,1700,1800,1750
Uttar Pradesh,Meerut,Sardhana,Hybrid,Tomato,3,1800,1900,1859
Uttar Pradesh,Meerut,Sardhana,Hybrid,Tomato,3,1800,2000,1900
Uttar Pradesh,Meerut,Sardhana,Hybrid,Tomato,3,1800,2000,1900
Uttar Pradesh,Meerut,Sardhana,Hybrid,Tomato,3,2000,2100,2000
Uttar Pradesh,Meerut,Sardhana,Hybrid,Tomato,3,2000,2200,2100
Uttar Pradesh,Meerut,Sardhana,Hybrid,Tomato,3,2000,2200,2100
Uttar Pradesh,Meerut,Sardhana,Hybrid,Tomato,3,2000,2200,2100
Uttar Pradesh,Meerut,Sardhana,Hybrid,Tomato,3,2000,2200,2100
Uttar Pradesh,Meerut,Sardhana,Hybrid,Tomato,3,2100,2300,2200
Uttar Pradesh,Meerut,Sardhana,Hybrid,Tomato,3,2200,2300,2250
Uttar Pradesh,Meerut,Sardhana,Hybrid,Tomato,3,2200,2350,2300
Uttar Pradesh,Meerut,Sardhana,Hybrid,Tomato,3,2200,2400,2300
Uttar Pradesh,Meerut,Sardhana,Hybrid,Tomato,3,2200,2400,2300
Uttar Pradesh,Meerut,Sardhana,Hybrid,Tomato,3,2200,2400,2350
Uttar Pradesh,Meerut,Sardhana,Hybrid,Tomato,3,2300,2300,2300
Uttar Pradesh,Meerut,Sardhana,Hybrid,Tomato,3,2300,2400,2300
Uttar Pradesh,Meerut,Sardhana,Hybrid,Tomato,3,2300,2400,2350
Uttar Pradesh,Meerut,Sardhana,Hybrid,Tomato,3,2300,2400,2350
Uttar Pradesh,Meerut,Sardhana,Hybrid,Tomato,3,2400,2600,2500
Uttar Pradesh,Meerut,Sardhana,Hybrid,Tomato,3,2500,2700,2600
Uttar Pradesh,Meerut,Sardhana,Hybrid,Tomato,3,2550,2600,2550
Uttar Pradesh,Meerut,Sardhana,Hybrid,Tomato,3,3000,3200,3100
Uttar Pradesh,Meerut,Sardhana,Hybrid,Tomato,3,3000,3200,3100
Uttar Pradesh,Meerut,Sardhana,Hybrid,Tomato,3,3000,3200,3100
Uttar Pradesh,Meerut,Sardhana,Hybrid,Tomato,3,3000,3200,3100
Uttar Pradesh,Meerut,Sardhana,Hybrid,Tomato,3,3000,3200,3100
Uttar Pradesh,Meerut,Sardhana,Hybrid,Tomato,3,3000,3300,3200
Uttar Pradesh,Meerut,Sardhana,Hybrid,Tomato,3,3200,3400,3300
Uttar Pradesh,Meerut,Sardhana,Hybrid,Tomato,3,3300,3500,3400
Uttar Pradesh,Meerut,Sardhana,Hybrid,Tomato,4,1900,2100,2000
Uttar Pradesh,Meerut,Sardhana,Hybrid,Tomato,4,2000,2100,2100
Uttar Pradesh,Meerut,Sardhana,Hybrid,Tomato,4,2500,0,2600
Uttar Pradesh,Meerut,Sardhana,Hybrid,Tomato,5,1500,1700,1600
Uttar Pradesh,Meerut,Sardhana,Hybrid,Tomato,5,3000,3200,3100
Uttar Pradesh,Muzaffarnagar,Khatauli,Deshi,Tomato,0,2000,2400,2200
Uttar Pradesh,Muzaffarnagar,Khatauli,Deshi,Tomato,0,500,700,600
Uttar Pradesh,Muzaffarnagar,Khatauli,Deshi,Tomato,0,500,700,600
Uttar Pradesh,Muzaffarnagar,Khatauli,Deshi,Tomato,0,600,800,700
Uttar Pradesh,Muzaffarnagar,Khatauli,Deshi,Tomato,0,600,800,700
Uttar Pradesh,Muzaffarnagar,Khatauli,Deshi,Tomato,0,600,800,700
Uttar Pradesh,Muzaffarnagar,Khatauli,Deshi,Tomato,0,600,800,700
Uttar Pradesh,Muzaffarnagar,Khatauli,Deshi,Tomato,0,800,1200,900
Uttar Pradesh,Muzaffarnagar,Khatauli,Deshi,Tomato,0,1000,1200,1100
Uttar Pradesh,Muzaffarnagar,Khatauli,Deshi,Tomato,0,1000,1500,1200
Uttar Pradesh,Muzaffarnagar,Khatauli,Deshi,Tomato,0,1000,2000,1500
Uttar Pradesh,Muzaffarnagar,Khatauli,Deshi,Tomato,0,1200,1800,1400
Uttar Pradesh,Muzaffarnagar,Khatauli,Deshi,Tomato,0,2000,2400,2200
Uttar Pradesh,Muzaffarnagar,Khatauli,Deshi,Tomato,0,1200,2000,1600
Uttar Pradesh,Muzaffarnagar,Khatauli,Deshi,Tomato,1,1000,1200,1100
Uttar Pradesh,Muzaffarnagar,Khatauli,Hybrid,Tomato,0,800,1050,1000
Uttar Pradesh,Muzaffarnagar,Khatauli,Hybrid,Tomato,0,1000,1200,1100
Uttar Pradesh,Muzaffarnagar,Khatauli,Hybrid,Tomato,0,1200,1400,1300
Uttar Pradesh,Muzaffarnagar,Khatauli,Hybrid,Tomato,0,1200,1400,1300
Uttar Pradesh,Muzaffarnagar,Khatauli,Hybrid,Tomato,0,1200,1650,1400
Uttar Pradesh,Muzaffarnagar,Khatauli,Hybrid,Tomato,0,1200,1500,1400
Uttar Pradesh,Muzaffarnagar,Khatauli,Hybrid,Tomato,0,1000,1400,1200
Uttar Pradesh,Muzaffarnagar,Khatauli,Hybrid,Tomato,0,1200,1600,1400
Uttar Pradesh,Muzaffarnagar,Khatauli,Hybrid,Tomato,0,1500,2500,2000
Uttar Pradesh,Muzaffarnagar,Khatauli,Hybrid,Tomato,0,1800,2200,1900
Uttar Pradesh,Muzaffarnagar,Khatauli,Hybrid,Tomato,0,1200,1500,1400
Uttar Pradesh,Muzaffarnagar,Khatauli,Hybrid,Tomato,0,1200,1560,1400
Uttar Pradesh,Muzaffarnagar,Khatauli,Hybrid,Tomato,0,2000,2500,2200
Uttar Pradesh,Muzaffarnagar,Khatauli,Hybrid,Tomato,0,2000,2400,2200
Uttar Pradesh,Muzaffarnagar,Khatauli,Hybrid,Tomato,0,1500,1700,1600
Uttar Pradesh,Muzaffarnagar,Khatauli,Hybrid,Tomato,0,1500,2200,1800
Uttar Pradesh,Muzaffarnagar,Muzzafarnagar,Deshi,Tomato,6,600,700,650
Uttar Pradesh,Muzaffarnagar,Muzzafarnagar,Deshi,Tomato,6,600,750,650
Uttar Pradesh,Muzaffarnagar,Muzzafarnagar,Deshi,Tomato,6,650,800,700
Uttar Pradesh,Muzaffarnagar,Muzzafarnagar,Deshi,Tomato,6,750,950,840
Uttar Pradesh,Muzaffarnagar,Muzzafarnagar,Deshi,Tomato,6,800,950,860
Uttar Pradesh,Muzaffarnagar,Muzzafarnagar,Deshi,Tomato,6,900,1050,970
Uttar Pradesh,Muzaffarnagar,Muzzafarnagar,Deshi,Tomato,7,3200,3800,3500
Uttar Pradesh,Muzaffarnagar,Muzzafarnagar,Deshi,Tomato,8,550,700,600
Uttar Pradesh,Muzaffarnagar,Muzzafarnagar,Deshi,Tomato,8,600,800,700
Uttar Pradesh,Muzaffarnagar,Muzzafarnagar,Deshi,Tomato,8,800,1000,900
Uttar Pradesh,Muzaffarnagar,Muzzafarnagar,Deshi,Tomato,8,850,1050,950
Uttar Pradesh,Muzaffarnagar,Muzzafarnagar,Deshi,Tomato,8,1500,1800,1600
Uttar Pradesh,Muzaffarnagar,Muzzafarnagar,Deshi,Tomato,9,900,1050,1000
Uttar Pradesh,Muzaffarnagar,Muzzafarnagar,Deshi,Tomato,9,1000,1100,1050
Uttar Pradesh,Muzaffarnagar,Muzzafarnagar,Deshi,Tomato,10,550,700,600
Uttar Pradesh,Muzaffarnagar,Muzzafarnagar,Deshi,Tomato,10,600,800,700
Uttar Pradesh,Muzaffarnagar,Muzzafarnagar,Deshi,Tomato,10,700,850,750
Uttar Pradesh,Muzaffarnagar,Muzzafarnagar,Deshi,Tomato,10,700,850,750
Uttar Pradesh,Muzaffarnagar,Muzzafarnagar,Deshi,Tomato,10,750,870,800
Uttar Pradesh,Muzaffarnagar,Muzzafarnagar,Deshi,Tomato,10,800,1000,900
Uttar Pradesh,Muzaffarnagar,Muzzafarnagar,Deshi,Tomato,10,800,1000,900
Uttar Pradesh,Muzaffarnagar,Muzzafarnagar,Deshi,Tomato,10,850,1050,950
Uttar Pradesh,Muzaffarnagar,Muzzafarnagar,Deshi,Tomato,10,850,1050,960
Uttar Pradesh,Muzaffarnagar,Muzzafarnagar,Deshi,Tomato,10,900,1100,1000
Uttar Pradesh,Muzaffarnagar,Muzzafarnagar,Deshi,Tomato,10,950,1120,1050
Uttar Pradesh,Muzaffarnagar,Muzzafarnagar,Deshi,Tomato,10,1150,1300,1200
Uttar Pradesh,Muzaffarnagar,Muzzafarnagar,Deshi,Tomato,10,1300,1500,1400
Uttar Pradesh,Muzaffarnagar,Muzzafarnagar,Deshi,Tomato,10,1400,1520,1470
Uttar Pradesh,Muzaffarnagar,Muzzafarnagar,Deshi,Tomato,10,1600,1800,1700
Uttar Pradesh,Muzaffarnagar,Muzzafarnagar,Deshi,Tomato,10,1750,1950,1850
Uttar Pradesh,Muzaffarnagar,Muzzafarnagar,Deshi,Tomato,11,650,800,700
Uttar Pradesh,Muzaffarnagar,Muzzafarnagar,Deshi,Tomato,18,850,1050,950
Uttar Pradesh,Muzaffarnagar,Muzzafarnagar,Deshi,Tomato,11,900,1050,1000
Uttar Pradesh,Muzaffarnagar,Muzzafarnagar,Deshi,Tomato,11,1900,2200,2000
Uttar Pradesh,Muzaffarnagar,Muzzafarnagar,Deshi,Tomato,11,2600,3000,2750
Uttar Pradesh,Muzaffarnagar,Muzzafarnagar,Deshi,Tomato,11,1650,1850,1750
Uttar Pradesh,Muzaffarnagar,Muzzafarnagar,Deshi,Tomato,12,900,1060,1000
Uttar Pradesh,Muzaffarnagar,Muzzafarnagar,Deshi,Tomato,12,1600,1850,1750
Uttar Pradesh,Muzaffarnagar,Muzzafarnagar,Deshi,Tomato,12,1700,1900,1800
Uttar Pradesh,Muzaffarnagar,Muzzafarnagar,Deshi,Tomato,12,1750,1900,1820
Uttar Pradesh,Muzaffarnagar,Muzzafarnagar,Deshi,Tomato,12,1800,1900,1850
Uttar Pradesh,Muzaffarnagar,Muzzafarnagar,Deshi,Tomato,13,800,950,850
Uttar Pradesh,Muzaffarnagar,Muzzafarnagar,Deshi,Tomato,13,950,1100,1050
Uttar Pradesh,Muzaffarnagar,Muzzafarnagar,Deshi,Tomato,13,950,1100,1050
Uttar Pradesh,Muzaffarnagar,Muzzafarnagar,Deshi,Tomato,13,1750,1850,1800
Uttar Pradesh,Muzaffarnagar,Muzzafarnagar,Deshi,Tomato,14,950,1150,1050
Uttar Pradesh,Muzaffarnagar,Muzzafarnagar,Deshi,Tomato,14,1700,1870,1800
Uttar Pradesh,Muzaffarnagar,Muzzafarnagar,Deshi,Tomato,15,700,800,750
Uttar Pradesh,Muzaffarnagar,Muzzafarnagar,Deshi,Tomato,15,700,800,750
Uttar Pradesh,Muzaffarnagar,Muzzafarnagar,Deshi,Tomato,15,700,900,800
Uttar Pradesh,Muzaffarnagar,Muzzafarnagar,Deshi,Tomato,15,750,850,800
Uttar Pradesh,Muzaffarnagar,Muzzafarnagar,Deshi,Tomato,15,750,900,800
Uttar Pradesh,Muzaffarnagar,Muzzafarnagar,Deshi,Tomato,15,800,900,850
Uttar Pradesh,Muzaffarnagar,Muzzafarnagar,Deshi,Tomato,15,900,1050,980
Uttar Pradesh,Muzaffarnagar,Muzzafarnagar,Deshi,Tomato,15,925,1050,980
Uttar Pradesh,Muzaffarnagar,Muzzafarnagar,Deshi,Tomato,15,950,1070,1000
Uttar Pradesh,Muzaffarnagar,Muzzafarnagar,Deshi,Tomato,15,950,1150,1050
Uttar Pradesh,Muzaffarnagar,Muzzafarnagar,Deshi,Tomato,15,1200,1500,1400
Uttar Pradesh,Muzaffarnagar,Muzzafarnagar,Deshi,Tomato,15,1550,1670,1600
Uttar Pradesh,Muzaffarnagar,Muzzafarnagar,Deshi,Tomato,16,1000,1100,1050
Uttar Pradesh,Muzaffarnagar,Muzzafarnagar,Deshi,Tomato,17,700,800,750
Uttar Pradesh,Muzaffarnagar,Muzzafarnagar,Deshi,Tomato,18,1750,2050,1800
Uttar Pradesh,Muzaffarnagar,Muzzafarnagar,Deshi,Tomato,20,770,950,840
Uttar Pradesh,Muzaffarnagar,Muzzafarnagar,Deshi,Tomato,20,1000,1150,1050
Uttar Pradesh,Muzaffarnagar,Muzzafarnagar,Deshi,Tomato,20,1750,1850,1800
Uttar Pradesh,Muzaffarnagar,Muzzafarnagar,Deshi,Tomato,25,1700,1900,1850
Uttar Pradesh,Muzaffarnagar,Muzzafarnagar,Deshi,Tomato,90,3600,4000,3800
Uttar Pradesh,Muzaffarnagar,Muzzafarnagar,Hybrid,Tomato,5,600,800,700
Uttar Pradesh,Muzaffarnagar,Muzzafarnagar,Hybrid,Tomato,5,700,900,800
Uttar Pradesh,Muzaffarnagar,Muzzafarnagar,Hybrid,Tomato,5,900,1100,1000
Uttar Pradesh,Muzaffarnagar,Muzzafarnagar,Hybrid,Tomato,5,1000,1200,1100
Uttar Pradesh,Muzaffarnagar,Muzzafarnagar,Hybrid,Tomato,5,1000,1250,1100
Uttar Pradesh,Muzaffarnagar,Muzzafarnagar,Hybrid,Tomato,5,1000,1270,1100
Uttar Pradesh,Muzaffarnagar,Muzzafarnagar,Hybrid,Tomato,6,1050,1300,1100
Uttar Pradesh,Muzaffarnagar,Muzzafarnagar,Hybrid,Tomato,6,5600,6000,5800
Uttar Pradesh,Muzaffarnagar,Muzzafarnagar,Hybrid,Tomato,6,5600,6000,5800
Uttar Pradesh,Muzaffarnagar,Muzzafarnagar,Hybrid,Tomato,6,5600,6000,5800
Uttar Pradesh,Muzaffarnagar,Muzzafarnagar,Hybrid,Tomato,6,5700,6000,5800
Uttar Pradesh,Muzaffarnagar,Muzzafarnagar,Hybrid,Tomato,7,600,800,700
Uttar Pradesh,Muzaffarnagar,Muzzafarnagar,Hybrid,Tomato,7,700,900,800
Uttar Pradesh,Muzaffarnagar,Muzzafarnagar,Hybrid,Tomato,7,700,900,800
Uttar Pradesh,Muzaffarnagar,Muzzafarnagar,Hybrid,Tomato,7,700,900,800
Uttar Pradesh,Muzaffarnagar,Muzzafarnagar,Hybrid,Tomato,7,900,1100,1000
Uttar Pradesh,Muzaffarnagar,Muzzafarnagar,Hybrid,Tomato,7,900,1150,1000
Uttar Pradesh,Muzaffarnagar,Muzzafarnagar,Hybrid,Tomato,7,900,1150,1000
Uttar Pradesh,Muzaffarnagar,Muzzafarnagar,Hybrid,Tomato,7,1000,1250,1100
Uttar Pradesh,Muzaffarnagar,Muzzafarnagar,Hybrid,Tomato,7,1000,1250,1100
Uttar Pradesh,Muzaffarnagar,Muzzafarnagar,Hybrid,Tomato,7,1000,1270,1100
Uttar Pradesh,Muzaffarnagar,Muzzafarnagar,Hybrid,Tomato,7,1000,1300,1100
Uttar Pradesh,Muzaffarnagar,Muzzafarnagar,Hybrid,Tomato,7,1900,2150,2000
Uttar Pradesh,Muzaffarnagar,Muzzafarnagar,Hybrid,Tomato,7,4000,4600,4400
Uttar Pradesh,Muzaffarnagar,Muzzafarnagar,Hybrid,Tomato,7,4200,4600,4400
Uttar Pradesh,Muzaffarnagar,Muzzafarnagar,Hybrid,Tomato,7,4400,4800,4600
Uttar Pradesh,Muzaffarnagar,Muzzafarnagar,Hybrid,Tomato,7,5700,6000,5800
Uttar Pradesh,Muzaffarnagar,Muzzafarnagar,Hybrid,Tomato,7,600,800,700
Uttar Pradesh,Muzaffarnagar,Muzzafarnagar,Hybrid,Tomato,18,900,1200,1000
Uttar Pradesh,Muzaffarnagar,Muzzafarnagar,Hybrid,Tomato,7,1050,1250,1120
Uttar Pradesh,Muzaffarnagar,Muzzafarnagar,Hybrid,Tomato,7,3900,4100,4000
Uttar Pradesh,Muzaffarnagar,Muzzafarnagar,Hybrid,Tomato,7,5700,6000,5800
Uttar Pradesh,Muzaffarnagar,Muzzafarnagar,Hybrid,Tomato,8,550,700,600
Uttar Pradesh,Muzaffarnagar,Muzzafarnagar,Hybrid,Tomato,8,600,850,750
Uttar Pradesh,Muzaffarnagar,Muzzafarnagar,Hybrid,Tomato,8,650,800,700
Uttar Pradesh,Muzaffarnagar,Muzzafarnagar,Hybrid,Tomato,8,650,800,700
Uttar Pradesh,Muzaffarnagar,Muzzafarnagar,Hybrid,Tomato,8,700,900,800
Uttar Pradesh,Muzaffarnagar,Muzzafarnagar,Hybrid,Tomato,8,700,900,800
Uttar Pradesh,Muzaffarnagar,Muzzafarnagar,Hybrid,Tomato,8,800,1100,1000
Uttar Pradesh,Muzaffarnagar,Muzzafarnagar,Hybrid,Tomato,8,900,1100,1000
Uttar Pradesh,Muzaffarnagar,Muzzafarnagar,Hybrid,Tomato,8,900,1100,1000
Uttar Pradesh,Muzaffarnagar,Muzzafarnagar,Hybrid,Tomato,8,900,1200,1000
Uttar Pradesh,Muzaffarnagar,Muzzafarnagar,Hybrid,Tomato,8,1000,1250,1100
Uttar Pradesh,Muzaffarnagar,Muzzafarnagar,Hybrid,Tomato,8,1000,1250,1100
Uttar Pradesh,Muzaffarnagar,Muzzafarnagar,Hybrid,Tomato,8,1000,1300,1100
Uttar Pradesh,Muzaffarnagar,Muzzafarnagar,Hybrid,Tomato,8,1900,2020,1950
Uttar Pradesh,Muzaffarnagar,Muzzafarnagar,Hybrid,Tomato,8,1950,2150,2020
Uttar Pradesh,Muzaffarnagar,Muzzafarnagar,Hybrid,Tomato,8,2000,2100,2050
Uttar Pradesh,Muzaffarnagar,Muzzafarnagar,Hybrid,Tomato,8,2000,2100,2050
Uttar Pradesh,Muzaffarnagar,Muzzafarnagar,Hybrid,Tomato,8,2100,2300,2200
Uttar Pradesh,Muzaffarnagar,Muzzafarnagar,Hybrid,Tomato,8,3000,3400,3200
Uttar Pradesh,Muzaffarnagar,Muzzafarnagar,Hybrid,Tomato,8,3800,4200,4000
Uttar Pradesh,Muzaffarnagar,Muzzafarnagar,Hybrid,Tomato,8,3900,4200,4000
Uttar Pradesh,Muzaffarnagar,Muzzafarnagar,Hybrid,Tomato,9,2400,2600,2500
Uttar Pradesh,Muzaffarnagar,Muzzafarnagar,Hybrid,Tomato,9,2700,3000,2900
Uttar Pradesh,Muzaffarnagar,Muzzafarnagar,Hybrid,Tomato,9,3800,4000,3900
Uttar Pradesh,Muzaffarnagar,Muzzafarnagar,Hybrid,Tomato,9,4400,4700,4500
Uttar Pradesh,Muzaffarnagar,Muzzafarnagar,Hybrid,Tomato,9,4400,4800,4600
Uttar Pradesh,Muzaffarnagar,Muzzafarnagar,Hybrid,Tomato,9,4400,4800,4600
Uttar Pradesh,Muzaffarnagar,Muzzafarnagar,Hybrid,Tomato,9,4400,4850,4680
Uttar Pradesh,Muzaffarnagar,Muzzafarnagar,Hybrid,Tomato,9,5000,5200,5100
Uttar Pradesh,Muzaffarnagar,Muzzafarnagar,Hybrid,Tomato,10,700,900,800
Uttar Pradesh,Muzaffarnagar,Muzzafarnagar,Hybrid,Tomato,10,700,900,800
Uttar Pradesh,Muzaffarnagar,Muzzafarnagar,Hybrid,Tomato,10,900,1150,1000
Uttar Pradesh,Muzaffarnagar,Muzzafarnagar,Hybrid,Tomato,10,1000,1200,1100
Uttar Pradesh,Muzaffarnagar,Muzzafarnagar,Hybrid,Tomato,10,1000,1270,1100
Uttar Pradesh,Muzaffarnagar,Muzzafarnagar,Hybrid,Tomato,10,1600,1850,1700
Uttar Pradesh,Muzaffarnagar,Muzzafarnagar,Hybrid,Tomato,10,1650,1875,1800
Uttar Pradesh,Muzaffarnagar,Muzzafarnagar,Hybrid,Tomato,10,1750,1870,1800
Uttar Pradesh,Muzaffarnagar,Muzzafarnagar,Hybrid,Tomato,10,1800,2000,1900
Uttar Pradesh,Muzaffarnagar,Muzzafarnagar,Hybrid,Tomato,10,1850,2050,1950
Uttar Pradesh,Muzaffarnagar,Muzzafarnagar,Hybrid,Tomato,10,1900,2100,2000
Uttar Pradesh,Muzaffarnagar,Muzzafarnagar,Hybrid,Tomato,10,1900,2100,2000
Uttar Pradesh,Muzaffarnagar,Muzzafarnagar,Hybrid,Tomato,10,1900,2100,2000
Uttar Pradesh,Muzaffarnagar,Muzzafarnagar,Hybrid,Tomato,10,1900,2100,2000
Uttar Pradesh,Muzaffarnagar,Muzzafarnagar,Hybrid,Tomato,10,1900,2100,2000
Uttar Pradesh,Muzaffarnagar,Muzzafarnagar,Hybrid,Tomato,10,1900,2100,2000
Uttar Pradesh,Muzaffarnagar,Muzzafarnagar,Hybrid,Tomato,10,1900,2100,2000
Uttar Pradesh,Muzaffarnagar,Muzzafarnagar,Hybrid,Tomato,10,1925,2040,1975
Uttar Pradesh,Muzaffarnagar,Muzzafarnagar,Hybrid,Tomato,10,1925,2050,1970
Uttar Pradesh,Muzaffarnagar,Muzzafarnagar,Hybrid,Tomato,10,1950,2050,2000
Uttar Pradesh,Muzaffarnagar,Muzzafarnagar,Hybrid,Tomato,10,1950,2050,2000
Uttar Pradesh,Muzaffarnagar,Muzzafarnagar,Hybrid,Tomato,10,1950,2050,2000
Uttar Pradesh,Muzaffarnagar,Muzzafarnagar,Hybrid,Tomato,10,1950,2070,2000
Uttar Pradesh,Muzaffarnagar,Muzzafarnagar,Hybrid,Tomato,10,1950,2100,2035
Uttar Pradesh,Muzaffarnagar,Muzzafarnagar,Hybrid,Tomato,10,1950,2150,2050
Uttar Pradesh,Muzaffarnagar,Muzzafarnagar,Hybrid,Tomato,10,1970,2080,2025
Uttar Pradesh,Muzaffarnagar,Muzzafarnagar,Hybrid,Tomato,10,2000,2150,2050
Uttar Pradesh,Muzaffarnagar,Muzzafarnagar,Hybrid,Tomato,10,2000,2200,2100
Uttar Pradesh,Muzaffarnagar,Muzzafarnagar,Hybrid,Tomato,10,2000,2250,2100
Uttar Pradesh,Muzaffarnagar,Muzzafarnagar,Hybrid,Tomato,10,2000,2250,2150
Uttar Pradesh,Muzaffarnagar,Muzzafarnagar,Hybrid,Tomato,10,2000,2250,2150
Uttar Pradesh,Muzaffarnagar,Muzzafarnagar,Hybrid,Tomato,10,2100,2250,2175
Uttar Pradesh,Muzaffarnagar,Muzzafarnagar,Hybrid,Tomato,10,2100,2350,2230
Uttar Pradesh,Muzaffarnagar,Muzzafarnagar,Hybrid,Tomato,10,2100,2350,2250
Uttar Pradesh,Muzaffarnagar,Muzzafarnagar,Hybrid,Tomato,10,2150,2300,2230
Uttar Pradesh,Muzaffarnagar,Muzzafarnagar,Hybrid,Tomato,10,2180,2350,2250
Uttar Pradesh,Muzaffarnagar,Muzzafarnagar,Hybrid,Tomato,10,2300,2550,2400
Uttar Pradesh,Muzaffarnagar,Muzzafarnagar,Hybrid,Tomato,10,2600,2900,2700
Uttar Pradesh,Muzaffarnagar,Muzzafarnagar,Hybrid,Tomato,10,3200,3500,3400
Uttar Pradesh,Muzaffarnagar,Muzzafarnagar,Hybrid,Tomato,10,3250,3600,3400
Uttar Pradesh,Muzaffarnagar,Muzzafarnagar,Hybrid,Tomato,10,3400,3800,3600
Uttar Pradesh,Muzaffarnagar,Muzzafarnagar,Hybrid,Tomato,10,3400,3800,3600
Uttar Pradesh,Muzaffarnagar,Muzzafarnagar,Hybrid,Tomato,10,3600,4100,3900
Uttar Pradesh,Muzaffarnagar,Muzzafarnagar,Hybrid,Tomato,10,3700,4100,3900
Uttar Pradesh,Muzaffarnagar,Muzzafarnagar,Hybrid,Tomato,10,3800,4200,4000
Uttar Pradesh,Muzaffarnagar,Muzzafarnagar,Hybrid,Tomato,10,3800,4200,4000
Uttar Pradesh,Muzaffarnagar,Muzzafarnagar,Hybrid,Tomato,10,4000,4700,4500
Uttar Pradesh,Muzaffarnagar,Muzzafarnagar,Hybrid,Tomato,10,4000,4800,4400
Uttar Pradesh,Muzaffarnagar,Muzzafarnagar,Hybrid,Tomato,10,4200,4400,4300
Uttar Pradesh,Muzaffarnagar,Muzzafarnagar,Hybrid,Tomato,10,4200,4650,4400
Uttar Pradesh,Muzaffarnagar,Muzzafarnagar,Hybrid,Tomato,10,4400,4800,4600
Uttar Pradesh,Muzaffarnagar,Muzzafarnagar,Hybrid,Tomato,10,4400,4800,4600
Uttar Pradesh,Muzaffarnagar,Muzzafarnagar,Hybrid,Tomato,10,4400,4800,4600
Uttar Pradesh,Muzaffarnagar,Muzzafarnagar,Hybrid,Tomato,10,4400,4800,4600
Uttar Pradesh,Muzaffarnagar,Muzzafarnagar,Hybrid,Tomato,10,4400,4800,4600
Uttar Pradesh,Muzaffarnagar,Muzzafarnagar,Hybrid,Tomato,10,4400,5000,4800
Uttar Pradesh,Muzaffarnagar,Muzzafarnagar,Hybrid,Tomato,10,4500,5000,4800
Uttar Pradesh,Muzaffarnagar,Muzzafarnagar,Hybrid,Tomato,10,4600,5000,4800
Uttar Pradesh,Muzaffarnagar,Muzzafarnagar,Hybrid,Tomato,10,4600,5000,4800
Uttar Pradesh,Muzaffarnagar,Muzzafarnagar,Hybrid,Tomato,10,4600,5000,4800
Uttar Pradesh,Muzaffarnagar,Muzzafarnagar,Hybrid,Tomato,10,4600,5000,4800
Uttar Pradesh,Muzaffarnagar,Muzzafarnagar,Hybrid,Tomato,10,4600,5000,4800
Uttar Pradesh,Muzaffarnagar,Muzzafarnagar,Hybrid,Tomato,10,4600,5000,4800
Uttar Pradesh,Muzaffarnagar,Muzzafarnagar,Hybrid,Tomato,10,4700,5000,4800
Uttar Pradesh,Muzaffarnagar,Muzzafarnagar,Hybrid,Tomato,11,700,900,800
Uttar Pradesh,Muzaffarnagar,Muzzafarnagar,Hybrid,Tomato,18,1000,1270,1100
Uttar Pradesh,Muzaffarnagar,Muzzafarnagar,Hybrid,Tomato,11,1650,1850,1800
Uttar Pradesh,Muzaffarnagar,Muzzafarnagar,Hybrid,Tomato,11,1900,2000,1950
Uttar Pradesh,Muzaffarnagar,Muzzafarnagar,Hybrid,Tomato,11,1900,2100,1975
Uttar Pradesh,Muzaffarnagar,Muzzafarnagar,Hybrid,Tomato,11,1900,2200,2040
Uttar Pradesh,Muzaffarnagar,Muzzafarnagar,Hybrid,Tomato,11,2000,2100,2050
Uttar Pradesh,Muzaffarnagar,Muzzafarnagar,Hybrid,Tomato,11,2000,2250,2150
Uttar Pradesh,Muzaffarnagar,Muzzafarnagar,Hybrid,Tomato,11,3700,4000,3800
Uttar Pradesh,Muzaffarnagar,Muzzafarnagar,Hybrid,Tomato,11,3700,4000,3800
Uttar Pradesh,Muzaffarnagar,Muzzafarnagar,Hybrid,Tomato,11,4000,4800,4500
Uttar Pradesh,Muzaffarnagar,Muzzafarnagar,Hybrid,Tomato,11,4400,4700,4600
Uttar Pradesh,Muzaffarnagar,Muzzafarnagar,Hybrid,Tomato,11,1850,2050,1950
Uttar Pradesh,Muzaffarnagar,Muzzafarnagar,Hybrid,Tomato,11,3250,3600,3400
Uttar Pradesh,Muzaffarnagar,Muzzafarnagar,Hybrid,Tomato,12,1250,1450,1350
Uttar Pradesh,Muzaffarnagar,Muzzafarnagar,Hybrid,Tomato,12,1700,2000,1800
Uttar Pradesh,Muzaffarnagar,Muzzafarnagar,Hybrid,Tomato,12,1750,1975,1880
Uttar Pradesh,Muzaffarnagar,Muzzafarnagar,Hybrid,Tomato,12,1780,1900,1840
Uttar Pradesh,Muzaffarnagar,Muzzafarnagar,Hybrid,Tomato,12,1800,1900,1850
Uttar Pradesh,Muzaffarnagar,Muzzafarnagar,Hybrid,Tomato,12,1800,2100,2000
Uttar Pradesh,Muzaffarnagar,Muzzafarnagar,Hybrid,Tomato,12,1820,1930,1880
Uttar Pradesh,Muzaffarnagar,Muzzafarnagar,Hybrid,Tomato,12,1850,2000,1920
Uttar Pradesh,Muzaffarnagar,Muzzafarnagar,Hybrid,Tomato,12,1900,2100,2000
Uttar Pradesh,Muzaffarnagar,Muzzafarnagar,Hybrid,Tomato,12,1900,2100,2000
Uttar Pradesh,Muzaffarnagar,Muzzafarnagar,Hybrid,Tomato,12,1900,2100,2020
Uttar Pradesh,Muzaffarnagar,Muzzafarnagar,Hybrid,Tomato,12,1950,2050,2000
Uttar Pradesh,Muzaffarnagar,Muzzafarnagar,Hybrid,Tomato,12,1950,2050,2000
Uttar Pradesh,Muzaffarnagar,Muzzafarnagar,Hybrid,Tomato,12,2000,2150,2050
Uttar Pradesh,Muzaffarnagar,Muzzafarnagar,Hybrid,Tomato,12,2050,2150,2100
Uttar Pradesh,Muzaffarnagar,Muzzafarnagar,Hybrid,Tomato,12,2100,2250,2170
Uttar Pradesh,Muzaffarnagar,Muzzafarnagar,Hybrid,Tomato,12,3000,3400,3200
Uttar Pradesh,Muzaffarnagar,Muzzafarnagar,Hybrid,Tomato,12,3150,3500,3350
Uttar Pradesh,Muzaffarnagar,Muzzafarnagar,Hybrid,Tomato,12,3400,3600,3500
Uttar Pradesh,Muzaffarnagar,Muzzafarnagar,Hybrid,Tomato,12,3600,3900,3800
Uttar Pradesh,Muzaffarnagar,Muzzafarnagar,Hybrid,Tomato,12,3600,4000,3800
Uttar Pradesh,Muzaffarnagar,Muzzafarnagar,Hybrid,Tomato,12,3800,4200,4000
Uttar Pradesh,Muzaffarnagar,Muzzafarnagar,Hybrid,Tomato,12,4400,4800,4600
Uttar Pradesh,Muzaffarnagar,Muzzafarnagar,Hybrid,Tomato,12,4600,4800,4700
Uttar Pradesh,Muzaffarnagar,Muzzafarnagar,Hybrid,Tomato,12,4600,5000,4800
Uttar Pradesh,Muzaffarnagar,Muzzafarnagar,Hybrid,Tomato,12,4800,5200,5000
Uttar Pradesh,Muzaffarnagar,Muzzafarnagar,Hybrid,Tomato,12,4800,5200,5000
Uttar Pradesh,Muzaffarnagar,Muzzafarnagar,Hybrid,Tomato,13,1200,1450,1300
Uttar Pradesh,Muzaffarnagar,Muzzafarnagar,Hybrid,Tomato,13,1250,1450,1350
Uttar Pradesh,Muzaffarnagar,Muzzafarnagar,Hybrid,Tomato,13,1500,1700,1600
Uttar Pradesh,Muzaffarnagar,Muzzafarnagar,Hybrid,Tomato,13,1550,1675,1610
Uttar Pradesh,Muzaffarnagar,Muzzafarnagar,Hybrid,Tomato,13,1700,1900,1800
Uttar Pradesh,Muzaffarnagar,Muzzafarnagar,Hybrid,Tomato,13,2250,2450,2350
Uttar Pradesh,Muzaffarnagar,Muzzafarnagar,Hybrid,Tomato,13,2300,2500,2400
Uttar Pradesh,Muzaffarnagar,Muzzafarnagar,Hybrid,Tomato,13,3000,3400,3200
Uttar Pradesh,Muzaffarnagar,Muzzafarnagar,Hybrid,Tomato,13,3000,3400,3200
Uttar Pradesh,Muzaffarnagar,Muzzafarnagar,Hybrid,Tomato,13,3200,3500,3400
Uttar Pradesh,Muzaffarnagar,Muzzafarnagar,Hybrid,Tomato,13,3200,3600,3400
Uttar Pradesh,Muzaffarnagar,Muzzafarnagar,Hybrid,Tomato,13,3300,3500,3400
Uttar Pradesh,Muzaffarnagar,Muzzafarnagar,Hybrid,Tomato,13,3300,3600,3400
Uttar Pradesh,Muzaffarnagar,Muzzafarnagar,Hybrid,Tomato,13,3350,3600,3500
Uttar Pradesh,Muzaffarnagar,Muzzafarnagar,Hybrid,Tomato,13,3350,3650,3550
Uttar Pradesh,Muzaffarnagar,Muzzafarnagar,Hybrid,Tomato,13,3500,3800,3600
Uttar Pradesh,Muzaffarnagar,Muzzafarnagar,Hybrid,Tomato,13,3500,3900,3700
Uttar Pradesh,Muzaffarnagar,Muzzafarnagar,Hybrid,Tomato,13,3600,4000,3800
Uttar Pradesh,Muzaffarnagar,Muzzafarnagar,Hybrid,Tomato,13,4000,4300,4200
Uttar Pradesh,Muzaffarnagar,Muzzafarnagar,Hybrid,Tomato,13,4000,4400,4200
Uttar Pradesh,Muzaffarnagar,Muzzafarnagar,Hybrid,Tomato,13,4000,4500,4300
Uttar Pradesh,Muzaffarnagar,Muzzafarnagar,Hybrid,Tomato,13,4200,4600,4400
Uttar Pradesh,Muzaffarnagar,Muzzafarnagar,Hybrid,Tomato,13,4600,4900,4800
Uttar Pradesh,Muzaffarnagar,Muzzafarnagar,Hybrid,Tomato,13,5000,5400,5200
Uttar Pradesh,Muzaffarnagar,Muzzafarnagar,Hybrid,Tomato,13,5200,5500,5400
Uttar Pradesh,Muzaffarnagar,Muzzafarnagar,Hybrid,Tomato,13,3400,3800,3600
Uttar Pradesh,Muzaffarnagar,Muzzafarnagar,Hybrid,Tomato,14,1100,1400,1200
Uttar Pradesh,Muzaffarnagar,Muzzafarnagar,Hybrid,Tomato,14,1150,1350,1250
Uttar Pradesh,Muzaffarnagar,Muzzafarnagar,Hybrid,Tomato,14,1200,1400,1300
Uttar Pradesh,Muzaffarnagar,Muzzafarnagar,Hybrid,Tomato,14,1200,1450,1300
Uttar Pradesh,Muzaffarnagar,Muzzafarnagar,Hybrid,Tomato,14,1250,1500,1300
Uttar Pradesh,Muzaffarnagar,Muzzafarnagar,Hybrid,Tomato,14,1400,1650,1500
Uttar Pradesh,Muzaffarnagar,Muzzafarnagar,Hybrid,Tomato,14,2100,2500,2300
Uttar Pradesh,Muzaffarnagar,Muzzafarnagar,Hybrid,Tomato,14,2600,3000,2800
Uttar Pradesh,Muzaffarnagar,Muzzafarnagar,Hybrid,Tomato,14,3000,3200,3100
Uttar Pradesh,Muzaffarnagar,Muzzafarnagar,Hybrid,Tomato,14,3000,3400,3200
Uttar Pradesh,Muzaffarnagar,Muzzafarnagar,Hybrid,Tomato,14,3000,3400,3200
Uttar Pradesh,Muzaffarnagar,Muzzafarnagar,Hybrid,Tomato,14,3100,3400,3200
Uttar Pradesh,Muzaffarnagar,Muzzafarnagar,Hybrid,Tomato,14,3200,3500,3400
Uttar Pradesh,Muzaffarnagar,Muzzafarnagar,Hybrid,Tomato,14,3200,3600,3400
Uttar Pradesh,Muzaffarnagar,Muzzafarnagar,Hybrid,Tomato,14,3400,3600,3500
Uttar Pradesh,Muzaffarnagar,Muzzafarnagar,Hybrid,Tomato,14,3400,3700,3600
Uttar Pradesh,Muzaffarnagar,Muzzafarnagar,Hybrid,Tomato,14,3400,3800,3600
Uttar Pradesh,Muzaffarnagar,Muzzafarnagar,Hybrid,Tomato,14,4200,4600,4400
Uttar Pradesh,Muzaffarnagar,Muzzafarnagar,Hybrid,Tomato,14,4600,5000,4800
Uttar Pradesh,Muzaffarnagar,Muzzafarnagar,Hybrid,Tomato,14,4900,5200,5000
Uttar Pradesh,Muzaffarnagar,Muzzafarnagar,Hybrid,Tomato,15,900,1200,1000
Uttar Pradesh,Muzaffarnagar,Muzzafarnagar,Hybrid,Tomato,15,1150,1350,1250
Uttar Pradesh,Muzaffarnagar,Muzzafarnagar,Hybrid,Tomato,15,1150,1350,1250
Uttar Pradesh,Muzaffarnagar,Muzzafarnagar,Hybrid,Tomato,15,1200,1350,1250
Uttar Pradesh,Muzaffarnagar,Muzzafarnagar,Hybrid,Tomato,15,1200,1400,1300
Uttar Pradesh,Muzaffarnagar,Muzzafarnagar,Hybrid,Tomato,15,1300,1500,1400
Uttar Pradesh,Muzaffarnagar,Muzzafarnagar,Hybrid,Tomato,15,1450,1700,1500
Uttar Pradesh,Muzaffarnagar,Muzzafarnagar,Hybrid,Tomato,15,1500,1700,1600
Uttar Pradesh,Muzaffarnagar,Muzzafarnagar,Hybrid,Tomato,15,1600,1800,1700
Uttar Pradesh,Muzaffarnagar,Muzzafarnagar,Hybrid,Tomato,15,1800,2200,2000
Uttar Pradesh,Muzaffarnagar,Muzzafarnagar,Hybrid,Tomato,15,2100,2300,2200
Uttar Pradesh,Muzaffarnagar,Muzzafarnagar,Hybrid,Tomato,15,2100,2350,2250
Uttar Pradesh,Muzaffarnagar,Muzzafarnagar,Hybrid,Tomato,15,2200,2500,2300
Uttar Pradesh,Muzaffarnagar,Muzzafarnagar,Hybrid,Tomato,15,2200,2600,2400
Uttar Pradesh,Muzaffarnagar,Muzzafarnagar,Hybrid,Tomato,15,2300,2500,2400
Uttar Pradesh,Muzaffarnagar,Muzzafarnagar,Hybrid,Tomato,15,2400,2650,2500
Uttar Pradesh,Muzaffarnagar,Muzzafarnagar,Hybrid,Tomato,15,2500,2800,2600
Uttar Pradesh,Muzaffarnagar,Muzzafarnagar,Hybrid,Tomato,15,2600,2800,2700
Uttar Pradesh,Muzaffarnagar,Muzzafarnagar,Hybrid,Tomato,15,2600,3000,2800
Uttar Pradesh,Muzaffarnagar,Muzzafarnagar,Hybrid,Tomato,15,2900,3100,3000
Uttar Pradesh,Muzaffarnagar,Muzzafarnagar,Hybrid,Tomato,15,2900,3200,3000
Uttar Pradesh,Muzaffarnagar,Muzzafarnagar,Hybrid,Tomato,15,2900,3200,3000
Uttar Pradesh,Muzaffarnagar,Muzzafarnagar,Hybrid,Tomato,15,3000,3200,3100
Uttar Pradesh,Muzaffarnagar,Muzzafarnagar,Hybrid,Tomato,15,3000,3300,3200
Uttar Pradesh,Muzaffarnagar,Muzzafarnagar,Hybrid,Tomato,15,3000,3300,3200
Uttar Pradesh,Muzaffarnagar,Muzzafarnagar,Hybrid,Tomato,15,3000,3400,3200
Uttar Pradesh,Muzaffarnagar,Muzzafarnagar,Hybrid,Tomato,15,3000,3400,3200
Uttar Pradesh,Muzaffarnagar,Muzzafarnagar,Hybrid,Tomato,15,3000,3400,3200
Uttar Pradesh,Muzaffarnagar,Muzzafarnagar,Hybrid,Tomato,15,3000,3400,3200
Uttar Pradesh,Muzaffarnagar,Muzzafarnagar,Hybrid,Tomato,15,3000,3400,3200
Uttar Pradesh,Muzaffarnagar,Muzzafarnagar,Hybrid,Tomato,15,3150,3400,3250
Uttar Pradesh,Muzaffarnagar,Muzzafarnagar,Hybrid,Tomato,15,3200,3400,3300
Uttar Pradesh,Muzaffarnagar,Muzzafarnagar,Hybrid,Tomato,15,3200,3500,3400
Uttar Pradesh,Muzaffarnagar,Muzzafarnagar,Hybrid,Tomato,15,3200,3500,3400
Uttar Pradesh,Muzaffarnagar,Muzzafarnagar,Hybrid,Tomato,15,3200,3500,3400
Uttar Pradesh,Muzaffarnagar,Muzzafarnagar,Hybrid,Tomato,15,3200,3600,3400
Uttar Pradesh,Muzaffarnagar,Muzzafarnagar,Hybrid,Tomato,15,3200,3600,3400
Uttar Pradesh,Muzaffarnagar,Muzzafarnagar,Hybrid,Tomato,15,3200,3600,3400
Uttar Pradesh,Muzaffarnagar,Muzzafarnagar,Hybrid,Tomato,15,3200,3600,3400
Uttar Pradesh,Muzaffarnagar,Muzzafarnagar,Hybrid,Tomato,15,3200,3600,3400
Uttar Pradesh,Muzaffarnagar,Muzzafarnagar,Hybrid,Tomato,15,3400,3600,3500
Uttar Pradesh,Muzaffarnagar,Muzzafarnagar,Hybrid,Tomato,15,3400,3600,3500
Uttar Pradesh,Muzaffarnagar,Muzzafarnagar,Hybrid,Tomato,15,3400,3600,3500
Uttar Pradesh,Muzaffarnagar,Muzzafarnagar,Hybrid,Tomato,15,3400,3700,3600
Uttar Pradesh,Muzaffarnagar,Muzzafarnagar,Hybrid,Tomato,15,3400,3700,3600
Uttar Pradesh,Muzaffarnagar,Muzzafarnagar,Hybrid,Tomato,15,3400,3800,3600
Uttar Pradesh,Muzaffarnagar,Muzzafarnagar,Hybrid,Tomato,15,3500,3750,3600
Uttar Pradesh,Muzaffarnagar,Muzzafarnagar,Hybrid,Tomato,15,4600,5000,4800
Uttar Pradesh,Muzaffarnagar,Muzzafarnagar,Hybrid,Tomato,15,4800,5200,5000
Uttar Pradesh,Muzaffarnagar,Muzzafarnagar,Hybrid,Tomato,15,1250,1450,1350
Uttar Pradesh,Muzaffarnagar,Muzzafarnagar,Hybrid,Tomato,15,2400,2600,2500
Uttar Pradesh,Muzaffarnagar,Muzzafarnagar,Hybrid,Tomato,15,3200,3600,3400
Uttar Pradesh,Muzaffarnagar,Muzzafarnagar,Hybrid,Tomato,16,1600,1900,1800
Uttar Pradesh,Muzaffarnagar,Muzzafarnagar,Hybrid,Tomato,16,1800,1900,1850
Uttar Pradesh,Muzaffarnagar,Muzzafarnagar,Hybrid,Tomato,16,1850,1970,1900
Uttar Pradesh,Muzaffarnagar,Muzzafarnagar,Hybrid,Tomato,16,2100,2400,2300
Uttar Pradesh,Muzaffarnagar,Muzzafarnagar,Hybrid,Tomato,16,2400,2700,2600
Uttar Pradesh,Muzaffarnagar,Muzzafarnagar,Hybrid,Tomato,16,3000,3400,3200
Uttar Pradesh,Muzaffarnagar,Muzzafarnagar,Hybrid,Tomato,16,3200,3550,3400
Uttar Pradesh,Muzaffarnagar,Muzzafarnagar,Hybrid,Tomato,16,1300,1450,1350
Uttar Pradesh,Muzaffarnagar,Muzzafarnagar,Hybrid,Tomato,16,3800,4000,3900
Uttar Pradesh,Muzaffarnagar,Muzzafarnagar,Hybrid,Tomato,17,1700,1900,1800
Uttar Pradesh,Muzaffarnagar,Muzzafarnagar,Hybrid,Tomato,17,2500,2700,2600
Uttar Pradesh,Muzaffarnagar,Muzzafarnagar,Hybrid,Tomato,18,2200,2400,2300
Uttar Pradesh,Muzaffarnagar,Muzzafarnagar,Hybrid,Tomato,20,1200,1350,1280
Uttar Pradesh,Muzaffarnagar,Muzzafarnagar,Hybrid,Tomato,20,1250,1450,1350
Uttar Pradesh,Muzaffarnagar,Muzzafarnagar,Hybrid,Tomato,20,2300,2450,2350
Uttar Pradesh,Muzaffarnagar,Muzzafarnagar,Hybrid,Tomato,20,2300,2600,2400
Uttar Pradesh,Muzaffarnagar,Muzzafarnagar,Hybrid,Tomato,20,2300,2600,2400
Uttar Pradesh,Muzaffarnagar,Muzzafarnagar,Hybrid,Tomato,20,2350,2550,2450
Uttar Pradesh,Muzaffarnagar,Muzzafarnagar,Hybrid,Tomato,20,2400,2600,2500
Uttar Pradesh,Muzaffarnagar,Muzzafarnagar,Hybrid,Tomato,20,2400,2700,2600
Uttar Pradesh,Muzaffarnagar,Muzzafarnagar,Hybrid,Tomato,20,2400,2700,2600
Uttar Pradesh,Muzaffarnagar,Muzzafarnagar,Hybrid,Tomato,20,2500,2700,2600
Uttar Pradesh,Muzaffarnagar,Muzzafarnagar,Hybrid,Tomato,20,2500,2750,2600
Uttar Pradesh,Muzaffarnagar,Muzzafarnagar,Hybrid,Tomato,20,2600,2800,2700
Uttar Pradesh,Muzaffarnagar,Muzzafarnagar,Hybrid,Tomato,25,1600,1900,1710
Uttar Pradesh,Muzaffarnagar,Muzzafarnagar,Hybrid,Tomato,25,2300,2500,2400
Uttar Pradesh,Muzaffarnagar,Muzzafarnagar,Hybrid,Tomato,25,2900,3100,3000
Uttar Pradesh,Muzaffarnagar,Muzzafarnagar,Hybrid,Tomato,25,3000,3300,3200
Uttar Pradesh,Muzaffarnagar,Muzzafarnagar,Hybrid,Tomato,25,3200,3600,3400
Uttar Pradesh,Muzaffarnagar,Muzzafarnagar,Hybrid,Tomato,27,2600,3000,2800
Uttar Pradesh,Muzaffarnagar,Muzzafarnagar,Hybrid,Tomato,30,2400,2700,2600
Uttar Pradesh,Muzaffarnagar,Muzzafarnagar,Hybrid,Tomato,30,2400,2800,2600
Uttar Pradesh,Muzaffarnagar,Muzzafarnagar,Hybrid,Tomato,30,2600,2900,2800
Uttar Pradesh,Muzaffarnagar,Muzzafarnagar,Hybrid,Tomato,30,2800,3100,3000
Uttar Pradesh,Muzaffarnagar,Muzzafarnagar,Hybrid,Tomato,30,2850,3100,3000
Uttar Pradesh,Muzaffarnagar,Muzzafarnagar,Hybrid,Tomato,30,3000,3400,3200
Uttar Pradesh,Muzaffarnagar,Muzzafarnagar,Hybrid,Tomato,60,2400,2600,2500
Uttar Pradesh,Muzaffarnagar,Muzzafarnagar,Hybrid,Tomato,90,4200,4500,4300
Uttar Pradesh,Muzaffarnagar,Shahpur,Deshi,Tomato,0,1230,1255,1245
Uttar Pradesh,Muzaffarnagar,Shahpur,Deshi,Tomato,2,1020,1055,1050
Uttar Pradesh,Muzaffarnagar,Shahpur,Deshi,Tomato,2,1240,1280,1255
Uttar Pradesh,Muzaffarnagar,Shahpur,Deshi,Tomato,3,1230,1275,1255
Uttar Pradesh,Muzaffarnagar,Shahpur,Deshi,Tomato,4,1240,1265,1255
Uttar Pradesh,Muzaffarnagar,Shahpur,Deshi,Tomato,4,1450,1510,1485
Uttar Pradesh,Muzaffarnagar,Shahpur,Deshi,Tomato,5,1540,1590,1565
Uttar Pradesh,Muzaffarnagar,Shahpur,Deshi,Tomato,5,1340,1400,1360
Uttar Pradesh,Muzaffarnagar,Shahpur,Deshi,Tomato,8,1345,1395,1370
Uttar Pradesh,Muzaffarnagar,Shahpur,Hybrid,Tomato,0,1455,1520,1480
Uttar Pradesh,Muzaffarnagar,Shahpur,Hybrid,Tomato,0,1230,1255,1244
Uttar Pradesh,Muzaffarnagar,Shahpur,Hybrid,Tomato,1,1540,1580,1550
Uttar Pradesh,Muzaffarnagar,Shahpur,Hybrid,Tomato,1,760,825,800
Uttar Pradesh,Muzaffarnagar,Shahpur,Hybrid,Tomato,1,1150,1210,1180
Uttar Pradesh,Muzaffarnagar,Shahpur,Hybrid,Tomato,1,1320,1355,1340
Uttar Pradesh,Muzaffarnagar,Shahpur,Hybrid,Tomato,1,1700,1755,1735
Uttar Pradesh,Muzaffarnagar,Shahpur,Hybrid,Tomato,1,1420,1478,1455
Uttar Pradesh,Muzaffarnagar,Shahpur,Hybrid,Tomato,1,1150,1220,1180
Uttar Pradesh,Muzaffarnagar,Shahpur,Hybrid,Tomato,1,1410,1460,1450
Uttar Pradesh,Muzaffarnagar,Shahpur,Hybrid,Tomato,1,1310,1350,1340
Uttar Pradesh,Muzaffarnagar,Shahpur,Hybrid,Tomato,2,1040,1120,1085
Uttar Pradesh,Muzaffarnagar,Shahpur,Hybrid,Tomato,2,1540,1600,1580
Uttar Pradesh,Muzaffarnagar,Shahpur,Hybrid,Tomato,2,1320,1375,1350
Uttar Pradesh,Muzaffarnagar,Shahpur,Hybrid,Tomato,2,1620,1700,1655
Uttar Pradesh,Muzaffarnagar,Shahpur,Hybrid,Tomato,2,1140,1190,1155
Uttar Pradesh,Muzaffarnagar,Shahpur,Hybrid,Tomato,2,1650,1685,1670
Uttar Pradesh,Muzaffarnagar,Shahpur,Hybrid,Tomato,3,1380,1455,1420
Uttar Pradesh,Muzaffarnagar,Shahpur,Hybrid,Tomato,4,1020,1075,1055
Uttar Pradesh,Muzaffarnagar,Shahpur,Hybrid,Tomato,4,845,870,865
Uttar Pradesh,Muzaffarnagar,Shahpur,Hybrid,Tomato,4,1050,1120,1080
Uttar Pradesh,Muzaffarnagar,Shahpur,Hybrid,Tomato,5,1240,1280,1255
Uttar Pradesh,Muzaffarnagar,Shahpur,Hybrid,Tomato,8,1420,1485,1450
Uttar Pradesh,Muzaffarnagar,Shahpur,Hybrid,Tomato,8,1455,1515,1480
Uttar Pradesh,Meerut,Mawana,Dara,Wheat,70,2380,2425,2400
Uttar Pradesh,Meerut,Mawana,Dara,Wheat,1800,2380,2420,2400
Uttar Pradesh,Meerut,Mawana,Dara,Wheat,2000,2380,2425,2400
Uttar Pradesh,Meerut,Mawana,Dara,Wheat,2000,2500,2620,2580
Uttar Pradesh,Meerut,Mawana,Dara,Wheat,2200,2430,2470,2450
Uttar Pradesh,Meerut,Meerut,Dara,Wheat,15,2880,2960,2920
Uttar Pradesh,Meerut,Meerut,Dara,Wheat,15,2910,2990,2950
Uttar Pradesh,Meerut,Meerut,Dara,Wheat,19,2920,3000,2960
Uttar Pradesh,Meerut,Meerut,Dara,Wheat,20,2600,2800,2700
Uttar Pradesh,Meerut,Meerut,Dara,Wheat,20,2800,2900,2850
Uttar Pradesh,Meerut,Meerut,Dara,Wheat,20,2870,2940,2910
Uttar Pradesh,Meerut,Meerut,Dara,Wheat,20,2900,2960,2930
Uttar Pradesh,Meerut,Meerut,Dara,Wheat,20,2920,2980,2955
Uttar Pradesh,Meerut,Meerut,Dara,Wheat,20,2930,3010,2970
Uttar Pradesh,Meerut,Meerut,Dara,Wheat,22,2900,2980,2940
Uttar Pradesh,Meerut,Meerut,Dara,Wheat,25,2800,2900,2850
Uttar Pradesh,Meerut,Meerut,Dara,Wheat,25,2870,2950,2910
Uttar Pradesh,Meerut,Meerut,Dara,Wheat,25,2900,2950,2925
Uttar Pradesh,Meerut,Meerut,Dara,Wheat,25,2920,3020,2980
Uttar Pradesh,Meerut,Meerut,Dara,Wheat,25,2930,3000,2960
Uttar Pradesh,Meerut,Meerut,Dara,Wheat,27,2450,2470,2460
Uttar Pradesh,Meerut,Meerut,Dara,Wheat,30,2900,2960,2930
Uttar Pradesh,Meerut,Meerut,Dara,Wheat,30,2900,2960,2930
Uttar Pradesh,Meerut,Meerut,Dara,Wheat,30,2910,2970,2940
Uttar Pradesh,Meerut,Meerut,Dara,Wheat,30,2910,2990,2950
Uttar Pradesh,Meerut,Meerut,Dara,Wheat,30,2930,3010,2970
Uttar Pradesh,Meerut,Meerut,Dara,Wheat,40,2790,2830,2810
Uttar Pradesh,Meerut,Meerut,Dara,Wheat,40,2860,2920,2890
Uttar Pradesh,Meerut,Meerut,Dara,Wheat,40,2870,2920,2895
Uttar Pradesh,Meerut,Meerut,Dara,Wheat,40,2900,2940,2920
Uttar Pradesh,Meerut,Meerut,Dara,Wheat,42,2800,2840,2820
Uttar Pradesh,Meerut,Meerut,Dara,Wheat,42,2800,2900,2850
Uttar Pradesh,Meerut,Meerut,Dara,Wheat,42,2860,2940,2900
Uttar Pradesh,Meerut,Meerut,Dara,Wheat,42,2940,3010,2980
Uttar Pradesh,Meerut,Meerut,Dara,Wheat,45,2780,2820,2800
Uttar Pradesh,Meerut,Meerut,Dara,Wheat,45,2790,2830,2810
Uttar Pradesh,Meerut,Meerut,Dara,Wheat,45,2800,2840,2820
Uttar Pradesh,Meerut,Meerut,Dara,Wheat,45,2830,2870,2850
Uttar Pradesh,Meerut,Meerut,Dara,Wheat,45,2880,2940,2910
Uttar Pradesh,Meerut,Meerut,Dara,Wheat,50,2470,2510,2490
Uttar Pradesh,Meerut,Meerut,Dara,Wheat,50,2780,2820,2800
Uttar Pradesh,Meerut,Meerut,Dara,Wheat,50,2800,2830,2815
Uttar Pradesh,Meerut,Meerut,Dara,Wheat,50,2820,2860,2840
Uttar Pradesh,Meerut,Meerut,Dara,Wheat,50,2840,2880,2860
Uttar Pradesh,Meerut,Meerut,Dara,Wheat,50,2860,2900,2880
Uttar Pradesh,Meerut,Meerut,Dara,Wheat,50,2860,2900,2880
Uttar Pradesh,Meerut,Meerut,Dara,Wheat,50,2870,2910,2890
Uttar Pradesh,Meerut,Meerut,Dara,Wheat,50,2880,2920,2900
Uttar Pradesh,Meerut,Meerut,Dara,Wheat,50,2880,2960,2920
Uttar Pradesh,Meerut,Meerut,Dara,Wheat,50,2920,3000,2960
Uttar Pradesh,Meerut,Meerut,Dara,Wheat,53,2790,2930,2810
Uttar Pradesh,Meerut,Meerut,Dara,Wheat,55,2790,2830,2810
Uttar Pradesh,Meerut,Meerut,Dara,Wheat,55,2860,2920,2890
Uttar Pradesh,Meerut,Meerut,Dara,Wheat,56,2780,2840,2810
Uttar Pradesh,Meerut,Meerut,Dara,Wheat,56,2870,2920,2895
Uttar Pradesh,Meerut,Meerut,Dara,Wheat,60,2500,2650,2550
Uttar Pradesh,Meerut,Meerut,Dara,Wheat,18,2700,2950,2870
Uttar Pradesh,Meerut,Meerut,Dara,Wheat,60,2780,2820,2800
Uttar Pradesh,Meerut,Meerut,Dara,Wheat,60,2800,2840,2820
Uttar Pradesh,Meerut,Meerut,Dara,Wheat,60,2820,2860,2840
Uttar Pradesh,Meerut,Meerut,Dara,Wheat,60,2830,2870,2850
Uttar Pradesh,Meerut,Meerut,Dara,Wheat,60,2850,2890,2870
Uttar Pradesh,Meerut,Meerut,Dara,Wheat,60,2850,2890,2870
Uttar Pradesh,Meerut,Meerut,Dara,Wheat,60,2850,2910,2880
Uttar Pradesh,Meerut,Meerut,Dara,Wheat,60,2870,2910,2890
Uttar Pradesh,Meerut,Meerut,Dara,Wheat,60,2880,2920,2900
Uttar Pradesh,Meerut,Meerut,Dara,Wheat,60,2880,2920,2900
Uttar Pradesh,Meerut,Meerut,Dara,Wheat,60,2930,2990,2960
Uttar Pradesh,Meerut,Meerut,Dara,Wheat,64,2910,2970,2940
Uttar Pradesh,Meerut,Meerut,Dara,Wheat,65,2810,2850,2830
Uttar Pradesh,Meerut,Meerut,Dara,Wheat,65,2840,2880,2860
Uttar Pradesh,Meerut,Meerut,Dara,Wheat,65,2880,2940,2910
Uttar Pradesh,Meerut,Meerut,Dara,Wheat,70,2700,2740,2720
Uttar Pradesh,Meerut,Meerut,Dara,Wheat,70,2790,2830,2810
Uttar Pradesh,Meerut,Meerut,Dara,Wheat,70,2870,2910,2890
Uttar Pradesh,Meerut,Meerut,Dara,Wheat,72,2780,2820,2800
Uttar Pradesh,Meerut,Meerut,Dara,Wheat,75,2680,2720,2705
Uttar Pradesh,Meerut,Meerut,Dara,Wheat,75,2780,2820,2800
Uttar Pradesh,Meerut,Meerut,Dara,Wheat,75,2870,2930,2900
Uttar Pradesh,Meerut,Meerut,Dara,Wheat,80,2670,2710,2690
Uttar Pradesh,Meerut,Meerut,Dara,Wheat,80,2700,2760,2725
Uttar Pradesh,Meerut,Meerut,Dara,Wheat,80,2700,2760,2735
Uttar Pradesh,Meerut,Meerut,Dara,Wheat,90,2690,2740,2710
Uttar Pradesh,Meerut,Meerut,Dara,Wheat,90,2700,2760,2730
Uttar Pradesh,Meerut,Meerut,Dara,Wheat,90,2800,2840,2825
Uttar Pradesh,Meerut,Meerut,Dara,Wheat,100,2660,2700,2680
Uttar Pradesh,Meerut,Meerut,Dara,Wheat,100,2700,2740,2720
Uttar Pradesh,Meerut,Meerut,Dara,Wheat,105,2300,2350,2350
Uttar Pradesh,Meerut,Meerut,Dara,Wheat,110,2320,2350,2350
Uttar Pradesh,Meerut,Meerut,Dara,Wheat,110,2460,2490,2475
Uttar Pradesh,Meerut,Meerut,Dara,Wheat,110,2690,2730,2710
Uttar Pradesh,Meerut,Meerut,Dara,Wheat,110,2700,2760,2730
Uttar Pradesh,Meerut,Meerut,Dara,Wheat,115,2740,2800,2770
Uttar Pradesh,Meerut,Meerut,Dara,Wheat,116,2700,2740,2720
Uttar Pradesh,Meerut,Meerut,Dara,Wheat,117,2500,2560,2530
Uttar Pradesh,Meerut,Meerut,Dara,Wheat,120,2405,2420,2415
Uttar Pradesh,Meerut,Meerut,Dara,Wheat,120,2460,2490,2475
Uttar Pradesh,Meerut,Meerut,Dara,Wheat,120,2700,2730,2715
Uttar Pradesh,Meerut,Meerut,Dara,Wheat,120,2730,2770,2750
Uttar Pradesh,Meerut,Meerut,Dara,Wheat,125,2700,2780,2740
Uttar Pradesh,Meerut,Meerut,Dara,Wheat,126,2930,2970,2950
Uttar Pradesh,Meerut,Meerut,Dara,Wheat,130,2630,2670,2650
Uttar Pradesh,Meerut,Meerut,Dara,Wheat,138,2550,2575,2575
Uttar Pradesh,Meerut,Meerut,Dara,Wheat,140,2500,2580,2545
Uttar Pradesh,Meerut,Meerut,Dara,Wheat,140,2600,2640,2625
Uttar Pradesh,Meerut,Meerut,Dara,Wheat,145,2535,2565,2550
Uttar Pradesh,Meerut,Meerut,Dara,Wheat,150,2440,2470,2460
Uttar Pradesh,Meerut,Meerut,Dara,Wheat,150,2490,2530,2510
Uttar Pradesh,Meerut,Meerut,Dara,Wheat,150,2500,2515,2510
Uttar Pradesh,Meerut,Meerut,Dara,Wheat,150,2520,2560,2540
Uttar Pradesh,Meerut,Meerut,Dara,Wheat,150,2570,2610,2590
Uttar Pradesh,Meerut,Meerut,Dara,Wheat,150,2600,2640,2620
Uttar Pradesh,Meerut,Meerut,Dara,Wheat,150,2600,2640,2620
Uttar Pradesh,Meerut,Meerut,Dara,Wheat,150,2780,2840,2810
Uttar Pradesh,Meerut,Meerut,Dara,Wheat,150,2800,2840,2820
Uttar Pradesh,Meerut,Meerut,Dara,Wheat,150,2800,2860,2830
Uttar Pradesh,Meerut,Meerut,Dara,Wheat,150,2800,2870,2850
Uttar Pradesh,Meerut,Meerut,Dara,Wheat,152,2800,2840,2820
Uttar Pradesh,Meerut,Meerut,Dara,Wheat,154,2490,2510,2500
Uttar Pradesh,Meerut,Meerut,Dara,Wheat,155,2490,2510,2500
Uttar Pradesh,Meerut,Meerut,Dara,Wheat,155,2490,2560,2525
Uttar Pradesh,Meerut,Meerut,Dara,Wheat,155,2780,2840,2810
Uttar Pradesh,Meerut,Meerut,Dara,Wheat,155,2800,2840,2825
Uttar Pradesh,Meerut,Meerut,Dara,Wheat,160,2420,2440,2430
Uttar Pradesh,Meerut,Meerut,Dara,Wheat,160,2560,2575,2575
Uttar Pradesh,Meerut,Meerut,Dara,Wheat,160,2580,2620,2600
Uttar Pradesh,Meerut,Meerut,Dara,Wheat,160,2770,2810,2790
Uttar Pradesh,Meerut,Meerut,Dara,Wheat,160,2820,2860,2840
Uttar Pradesh,Meerut,Meerut,Dara,Wheat,165,2780,2820,2800
Uttar Pradesh,Meerut,Meerut,Dara,Wheat,170,2560,2600,2580
Uttar Pradesh,Meerut,Meerut,Dara,Wheat,170,2565,2585,2585
Uttar Pradesh,Meerut,Meerut,Dara,Wheat,170,2780,2820,2800
Uttar Pradesh,Meerut,Meerut,Dara,Wheat,170,2800,2840,2820
Uttar Pradesh,Meerut,Meerut,Dara,Wheat,175,2400,2430,2420
Uttar Pradesh,Meerut,Meerut,Dara,Wheat,180,2370,2420,2400
Uttar Pradesh,Meerut,Meerut,Dara,Wheat,180,2380,2410,2395
Uttar Pradesh,Meerut,Meerut,Dara,Wheat,180,2400,2415,2410
Uttar Pradesh,Meerut,Meerut,Dara,Wheat,180,2450,2485,2485
Uttar Pradesh,Meerut,Meerut,Dara,Wheat,180,2530,2590,2560
Uttar Pradesh,Meerut,Meerut,Dara,Wheat,185,2300,2320,2310
Uttar Pradesh,Meerut,Meerut,Dara,Wheat,185,2390,2420,2405
Uttar Pradesh,Meerut,Meerut,Dara,Wheat,185,2545,2570,2570
Uttar Pradesh,Meerut,Meerut,Dara,Wheat,185,2780,2840,2810
Uttar Pradesh,Meerut,Meerut,Dara,Wheat,187,2370,2390,2380
Uttar Pradesh,Meerut,Meerut,Dara,Wheat,187,2521,2565,2565
Uttar Pradesh,Meerut,Meerut,Dara,Wheat,190,2290,2310,2300
Uttar Pradesh,Meerut,Meerut,Dara,Wheat,190,2370,2420,2400
Uttar Pradesh,Meerut,Meerut,Dara,Wheat,190,2530,2590,2560
Uttar Pradesh,Meerut,Meerut,Dara,Wheat,190,2590,2630,2610
Uttar Pradesh,Meerut,Meerut,Dara,Wheat,194,2570,2590,2590
Uttar Pradesh,Meerut,Meerut,Dara,Wheat,195,2501,2550,2550
Uttar Pradesh,Meerut,Meerut,Dara,Wheat,195,2550,2575,2575
Uttar Pradesh,Meerut,Meerut,Dara,Wheat,195,2560,2585,2585
Uttar Pradesh,Meerut,Meerut,Dara,Wheat,200,2100,2130,2115
Uttar Pradesh,Meerut,Meerut,Dara,Wheat,200,2285,2320,2300
Uttar Pradesh,Meerut,Meerut,Dara,Wheat,200,2315,2345,2335
Uttar Pradesh,Meerut,Meerut,Dara,Wheat,200,2320,2360,2340
Uttar Pradesh,Meerut,Meerut,Dara,Wheat,200,2400,2430,2420
Uttar Pradesh,Meerut,Meerut,Dara,Wheat,200,2530,2555,2545
Uttar Pradesh,Meerut,Meerut,Dara,Wheat,200,2530,2570,2550
Uttar Pradesh,Meerut,Meerut,Dara,Wheat,200,2560,2600,2580
Uttar Pradesh,Meerut,Meerut,Dara,Wheat,200,2580,2620,2600
Uttar Pradesh,Meerut,Meerut,Dara,Wheat,201,2440,2485,2460
Uttar Pradesh,Meerut,Meerut,Dara,Wheat,203,2290,2310,2305
Uttar Pradesh,Meerut,Meerut,Dara,Wheat,205,2430,2460,2450
Uttar Pradesh,Meerut,Meerut,Dara,Wheat,205,2460,2500,2480
Uttar Pradesh,Meerut,Meerut,Dara,Wheat,205,2480,2550,2515
Uttar Pradesh,Meerut,Meerut,Dara,Wheat,205,2570,2590,2590
Uttar Pradesh,Meerut,Meerut,Dara,Wheat,206,2410,2440,2425
Uttar Pradesh,Meerut,Meerut,Dara,Wheat,210,2310,2335,2325
Uttar Pradesh,Meerut,Meerut,Dara,Wheat,210,2560,2600,2580
Uttar Pradesh,Meerut,Meerut,Dara,Wheat,210,2560,2600,2580
Uttar Pradesh,Meerut,Meerut,Dara,Wheat,214,2410,2440,2430
Uttar Pradesh,Meerut,Meerut,Dara,Wheat,215,2545,2570,2570
Uttar Pradesh,Meerut,Meerut,Dara,Wheat,215,2570,2700,2585
Uttar Pradesh,Meerut,Meerut,Dara,Wheat,216,2520,2555,2540
Uttar Pradesh,Meerut,Meerut,Dara,Wheat,217,2500,2550,2525
Uttar Pradesh,Meerut,Meerut,Dara,Wheat,220,2330,2360,2350
Uttar Pradesh,Meerut,Meerut,Dara,Wheat,220,2480,2520,2500
Uttar Pradesh,Meerut,Meerut,Dara,Wheat,220,2520,2560,2540
Uttar Pradesh,Meerut,Meerut,Dara,Wheat,222,2300,2330,2320
Uttar Pradesh,Meerut,Meerut,Dara,Wheat,225,2440,2485,2485
Uttar Pradesh,Meerut,Meerut,Dara,Wheat,227,2520,2540,2530
Uttar Pradesh,Meerut,Meerut,Dara,Wheat,230,2550,2590,2570
Uttar Pradesh,Meerut,Meerut,Dara,Wheat,230,2550,2590,2570
Uttar Pradesh,Meerut,Meerut,Dara,Wheat,234,2510,2535,2525
Uttar Pradesh,Meerut,Meerut,Dara,Wheat,235,2550,2590,2570
Uttar Pradesh,Meerut,Meerut,Dara,Wheat,235,2570,2610,2590
Uttar Pradesh,Meerut,Meerut,Dara,Wheat,235,2570,2610,2590
Uttar Pradesh,Meerut,Meerut,Dara,Wheat,237,2500,2540,2520
Uttar Pradesh,Meerut,Meerut,Dara,Wheat,240,2450,2480,2460
Uttar Pradesh,Meerut,Meerut,Dara,Wheat,240,2480,2525,2510
Uttar Pradesh,Meerut,Meerut,Dara,Wheat,240,2520,2560,2540
Uttar Pradesh,Meerut,Meerut,Dara,Wheat,240,2550,2590,2570
Uttar Pradesh,Meerut,Meerut,Dara,Wheat,240,2550,2590,2570
Uttar Pradesh,Meerut,Meerut,Dara,Wheat,240,2560,2600,2580
Uttar Pradesh,Meerut,Meerut,Dara,Wheat,240,2570,2610,2590
Uttar Pradesh,Meerut,Meerut,Dara,Wheat,240,2570,2610,2590
Uttar Pradesh,Meerut,Meerut,Dara,Wheat,240,2570,2620,2590
Uttar Pradesh,Meerut,Meerut,Dara,Wheat,245,2560,2600,2580
Uttar Pradesh,Meerut,Meerut,Dara,Wheat,246,2290,2320,2300
Uttar Pradesh,Meerut,Meerut,Dara,Wheat,250,2280,2330,2300
Uttar Pradesh,Meerut,Meerut,Dara,Wheat,250,2380,2420,2400
Uttar Pradesh,Meerut,Meerut,Dara,Wheat,250,2430,2480,2460
Uttar Pradesh,Meerut,Meerut,Dara,Wheat,250,2440,2480,2460
Uttar Pradesh,Meerut,Meerut,Dara,Wheat,250,2470,2505,2490
Uttar Pradesh,Meerut,Meerut,Dara,Wheat,250,2470,2525,2500
Uttar Pradesh,Meerut,Meerut,Dara,Wheat,250,2500,2530,2520
Uttar Pradesh,Meerut,Meerut,Dara,Wheat,250,2540,2580,2560
Uttar Pradesh,Meerut,Meerut,Dara,Wheat,250,2550,2590,2570
Uttar Pradesh,Meerut,Meerut,Dara,Wheat,250,2560,2600,2580
Uttar Pradesh,Meerut,Meerut,Dara,Wheat,255,2300,2320,2315
Uttar Pradesh,Meerut,Meerut,Dara,Wheat,255,2550,2575,2575
Uttar Pradesh,Meerut,Meerut,Dara,Wheat,256,2395,2415,2405
Uttar Pradesh,Meerut,Meerut,Dara,Wheat,260,2400,2425,2415
Uttar Pradesh,Meerut,Meerut,Dara,Wheat,260,2500,2525,2515
Uttar Pradesh,Meerut,Meerut,Dara,Wheat,260,2500,2650,2540
Uttar Pradesh,Meerut,Meerut,Dara,Wheat,260,2545,2570,2570
Uttar Pradesh,Meerut,Meerut,Dara,Wheat,265,2360,2400,2380
Uttar Pradesh,Meerut,Meerut,Dara,Wheat,265,2430,2465,2450
Uttar Pradesh,Meerut,Meerut,Dara,Wheat,266,2400,2430,2420
Uttar Pradesh,Meerut,Meerut,Dara,Wheat,269,2440,2490,2470
Uttar Pradesh,Meerut,Meerut,Dara,Wheat,269,2450,2500,2470
Uttar Pradesh,Meerut,Meerut,Dara,Wheat,270,2290,2310,2300
Uttar Pradesh,Meerut,Meerut,Dara,Wheat,270,2450,2600,2540
Uttar Pradesh,Meerut,Meerut,Dara,Wheat,270,2460,2490,2480
Uttar Pradesh,Meerut,Meerut,Dara,Wheat,270,2480,2515,2500
Uttar Pradesh,Meerut,Meerut,Dara,Wheat,270,2480,2520,2500
Uttar Pradesh,Meerut,Meerut,Dara,Wheat,270,2560,2580,2580
Uttar Pradesh,Meerut,Meerut,Dara,Wheat,276,2440,2465,2455
Uttar Pradesh,Meerut,Meerut,Dara,Wheat,280,2420,2440,2430
Uttar Pradesh,Meerut,Meerut,Dara,Wheat,280,2460,2500,2480
Uttar Pradesh,Meerut,Meerut,Dara,Wheat,280,2480,2530,2510
Uttar Pradesh,Meerut,Meerut,Dara,Wheat,280,2490,2520,2505
Uttar Pradesh,Meerut,Meerut,Dara,Wheat,283,2460,2500,2485
Uttar Pradesh,Meerut,Meerut,Dara,Wheat,285,2290,2310,2295
Uttar Pradesh,Meerut,Meerut,Dara,Wheat,285,2320,2350,2340
Uttar Pradesh,Meerut,Meerut,Dara,Wheat,290,2415,2440,2430
Uttar Pradesh,Meerut,Meerut,Dara,Wheat,290,2440,2470,2460
Uttar Pradesh,Meerut,Meerut,Dara,Wheat,290,2450,2470,2460
Uttar Pradesh,Meerut,Meerut,Dara,Wheat,293,2480,2530,2500
Uttar Pradesh,Meerut,Meerut,Dara,Wheat,295,2560,2580,2580
Uttar Pradesh,Meerut,Meerut,Dara,Wheat,297,2415,2430,2425
Uttar Pradesh,Meerut,Meerut,Dara,Wheat,300,2275,2290,2280
Uttar Pradesh,Meerut,Meerut,Dara,Wheat,300,2300,2320,2310
Uttar Pradesh,Meerut,Meerut,Dara,Wheat,300,2300,2340,2315
Uttar Pradesh,Meerut,Meerut,Dara,Wheat,300,2400,2425,2410
Uttar Pradesh,Meerut,Meerut,Dara,Wheat,300,2450,2480,2470
Uttar Pradesh,Meerut,Meerut,Dara,Wheat,300,2450,2485,2470
Uttar Pradesh,Meerut,Meerut,Dara,Wheat,300,2460,2490,2480
Uttar Pradesh,Meerut,Meerut,Dara,Wheat,300,2460,2500,2480
Uttar Pradesh,Meerut,Meerut,Dara,Wheat,300,2460,2500,2480
Uttar Pradesh,Meerut,Meerut,Dara,Wheat,300,2470,2500,2480
Uttar Pradesh,Meerut,Meerut,Dara,Wheat,300,2480,2530,2500
Uttar Pradesh,Meerut,Meerut,Dara,Wheat,303,2320,2345,2340
Uttar Pradesh,Meerut,Meerut,Dara,Wheat,305,2460,2500,2485
Uttar Pradesh,Meerut,Meerut,Dara,Wheat,310,2310,2330,2325
Uttar Pradesh,Meerut,Meerut,Dara,Wheat,310,2455,2480,2470
Uttar Pradesh,Meerut,Meerut,Dara,Wheat,310,2470,2510,2490
Uttar Pradesh,Meerut,Meerut,Dara,Wheat,310,2550,2575,2575
Uttar Pradesh,Meerut,Meerut,Dara,Wheat,320,2420,2435,2425
Uttar Pradesh,Meerut,Meerut,Dara,Wheat,320,2430,2500,2455
Uttar Pradesh,Meerut,Meerut,Dara,Wheat,320,2450,2485,2470
Uttar Pradesh,Meerut,Meerut,Dara,Wheat,320,2460,2500,2480
Uttar Pradesh,Meerut,Meerut,Dara,Wheat,325,2440,2465,2455
Uttar Pradesh,Meerut,Meerut,Dara,Wheat,330,2430,2475,2450
Uttar Pradesh,Meerut,Meerut,Dara,Wheat,330,2450,2470,2465
Uttar Pradesh,Meerut,Meerut,Dara,Wheat,330,2450,2490,2475
Uttar Pradesh,Meerut,Meerut,Dara,Wheat,330,2460,2500,2480
Uttar Pradesh,Meerut,Meerut,Dara,Wheat,330,2465,2495,2475
Uttar Pradesh,Meerut,Meerut,Dara,Wheat,335,2450,2475,2460
Uttar Pradesh,Meerut,Meerut,Dara,Wheat,340,2430,2480,2450
Uttar Pradesh,Meerut,Meerut,Dara,Wheat,350,2400,2435,2425
Uttar Pradesh,Meerut,Meerut,Dara,Wheat,360,2400,2430,2420
Uttar Pradesh,Meerut,Meerut,Dara,Wheat,400,2400,2425,2410
Uttar Pradesh,Meerut,Meerut,Dara,Wheat,400,2465,2485,2475
Uttar Pradesh,Meerut,Meerut,Dara,Wheat,410,2285,2315,2300
Uttar Pradesh,Meerut,Meerut,Dara,Wheat,450,2475,2500,2490
Uttar Pradesh,Meerut,Meerut,Dara,Wheat,500,2435,2460,2450
Uttar Pradesh,Meerut,Meerut,Dara,Wheat,600,2450,2490,2480
Uttar Pradesh,Muzaffarnagar,Khatauli,Dara,Wheat,0,2800,3200,3000
Uttar Pradesh,Muzaffarnagar,Khatauli,Dara,Wheat,0,2800,3500,3000
Uttar Pradesh,Muzaffarnagar,Khatauli,Dara,Wheat,0,2800,3500,3000
Uttar Pradesh,Muzaffarnagar,Khatauli,Dara,Wheat,0,2800,3500,3000
Uttar Pradesh,Muzaffarnagar,Khatauli,Dara,Wheat,0,2800,3500,3000
Uttar Pradesh,Muzaffarnagar,Khatauli,Dara,Wheat,0,2800,3500,3000
Uttar Pradesh,Muzaffarnagar,Khatauli,Dara,Wheat,0,2800,3500,3200
Uttar Pradesh,Muzaffarnagar,Khatauli,Dara,Wheat,0,2800,3500,3200
Uttar Pradesh,Muzaffarnagar,Khatauli,Dara,Wheat,0,2800,3500,3200
Uttar Pradesh,Muzaffarnagar,Khatauli,Dara,Wheat,0,2800,3500,3200
Uttar Pradesh,Muzaffarnagar,Khatauli,Dara,Wheat,0,2800,3500,3200
Uttar Pradesh,Muzaffarnagar,Khatauli,Dara,Wheat,0,2800,3500,3200
Uttar Pradesh,Muzaffarnagar,Khatauli,Dara,Wheat,0,2800,3500,3200
Uttar Pradesh,Muzaffarnagar,Muzzafarnagar,Dara,Wheat,8,2500,2750,2600
Uttar Pradesh,Muzaffarnagar,Muzzafarnagar,Dara,Wheat,18,2960,3030,2975
Uttar Pradesh,Muzaffarnagar,Muzzafarnagar,Dara,Wheat,10,2500,2600,2550
Uttar Pradesh,Muzaffarnagar,Muzzafarnagar,Dara,Wheat,10,2850,2900,2870
Uttar Pradesh,Muzaffarnagar,Muzzafarnagar,Dara,Wheat,10,2900,3000,2960
Uttar Pradesh,Muzaffarnagar,Muzzafarnagar,Dara,Wheat,10,2980,3050,3000
Uttar Pradesh,Muzaffarnagar,Muzzafarnagar,Dara,Wheat,11,2900,3000,2950
Uttar Pradesh,Muzaffarnagar,Muzzafarnagar,Dara,Wheat,11,2925,3000,2950
Uttar Pradesh,Muzaffarnagar,Muzzafarnagar,Dara,Wheat,11,2950,3050,3000
Uttar Pradesh,Muzaffarnagar,Muzzafarnagar,Dara,Wheat,11,2975,3050,3000
Uttar Pradesh,Muzaffarnagar,Muzzafarnagar,Dara,Wheat,12,2500,2800,2600
Uttar Pradesh,Muzaffarnagar,Muzzafarnagar,Dara,Wheat,12,2900,3000,2950
Uttar Pradesh,Muzaffarnagar,Muzzafarnagar,Dara,Wheat,12,2975,3050,3000
Uttar Pradesh,Muzaffarnagar,Muzzafarnagar,Dara,Wheat,13,2950,3040,2970
Uttar Pradesh,Muzaffarnagar,Muzzafarnagar,Dara,Wheat,13,2950,3050,3000
Uttar Pradesh,Muzaffarnagar,Muzzafarnagar,Dara,Wheat,15,2925,3000,2950
Uttar Pradesh,Muzaffarnagar,Muzzafarnagar,Dara,Wheat,20,2450,2550,2500
Uttar Pradesh,Muzaffarnagar,Muzzafarnagar,Dara,Wheat,25,2500,2800,2600
Uttar Pradesh,Muzaffarnagar,Muzzafarnagar,Dara,Wheat,18,2900,3050,2980
Uttar Pradesh,Muzaffarnagar,Muzzafarnagar,Dara,Wheat,29,2840,2900,2870
Uttar Pradesh,Muzaffarnagar,Muzzafarnagar,Dara,Wheat,30,2400,2500,2450
Uttar Pradesh,Muzaffarnagar,Muzzafarnagar,Dara,Wheat,30,2400,2520,2500
Uttar Pradesh,Muzaffarnagar,Muzzafarnagar,Dara,Wheat,30,2450,2560,2500
Uttar Pradesh,Muzaffarnagar,Muzzafarnagar,Dara,Wheat,30,2770,2850,2800
Uttar Pradesh,Muzaffarnagar,Muzzafarnagar,Dara,Wheat,31,2275,2400,2350
Uttar Pradesh,Muzaffarnagar,Muzzafarnagar,Dara,Wheat,40,2400,2500,2450
Uttar Pradesh,Muzaffarnagar,Muzzafarnagar,Dara,Wheat,40,2450,2550,2500
Uttar Pradesh,Muzaffarnagar,Muzzafarnagar,Dara,Wheat,50,2300,2450,2400
Uttar Pradesh,Muzaffarnagar,Muzzafarnagar,Dara,Wheat,50,2300,2450,2400
Uttar Pradesh,Muzaffarnagar,Muzzafarnagar,Dara,Wheat,50,2350,2450,2400
Uttar Pradesh,Muzaffarnagar,Muzzafarnagar,Dara,Wheat,50,2400,2520,2460
Uttar Pradesh,Muzaffarnagar,Muzzafarnagar,Dara,Wheat,50,2400,2520,2460
Uttar Pradesh,Muzaffarnagar,Muzzafarnagar,Dara,Wheat,50,2400,2520,2470
Uttar Pradesh,Muzaffarnagar,Muzzafarnagar,Dara,Wheat,50,2400,2530,2470
Uttar Pradesh,Muzaffarnagar,Muzzafarnagar,Dara,Wheat,50,2400,2530,2480
Uttar Pradesh,Muzaffarnagar,Muzzafarnagar,Dara,Wheat,50,2400,2550,2470
Uttar Pradesh,Muzaffarnagar,Muzzafarnagar,Dara,Wheat,50,2430,2550,2480
Uttar Pradesh,Muzaffarnagar,Muzzafarnagar,Dara,Wheat,50,2450,2550,2500
Uttar Pradesh,Muzaffarnagar,Muzzafarnagar,Dara,Wheat,50,2770,2850,2800
Uttar Pradesh,Muzaffarnagar,Muzzafarnagar,Dara,Wheat,50,2770,2850,2800
Uttar Pradesh,Muzaffarnagar,Muzzafarnagar,Dara,Wheat,50,2780,2860,2820
Uttar Pradesh,Muzaffarnagar,Muzzafarnagar,Dara,Wheat,50,2790,2860,2820
Uttar Pradesh,Muzaffarnagar,Muzzafarnagar,Dara,Wheat,50,2950,3050,3000
Uttar Pradesh,Muzaffarnagar,Muzzafarnagar,Dara,Wheat,50,2975,3050,3000
Uttar Pradesh,Muzaffarnagar,Muzzafarnagar,Dara,Wheat,60,2420,2525,2470
Uttar Pradesh,Muzaffarnagar,Muzzafarnagar,Dara,Wheat,60,2450,2550,2500
Uttar Pradesh,Muzaffarnagar,Muzzafarnagar,Dara,Wheat,60,2450,2600,2520
Uttar Pradesh,Muzaffarnagar,Muzzafarnagar,Dara,Wheat,60,2775,2860,2825
Uttar Pradesh,Muzaffarnagar,Muzzafarnagar,Dara,Wheat,60,2900,3050,2950
Uttar Pradesh,Muzaffarnagar,Muzzafarnagar,Dara,Wheat,65,2975,3050,3000
Uttar Pradesh,Muzaffarnagar,Muzzafarnagar,Dara,Wheat,70,2400,2550,2470
Uttar Pradesh,Muzaffarnagar,Muzzafarnagar,Dara,Wheat,70,2400,2550,2480
Uttar Pradesh,Muzaffarnagar,Muzzafarnagar,Dara,Wheat,70,2450,2550,2500
Uttar Pradesh,Muzaffarnagar,Muzzafarnagar,Dara,Wheat,70,2780,2860,2820
Uttar Pradesh,Muzaffarnagar,Muzzafarnagar,Dara,Wheat,70,2900,3050,2975
Uttar Pradesh,Muzaffarnagar,Muzzafarnagar,Dara,Wheat,70,2950,3050,3000
Uttar Pradesh,Muzaffarnagar,Muzzafarnagar,Dara,Wheat,70,2950,3050,3000
Uttar Pradesh,Muzaffarnagar,Muzzafarnagar,Dara,Wheat,70,2950,3050,3000
Uttar Pradesh,Muzaffarnagar,Muzzafarnagar,Dara,Wheat,75,2950,3050,3000
Uttar Pradesh,Muzaffarnagar,Muzzafarnagar,Dara,Wheat,80,2400,2550,2475
Uttar Pradesh,Muzaffarnagar,Muzzafarnagar,Dara,Wheat,80,2400,2550,2480
Uttar Pradesh,Muzaffarnagar,Muzzafarnagar,Dara,Wheat,80,2400,2550,2500
Uttar Pradesh,Muzaffarnagar,Muzzafarnagar,Dara,Wheat,80,2450,2550,2500
Uttar Pradesh,Muzaffarnagar,Muzzafarnagar,Dara,Wheat,80,2450,2600,2520
Uttar Pradesh,Muzaffarnagar,Muzzafarnagar,Dara,Wheat,80,2520,2630,2570
Uttar Pradesh,Muzaffarnagar,Muzzafarnagar,Dara,Wheat,80,2850,3000,2925
Uttar Pradesh,Muzaffarnagar,Muzzafarnagar,Dara,Wheat,80,2880,3000,2925
Uttar Pradesh,Muzaffarnagar,Muzzafarnagar,Dara,Wheat,80,2950,3050,2975
Uttar Pradesh,Muzaffarnagar,Muzzafarnagar,Dara,Wheat,80,2970,3050,3000
Uttar Pradesh,Muzaffarnagar,Muzzafarnagar,Dara,Wheat,90,2450,2560,2500
Uttar Pradesh,Muzaffarnagar,Muzzafarnagar,Dara,Wheat,90,2525,2650,2580
Uttar Pradesh,Muzaffarnagar,Muzzafarnagar,Dara,Wheat,90,2950,3050,3000
Uttar Pradesh,Muzaffarnagar,Muzzafarnagar,Dara,Wheat,100,2275,2350,2300
Uttar Pradesh,Muzaffarnagar,Muzzafarnagar,Dara,Wheat,100,2400,2550,2475
Uttar Pradesh,Muzaffarnagar,Muzzafarnagar,Dara,Wheat,100,2400,2550,2480
Uttar Pradesh,Muzaffarnagar,Muzzafarnagar,Dara,Wheat,100,2400,2550,2480
Uttar Pradesh,Muzaffarnagar,Muzzafarnagar,Dara,Wheat,100,2440,2550,2490
Uttar Pradesh,Muzaffarnagar,Muzzafarnagar,Dara,Wheat,100,2450,2550,2500
Uttar Pradesh,Muzaffarnagar,Muzzafarnagar,Dara,Wheat,100,2450,2600,2500
Uttar Pradesh,Muzaffarnagar,Muzzafarnagar,Dara,Wheat,120,2275,2400,2350
Uttar Pradesh,Muzaffarnagar,Muzzafarnagar,Dara,Wheat,120,2275,2450,2400
Uttar Pradesh,Muzaffarnagar,Muzzafarnagar,Dara,Wheat,120,2450,2550,2500
Uttar Pradesh,Muzaffarnagar,Muzzafarnagar,Dara,Wheat,120,2500,2800,2600
Uttar Pradesh,Muzaffarnagar,Muzzafarnagar,Dara,Wheat,120,2550,2620,2585
Uttar Pradesh,Muzaffarnagar,Muzzafarnagar,Dara,Wheat,120,2550,2650,2600
Uttar Pradesh,Muzaffarnagar,Muzzafarnagar,Dara,Wheat,120,2550,2650,2600
Uttar Pradesh,Muzaffarnagar,Muzzafarnagar,Dara,Wheat,120,2675,2750,2700
Uttar Pradesh,Muzaffarnagar,Muzzafarnagar,Dara,Wheat,120,2900,3000,2950
Uttar Pradesh,Muzaffarnagar,Muzzafarnagar,Dara,Wheat,130,2675,2750,2700
Uttar Pradesh,Muzaffarnagar,Muzzafarnagar,Dara,Wheat,130,2675,2750,2720
Uttar Pradesh,Muzaffarnagar,Muzzafarnagar,Dara,Wheat,130,2675,2750,2720
Uttar Pradesh,Muzaffarnagar,Muzzafarnagar,Dara,Wheat,130,2675,2750,2720
Uttar Pradesh,Muzaffarnagar,Muzzafarnagar,Dara,Wheat,140,2675,2750,2700
Uttar Pradesh,Muzaffarnagar,Muzzafarnagar,Dara,Wheat,140,2770,2860,2820
Uttar Pradesh,Muzaffarnagar,Muzzafarnagar,Dara,Wheat,145,2800,2850,2820
Uttar Pradesh,Muzaffarnagar,Muzzafarnagar,Dara,Wheat,150,2275,2370,2350
Uttar Pradesh,Muzaffarnagar,Muzzafarnagar,Dara,Wheat,150,2275,2400,2350
Uttar Pradesh,Muzaffarnagar,Muzzafarnagar,Dara,Wheat,150,2275,2400,2350
Uttar Pradesh,Muzaffarnagar,Muzzafarnagar,Dara,Wheat,150,2275,2420,2370
Uttar Pradesh,Muzaffarnagar,Muzzafarnagar,Dara,Wheat,150,2275,2425,2360
Uttar Pradesh,Muzaffarnagar,Muzzafarnagar,Dara,Wheat,150,2275,2450,2380
Uttar Pradesh,Muzaffarnagar,Muzzafarnagar,Dara,Wheat,150,2300,2400,2350
Uttar Pradesh,Muzaffarnagar,Muzzafarnagar,Dara,Wheat,150,2400,2560,2500
Uttar Pradesh,Muzaffarnagar,Muzzafarnagar,Dara,Wheat,150,2450,2550,2500
Uttar Pradesh,Muzaffarnagar,Muzzafarnagar,Dara,Wheat,150,2670,2750,2720
Uttar Pradesh,Muzaffarnagar,Muzzafarnagar,Dara,Wheat,150,2675,2750,2700
Uttar Pradesh,Muzaffarnagar,Muzzafarnagar,Dara,Wheat,150,2770,2850,2820
Uttar Pradesh,Muzaffarnagar,Muzzafarnagar,Dara,Wheat,150,2780,2860,2820
Uttar Pradesh,Muzaffarnagar,Muzzafarnagar,Dara,Wheat,150,2800,2850,2820
Uttar Pradesh,Muzaffarnagar,Muzzafarnagar,Dara,Wheat,150,2800,2850,2820
Uttar Pradesh,Muzaffarnagar,Muzzafarnagar,Dara,Wheat,150,2900,3030,2970
Uttar Pradesh,Muzaffarnagar,Muzzafarnagar,Dara,Wheat,160,2275,2350,2330
Uttar Pradesh,Muzaffarnagar,Muzzafarnagar,Dara,Wheat,160,2275,2400,2365
Uttar Pradesh,Muzaffarnagar,Muzzafarnagar,Dara,Wheat,170,2275,2400,2350
Uttar Pradesh,Muzaffarnagar,Muzzafarnagar,Dara,Wheat,170,2670,2750,2700
Uttar Pradesh,Muzaffarnagar,Muzzafarnagar,Dara,Wheat,170,2675,2750,2700
Uttar Pradesh,Muzaffarnagar,Muzzafarnagar,Dara,Wheat,180,2270,2400,2350
Uttar Pradesh,Muzaffarnagar,Muzzafarnagar,Dara,Wheat,180,2650,2750,2700
Uttar Pradesh,Muzaffarnagar,Muzzafarnagar,Dara,Wheat,180,2670,2750,2700
Uttar Pradesh,Muzaffarnagar,Muzzafarnagar,Dara,Wheat,200,2275,2350,2300
Uttar Pradesh,Muzaffarnagar,Muzzafarnagar,Dara,Wheat,200,2275,2400,2350
Uttar Pradesh,Muzaffarnagar,Muzzafarnagar,Dara,Wheat,200,2275,2400,2360
Uttar Pradesh,Muzaffarnagar,Muzzafarnagar,Dara,Wheat,200,2275,2450,2370
Uttar Pradesh,Muzaffarnagar,Muzzafarnagar,Dara,Wheat,200,2300,2400,2350
Uttar Pradesh,Muzaffarnagar,Muzzafarnagar,Dara,Wheat,200,2450,2575,2500
Uttar Pradesh,Muzaffarnagar,Muzzafarnagar,Dara,Wheat,200,2470,2600,2530
Uttar Pradesh,Muzaffarnagar,Muzzafarnagar,Dara,Wheat,200,2500,2620,2570
Uttar Pradesh,Muzaffarnagar,Muzzafarnagar,Dara,Wheat,200,2800,2870,2825
Uttar Pradesh,Muzaffarnagar,Muzzafarnagar,Dara,Wheat,210,2275,2370,2350
Uttar Pradesh,Muzaffarnagar,Muzzafarnagar,Dara,Wheat,210,2275,2400,2350
Uttar Pradesh,Muzaffarnagar,Muzzafarnagar,Dara,Wheat,210,2275,2400,2360
Uttar Pradesh,Muzaffarnagar,Muzzafarnagar,Dara,Wheat,210,2275,2400,2360
Uttar Pradesh,Muzaffarnagar,Muzzafarnagar,Dara,Wheat,210,2275,2450,2370
Uttar Pradesh,Muzaffarnagar,Muzzafarnagar,Dara,Wheat,210,2450,2560,2500
Uttar Pradesh,Muzaffarnagar,Muzzafarnagar,Dara,Wheat,210,2670,2750,2700
Uttar Pradesh,Muzaffarnagar,Muzzafarnagar,Dara,Wheat,210,2675,2750,2700
Uttar Pradesh,Muzaffarnagar,Muzzafarnagar,Dara,Wheat,220,2275,2350,2300
Uttar Pradesh,Muzaffarnagar,Muzzafarnagar,Dara,Wheat,220,2275,2360,2350
Uttar Pradesh,Muzaffarnagar,Muzzafarnagar,Dara,Wheat,220,2275,2400,2350
Uttar Pradesh,Muzaffarnagar,Muzzafarnagar,Dara,Wheat,220,2275,2420,2360
Uttar Pradesh,Muzaffarnagar,Muzzafarnagar,Dara,Wheat,220,2400,2550,2480
Uttar Pradesh,Muzaffarnagar,Muzzafarnagar,Dara,Wheat,220,2400,2550,2500
Uttar Pradesh,Muzaffarnagar,Muzzafarnagar,Dara,Wheat,220,2450,2550,2500
Uttar Pradesh,Muzaffarnagar,Muzzafarnagar,Dara,Wheat,220,2450,2560,2500
Uttar Pradesh,Muzaffarnagar,Muzzafarnagar,Dara,Wheat,220,2450,2600,2500
Uttar Pradesh,Muzaffarnagar,Muzzafarnagar,Dara,Wheat,220,2500,2700,2600
Uttar Pradesh,Muzaffarnagar,Muzzafarnagar,Dara,Wheat,220,2670,2750,2700
Uttar Pradesh,Muzaffarnagar,Muzzafarnagar,Dara,Wheat,220,2675,2750,2700
Uttar Pradesh,Muzaffarnagar,Muzzafarnagar,Dara,Wheat,220,2770,2850,2800
Uttar Pradesh,Muzaffarnagar,Muzzafarnagar,Dara,Wheat,220,2800,2975,2900
Uttar Pradesh,Muzaffarnagar,Muzzafarnagar,Dara,Wheat,230,2275,2400,2325
Uttar Pradesh,Muzaffarnagar,Muzzafarnagar,Dara,Wheat,230,2800,2970,2900
Uttar Pradesh,Muzaffarnagar,Muzzafarnagar,Dara,Wheat,240,2275,2350,2300
Uttar Pradesh,Muzaffarnagar,Muzzafarnagar,Dara,Wheat,240,2275,2360,2350
Uttar Pradesh,Muzaffarnagar,Muzzafarnagar,Dara,Wheat,250,2275,2330,2300
Uttar Pradesh,Muzaffarnagar,Muzzafarnagar,Dara,Wheat,250,2275,2350,2300
Uttar Pradesh,Muzaffarnagar,Muzzafarnagar,Dara,Wheat,250,2275,2350,2300
Uttar Pradesh,Muzaffarnagar,Muzzafarnagar,Dara,Wheat,250,2275,2350,2300
Uttar Pradesh,Muzaffarnagar,Muzzafarnagar,Dara,Wheat,250,2275,2350,2300
Uttar Pradesh,Muzaffarnagar,Muzzafarnagar,Dara,Wheat,250,2275,2360,2320
Uttar Pradesh,Muzaffarnagar,Muzzafarnagar,Dara,Wheat,250,2275,2400,2350
Uttar Pradesh,Muzaffarnagar,Muzzafarnagar,Dara,Wheat,250,2400,2550,2470
Uttar Pradesh,Muzaffarnagar,Muzzafarnagar,Dara,Wheat,250,2800,2870,2825
Uttar Pradesh,Muzaffarnagar,Muzzafarnagar,Dara,Wheat,250,2800,2970,2900
Uttar Pradesh,Muzaffarnagar,Muzzafarnagar,Dara,Wheat,260,2275,2360,2300
Uttar Pradesh,Muzaffarnagar,Muzzafarnagar,Dara,Wheat,260,2500,2600,2560
Uttar Pradesh,Muzaffarnagar,Muzzafarnagar,Dara,Wheat,260,2800,2970,2900
Uttar Pradesh,Muzaffarnagar,Muzzafarnagar,Dara,Wheat,270,2400,2550,2500
Uttar Pradesh,Muzaffarnagar,Muzzafarnagar,Dara,Wheat,270,2500,2600,2550
Uttar Pradesh,Muzaffarnagar,Muzzafarnagar,Dara,Wheat,280,2275,2320,2300
Uttar Pradesh,Muzaffarnagar,Muzzafarnagar,Dara,Wheat,280,2300,2400,2350
Uttar Pradesh,Muzaffarnagar,Muzzafarnagar,Dara,Wheat,280,2400,2550,2480
Uttar Pradesh,Muzaffarnagar,Muzzafarnagar,Dara,Wheat,280,2500,2600,2560
Uttar Pradesh,Muzaffarnagar,Muzzafarnagar,Dara,Wheat,280,2500,2620,2565
Uttar Pradesh,Muzaffarnagar,Muzzafarnagar,Dara,Wheat,300,2275,2350,2300
Uttar Pradesh,Muzaffarnagar,Muzzafarnagar,Dara,Wheat,300,2275,2350,2300
Uttar Pradesh,Muzaffarnagar,Muzzafarnagar,Dara,Wheat,300,2400,2550,2470
Uttar Pradesh,Muzaffarnagar,Muzzafarnagar,Dara,Wheat,300,2400,2550,2480
Uttar Pradesh,Muzaffarnagar,Muzzafarnagar,Dara,Wheat,310,2400,2550,2460
Uttar Pradesh,Muzaffarnagar,Muzzafarnagar,Dara,Wheat,320,2275,2350,2300
Uttar Pradesh,Muzaffarnagar,Muzzafarnagar,Dara,Wheat,320,2275,2350,2300
Uttar Pradesh,Muzaffarnagar,Muzzafarnagar,Dara,Wheat,320,2275,2370,2300
Uttar Pradesh,Muzaffarnagar,Muzzafarnagar,Dara,Wheat,320,2350,2550,2460
Uttar Pradesh,Muzaffarnagar,Muzzafarnagar,Dara,Wheat,320,2400,2550,2460
Uttar Pradesh,Muzaffarnagar,Muzzafarnagar,Dara,Wheat,320,2430,2550,2500
Uttar Pradesh,Muzaffarnagar,Muzzafarnagar,Dara,Wheat,320,2780,2850,2820
Uttar Pradesh,Muzaffarnagar,Muzzafarnagar,Dara,Wheat,320,2800,2850,2820
Uttar Pradesh,Muzaffarnagar,Muzzafarnagar,Dara,Wheat,340,2400,2550,2450
Uttar Pradesh,Muzaffarnagar,Muzzafarnagar,Dara,Wheat,350,2275,2360,2300
Uttar Pradesh,Muzaffarnagar,Muzzafarnagar,Dara,Wheat,350,2275,2370,2320
Uttar Pradesh,Muzaffarnagar,Muzzafarnagar,Dara,Wheat,350,2275,2375,2350
Uttar Pradesh,Muzaffarnagar,Muzzafarnagar,Dara,Wheat,350,2400,2500,2450
Uttar Pradesh,Muzaffarnagar,Muzzafarnagar,Dara,Wheat,350,2400,2550,2450
Uttar Pradesh,Muzaffarnagar,Muzzafarnagar,Dara,Wheat,350,2700,2770,2720
Uttar Pradesh,Muzaffarnagar,Muzzafarnagar,Dara,Wheat,350,2750,2850,2800
Uttar Pradesh,Muzaffarnagar,Muzzafarnagar,Dara,Wheat,350,2800,2850,2820
Uttar Pradesh,Muzaffarnagar,Muzzafarnagar,Dara,Wheat,350,2850,3000,2950
Uttar Pradesh,Muzaffarnagar,Muzzafarnagar,Dara,Wheat,360,2400,2550,2450
Uttar Pradesh,Muzaffarnagar,Muzzafarnagar,Dara,Wheat,360,2500,2600,2550
Uttar Pradesh,Muzaffarnagar,Muzzafarnagar,Dara,Wheat,360,2500,2660,2600
Uttar Pradesh,Muzaffarnagar,Muzzafarnagar,Dara,Wheat,360,2800,2970,2900
Uttar Pradesh,Muzaffarnagar,Muzzafarnagar,Dara,Wheat,370,2540,2620,2570
Uttar Pradesh,Muzaffarnagar,Muzzafarnagar,Dara,Wheat,375,2500,2600,2550
Uttar Pradesh,Muzaffarnagar,Muzzafarnagar,Dara,Wheat,380,2275,2370,2350
Uttar Pradesh,Muzaffarnagar,Muzzafarnagar,Dara,Wheat,385,2500,2600,2550
Uttar Pradesh,Muzaffarnagar,Muzzafarnagar,Dara,Wheat,390,2420,2550,2480
Uttar Pradesh,Muzaffarnagar,Muzzafarnagar,Dara,Wheat,400,2275,2350,2350
Uttar Pradesh,Muzaffarnagar,Muzzafarnagar,Dara,Wheat,400,2400,2550,2490
Uttar Pradesh,Muzaffarnagar,Muzzafarnagar,Dara,Wheat,400,2400,2550,2500
Uttar Pradesh,Muzaffarnagar,Muzzafarnagar,Dara,Wheat,400,2780,2870,2825
Uttar Pradesh,Muzaffarnagar,Muzzafarnagar,Dara,Wheat,410,2450,2600,2500
Uttar Pradesh,Muzaffarnagar,Muzzafarnagar,Dara,Wheat,410,2650,2730,2700
Uttar Pradesh,Muzaffarnagar,Muzzafarnagar,Dara,Wheat,410,2675,2750,2700
Uttar Pradesh,Muzaffarnagar,Muzzafarnagar,Dara,Wheat,420,2275,2360,2350
Uttar Pradesh,Muzaffarnagar,Muzzafarnagar,Dara,Wheat,420,2275,2370,2350
Uttar Pradesh,Muzaffarnagar,Muzzafarnagar,Dara,Wheat,420,2500,2600,2550
Uttar Pradesh,Muzaffarnagar,Muzzafarnagar,Dara,Wheat,420,2670,2750,2720
Uttar Pradesh,Muzaffarnagar,Muzzafarnagar,Dara,Wheat,420,2700,2770,2720
Uttar Pradesh,Muzaffarnagar,Muzzafarnagar,Dara,Wheat,420,2740,2800,2750
Uttar Pradesh,Muzaffarnagar,Muzzafarnagar,Dara,Wheat,420,2770,2860,2820
Uttar Pradesh,Muzaffarnagar,Muzzafarnagar,Dara,Wheat,440,2500,2600,2545
Uttar Pradesh,Muzaffarnagar,Muzzafarnagar,Dara,Wheat,450,2400,2550,2480
Uttar Pradesh,Muzaffarnagar,Muzzafarnagar,Dara,Wheat,450,2400,2550,2480
Uttar Pradesh,Muzaffarnagar,Muzzafarnagar,Dara,Wheat,450,2425,2550,2480
Uttar Pradesh,Muzaffarnagar,Muzzafarnagar,Dara,Wheat,450,2430,2550,2480
Uttar Pradesh,Muzaffarnagar,Muzzafarnagar,Dara,Wheat,450,2450,2600,2500
Uttar Pradesh,Muzaffarnagar,Muzzafarnagar,Dara,Wheat,460,2500,2600,2550
Uttar Pradesh,Muzaffarnagar,Muzzafarnagar,Dara,Wheat,480,2275,2460,2400
Uttar Pradesh,Muzaffarnagar,Muzzafarnagar,Dara,Wheat,480,2500,2600,2545
Uttar Pradesh,Muzaffarnagar,Muzzafarnagar,Dara,Wheat,480,2750,2850,2800
Uttar Pradesh,Muzaffarnagar,Muzzafarnagar,Dara,Wheat,480,2770,2850,2800
Uttar Pradesh,Muzaffarnagar,Muzzafarnagar,Dara,Wheat,480,2770,2850,2800
Uttar Pradesh,Muzaffarnagar,Muzzafarnagar,Dara,Wheat,490,2275,2450,2400
Uttar Pradesh,Muzaffarnagar,Muzzafarnagar,Dara,Wheat,490,2750,2850,2790
Uttar Pradesh,Muzaffarnagar,Muzzafarnagar,Dara,Wheat,490,2770,2825,2800
Uttar Pradesh,Muzaffarnagar,Muzzafarnagar,Dara,Wheat,500,2420,2550,2475
Uttar Pradesh,Muzaffarnagar,Muzzafarnagar,Dara,Wheat,500,2450,2600,2500
Uttar Pradesh,Muzaffarnagar,Muzzafarnagar,Dara,Wheat,500,2500,2600,2540
Uttar Pradesh,Muzaffarnagar,Muzzafarnagar,Dara,Wheat,500,2755,2850,2790
Uttar Pradesh,Muzaffarnagar,Muzzafarnagar,Dara,Wheat,500,2770,2850,2800
Uttar Pradesh,Muzaffarnagar,Muzzafarnagar,Dara,Wheat,500,2770,2850,2820
Uttar Pradesh,Muzaffarnagar,Muzzafarnagar,Dara,Wheat,500,2800,2870,2825
Uttar Pradesh,Muzaffarnagar,Muzzafarnagar,Dara,Wheat,520,2400,2540,2470
Uttar Pradesh,Muzaffarnagar,Muzzafarnagar,Dara,Wheat,520,2400,2550,2475
Uttar Pradesh,Muzaffarnagar,Muzzafarnagar,Dara,Wheat,520,2450,2600,2530
Uttar Pradesh,Muzaffarnagar,Muzzafarnagar,Dara,Wheat,520,2500,2600,2530
Uttar Pradesh,Muzaffarnagar,Muzzafarnagar,Dara,Wheat,520,2770,2850,2800
Uttar Pradesh,Muzaffarnagar,Muzzafarnagar,Dara,Wheat,520,2775,2850,2800
Uttar Pradesh,Muzaffarnagar,Muzzafarnagar,Dara,Wheat,520,2800,2860,2825
Uttar Pradesh,Muzaffarnagar,Muzzafarnagar,Dara,Wheat,530,2400,2550,2480
Uttar Pradesh,Muzaffarnagar,Muzzafarnagar,Dara,Wheat,530,2420,2575,2500
Uttar Pradesh,Muzaffarnagar,Muzzafarnagar,Dara,Wheat,530,2450,2560,2500
Uttar Pradesh,Muzaffarnagar,Muzzafarnagar,Dara,Wheat,530,2450,2600,2520
Uttar Pradesh,Muzaffarnagar,Muzzafarnagar,Dara,Wheat,530,2770,2850,2800
Uttar Pradesh,Muzaffarnagar,Muzzafarnagar,Dara,Wheat,530,2770,2850,2800
Uttar Pradesh,Muzaffarnagar,Muzzafarnagar,Dara,Wheat,530,2800,2850,2825
Uttar Pradesh,Muzaffarnagar,Muzzafarnagar,Dara,Wheat,540,2275,2400,2325
Uttar Pradesh,Muzaffarnagar,Muzzafarnagar,Dara,Wheat,540,2420,2550,2470
Uttar Pradesh,Muzaffarnagar,Muzzafarnagar,Dara,Wheat,540,2440,2570,2500
Uttar Pradesh,Muzaffarnagar,Muzzafarnagar,Dara,Wheat,540,2820,2900,2865
Uttar Pradesh,Muzaffarnagar,Muzzafarnagar,Dara,Wheat,550,2275,2400,2300
Uttar Pradesh,Muzaffarnagar,Muzzafarnagar,Dara,Wheat,550,2400,2550,2470
Uttar Pradesh,Muzaffarnagar,Muzzafarnagar,Dara,Wheat,550,2420,2550,2480
Uttar Pradesh,Muzaffarnagar,Muzzafarnagar,Dara,Wheat,550,2425,2550,2480
Uttar Pradesh,Muzaffarnagar,Muzzafarnagar,Dara,Wheat,550,2430,2550,2500
Uttar Pradesh,Muzaffarnagar,Muzzafarnagar,Dara,Wheat,550,2440,2550,2490
Uttar Pradesh,Muzaffarnagar,Muzzafarnagar,Dara,Wheat,550,2770,2850,2800
Uttar Pradesh,Muzaffarnagar,Muzzafarnagar,Dara,Wheat,550,2770,2850,2800
Uttar Pradesh,Muzaffarnagar,Muzzafarnagar,Dara,Wheat,550,2770,2850,2800
Uttar Pradesh,Muzaffarnagar,Muzzafarnagar,Dara,Wheat,550,2770,2850,2810
Uttar Pradesh,Muzaffarnagar,Muzzafarnagar,Dara,Wheat,550,2770,2875,2820
Uttar Pradesh,Muzaffarnagar,Muzzafarnagar,Dara,Wheat,550,2800,2900,2845
Uttar Pradesh,Muzaffarnagar,Muzzafarnagar,Dara,Wheat,550,2820,2900,2850
Uttar Pradesh,Muzaffarnagar,Muzzafarnagar,Dara,Wheat,560,2275,2350,2300
Uttar Pradesh,Muzaffarnagar,Muzzafarnagar,Dara,Wheat,560,2400,2550,2500
Uttar Pradesh,Muzaffarnagar,Muzzafarnagar,Dara,Wheat,560,2675,2750,2700
Uttar Pradesh,Muzaffarnagar,Muzzafarnagar,Dara,Wheat,560,2750,2850,2800
Uttar Pradesh,Muzaffarnagar,Muzzafarnagar,Dara,Wheat,560,2770,2850,2800
Uttar Pradesh,Muzaffarnagar,Muzzafarnagar,Dara,Wheat,570,2820,2900,2850
Uttar Pradesh,Muzaffarnagar,Muzzafarnagar,Dara,Wheat,575,2820,2900,2850
Uttar Pradesh,Muzaffarnagar,Muzzafarnagar,Dara,Wheat,575,2825,2900,2850
Uttar Pradesh,Muzaffarnagar,Muzzafarnagar,Dara,Wheat,580,2400,2550,2475
Uttar Pradesh,Muzaffarnagar,Muzzafarnagar,Dara,Wheat,580,2400,2550,2480
Uttar Pradesh,Muzaffarnagar,Muzzafarnagar,Dara,Wheat,580,2670,2730,2700
Uttar Pradesh,Muzaffarnagar,Muzzafarnagar,Dara,Wheat,580,2675,2730,2700
Uttar Pradesh,Muzaffarnagar,Muzzafarnagar,Dara,Wheat,580,2770,2850,2800
Uttar Pradesh,Muzaffarnagar,Muzzafarnagar,Dara,Wheat,580,2800,2900,2850
Uttar Pradesh,Muzaffarnagar,Muzzafarnagar,Dara,Wheat,580,2800,2900,2860
Uttar Pradesh,Muzaffarnagar,Muzzafarnagar,Dara,Wheat,580,2830,2900,2850
Uttar Pradesh,Muzaffarnagar,Muzzafarnagar,Dara,Wheat,600,2660,2730,2700
Uttar Pradesh,Muzaffarnagar,Muzzafarnagar,Dara,Wheat,610,2800,2900,2850
Uttar Pradesh,Muzaffarnagar,Muzzafarnagar,Dara,Wheat,620,2400,2550,2480
Uttar Pradesh,Muzaffarnagar,Muzzafarnagar,Dara,Wheat,630,2770,2850,2820
Uttar Pradesh,Muzaffarnagar,Muzzafarnagar,Dara,Wheat,700,2650,2720,2700
Uttar Pradesh,Muzaffarnagar,Muzzafarnagar,Dara,Wheat,700,2950,3050,3000
Uttar Pradesh,Muzaffarnagar,Muzzafarnagar,Dara,Wheat,730,2780,2850,2800
Uttar Pradesh,Muzaffarnagar,Muzzafarnagar,Dara,Wheat,780,2275,2450,2400
Uttar Pradesh,Muzaffarnagar,Muzzafarnagar,Dara,Wheat,780,2400,2500,2430
Uttar Pradesh,Muzaffarnagar,Muzzafarnagar,Dara,Wheat,800,2275,2450,2400
Uttar Pradesh,Muzaffarnagar,Muzzafarnagar,Dara,Wheat,1000,2400,2550,2480
Uttar Pradesh,Muzaffarnagar,Shahpur,Dara,Wheat,0,2440,2500,2460
Uttar Pradesh,Muzaffarnagar,Shahpur,Dara,Wheat,0,2300,2345,2320
Uttar Pradesh,Muzaffarnagar,Shahpur,Dara,Wheat,1,2290,2340,2320
Uttar Pradesh,Muzaffarnagar,Shahpur,Dara,Wheat,1,2300,2340,2310
Uttar Pradesh,Muzaffarnagar,Shahpur,Dara,Wheat,1,2370,2415,2400
Uttar Pradesh,Muzaffarnagar,Shahpur,Dara,Wheat,1,2300,2350,2330
Uttar Pradesh,Muzaffarnagar,Shahpur,Dara,Wheat,1,2300,2340,2315
Uttar Pradesh,Muzaffarnagar,Shahpur,Dara,Wheat,1,2300,2345,2325
Uttar Pradesh,Muzaffarnagar,Shahpur,Dara,Wheat,1,2340,2420,2385
Uttar Pradesh,Muzaffarnagar,Shahpur,Dara,Wheat,1,2310,2350,2330
Uttar Pradesh,Muzaffarnagar,Shahpur,Dara,Wheat,1,2350,2450,2400
Uttar Pradesh,Muzaffarnagar,Shahpur,Dara,Wheat,1,2295,2340,2310
Uttar Pradesh,Muzaffarnagar,Shahpur,Dara,Wheat,1,2295,2340,2310
Uttar Pradesh,Muzaffarnagar,Shahpur,Dara,Wheat,1,2295,2340,2300
Uttar Pradesh,Muzaffarnagar,Shahpur,Dara,Wheat,1,2300,2330,2315
Uttar Pradesh,Muzaffarnagar,Shahpur,Dara,Wheat,1,2300,2345,2320
Uttar Pradesh,Muzaffarnagar,Shahpur,Dara,Wheat,2,2300,2345,2320
Uttar Pradesh,Muzaffarnagar,Shahpur,Dara,Wheat,2,2310,2335,2320
Uttar Pradesh,Muzaffarnagar,Shahpur,Dara,Wheat,2,2300,2345,2330
Uttar Pradesh,Muzaffarnagar,Shahpur,Dara,Wheat,2,2300,2355,2340
Uttar Pradesh,Muzaffarnagar,Shahpur,Dara,Wheat,2,2290,2400,2340
Uttar Pradesh,Muzaffarnagar,Shahpur,Dara,Wheat,2,2295,2315,2305
Uttar Pradesh,Muzaffarnagar,Shahpur,Dara,Wheat,2,2310,2350,2320
Uttar Pradesh,Muzaffarnagar,Shahpur,Dara,Wheat,2,2415,2470,2455
Uttar Pradesh,Muzaffarnagar,Shahpur,Dara,Wheat,2,2300,2345,2320
Uttar Pradesh,Muzaffarnagar,Shahpur,Dara,Wheat,2,2300,2400,2320
Uttar Pradesh,Muzaffarnagar,Shahpur,Dara,Wheat,2,2300,2340,2315
Uttar Pradesh,Muzaffarnagar,Shahpur,Dara,Wheat,2,2300,2355,2330
Uttar Pradesh,Muzaffarnagar,Shahpur,Dara,Wheat,2,2300,2345,2320
Uttar Pradesh,Muzaffarnagar,Shahpur,Dara,Wheat,2,2295,2330,2300
Uttar Pradesh,Muzaffarnagar,Shahpur,Dara,Wheat,3,2300,2345,2315
Uttar Pradesh,Muzaffarnagar,Shahpur,Dara,Wheat,3,2295,2325,2300
Uttar Pradesh,Muzaffarnagar,Shahpur,Dara,Wheat,3,2415,2480,2455
Uttar Pradesh,Muzaffarnagar,Shahpur,Dara,Wheat,3,2290,2320,2300
Uttar Pradesh,Muzaffarnagar,Shahpur,Dara,Wheat,3,2290,2400,2340
Uttar Pradesh,Muzaffarnagar,Shahpur,Dara,Wheat,3,2295,2325,2300
Uttar Pradesh,Muzaffarnagar,Shahpur,Dara,Wheat,3,2300,2340,2325
Uttar Pradesh,Muzaffarnagar,Shahpur,Dara,Wheat,4,2380,2455,2415
Uttar Pradesh,Muzaffarnagar,Shahpur,Dara,Wheat,4,2380,2425,2400
Uttar Pradesh,Muzaffarnagar,Shahpur,Dara,Wheat,4,2410,2465,2450
Uttar Pradesh,Muzaffarnagar,Shahpur,Dara,Wheat,4,2295,2345,2310
Uttar Pradesh,Muzaffarnagar,Shahpur,Dara,Wheat,4,2300,2340,2320
Uttar Pradesh,Muzaffarnagar,Shahpur,Dara,Wheat,4,2380,2450,2410
Uttar Pradesh,Muzaffarnagar,Shahpur,Dara,Wheat,4,2290,2350,2320
Uttar Pradesh,Muzaffarnagar,Shahpur,Dara,Wheat,5,2290,2340,2300
Uttar Pradesh,Muzaffarnagar,Shahpur,Dara,Wheat,5,2300,2335,2310
Uttar Pradesh,Muzaffarnagar,Shahpur,Dara,Wheat,5,2300,2340,2315
Uttar Pradesh,Muzaffarnagar,Shahpur,Dara,Wheat,5,2300,2350,2325
Uttar Pradesh,Muzaffarnagar,Shahpur,Dara,Wheat,5,2380,2415,2400
Uttar Pradesh,Muzaffarnagar,Shahpur,Dara,Wheat,5,2410,2450,2420
Uttar Pradesh,Muzaffarnagar,Shahpur,Dara,Wheat,5,2300,2355,2325
Uttar Pradesh,Muzaffarnagar,Shahpur,Dara,Wheat,6,2300,2350,2320
Uttar Pradesh,Muzaffarnagar,Shahpur,Dara,Wheat,7,2290,2340,2300
Uttar Pradesh,Muzaffarnagar,Shahpur,Dara,Wheat,7,2290,2340,2310
Uttar Pradesh,Muzaffarnagar,Shahpur,Dara,Wheat,8,2380,2450,2410
Uttar Pradesh,Muzaffarnagar,Shahpur,Dara,Wheat,8,2400,2480,2425
Uttar Pradesh,Muzaffarnagar,Shahpur,Dara,Wheat,9,2295,2345,2310
Uttar Pradesh,Muzaffarnagar,Shahpur,Dara,Wheat,9,2300,2335,2315
Uttar Pradesh,Muzaffarnagar,Shahpur,Dara,Wheat,10,2300,2345,2320
Uttar Pradesh,Muzaffarnagar,Shahpur,Dara,Wheat,10,2290,2340,2300
Uttar Pradesh,Muzaffarnagar,Shahpur,Dara,Wheat,12,2290,2340,2300
Uttar Pradesh,Muzaffarnagar,Shahpur,Dara,Wheat,12,2295,2335,2310
Uttar Pradesh,Muzaffarnagar,Shahpur,Dara,Wheat,12,2295,2345,2310
Uttar Pradesh,Muzaffarnagar,Shahpur,Dara,Wheat,14,2295,2330,2305
Uttar Pradesh,Muzaffarnagar,Shahpur,Dara,Wheat,15,2300,2350,2320
Uttar Pradesh,Muzaffarnagar,Shahpur,Dara,Wheat,15,2305,2345,2320
Uttar Pradesh,Muzaffarnagar,Shahpur,Dara,Wheat,15,2290,2335,2305
Uttar Pradesh,Muzaffarnagar,Shahpur,Dara,Wheat,22,2295,2345,2310
Uttar Pradesh,Muzaffarnagar,Shahpur,Dara,Wheat,23,2290,2340,2305
Uttar Pradesh,Muzaffarnagar,Shahpur,Dara,Wheat,25,2290,2315,2300
Uttar Pradesh,Muzaffarnagar,Shahpur,Dara,Wheat,32,2340,2410,2370
